date,OP,CP,HP,LP,DF,RD,TV,TC,TO
2007-07-02,16.5,16.5,16.5,16.0,1.05,1,2810631,823,46259409
2007-07-03,17.65,17.65,17.65,17.0,1.15,1,753724,263,13276921
2007-07-04,18.85,16.75,18.85,16.6,-0.9,-1,3311091,1167,58416835
2007-07-05,16.2,16.25,17.0,16.1,-0.5,-1,1214675,506,20104965
2007-07-06,16.5,17.35,17.35,16.3,1.1,1,993632,406,16875958
2007-07-09,18.55,18.4,18.55,17.5,1.05,1,2173630,797,39623468
2007-07-10,18.45,18.0,18.45,17.3,-0.4,-1,909223,386,16275656
2007-07-11,17.3,17.3,18.2,17.3,-0.7,-1,1066924,393,18729441
2007-07-12,17.3,17.0,17.9,17.0,-0.3,-1,948756,392,16488802
2007-07-13,17.0,16.5,17.6,16.5,-0.5,-1,889691,324,14901829
2007-07-16,16.5,16.8,17.65,16.1,0.3,1,1037543,407,17714784
2007-07-17,16.5,16.85,17.6,16.4,0.05,1,433594,209,7357857
2007-07-18,17.3,16.8,17.3,16.6,-0.05,-1,506784,192,8572286
2007-07-19,16.9,16.5,17.3,16.3,-0.3,-1,438489,206,7341218
2007-07-20,16.9,16.0,16.9,15.75,-0.5,-1,892570,321,14441718
2007-07-23,16.0,15.95,16.3,15.8,-0.05,-1,665000,198,10581950
2007-07-24,16.0,17.05,17.05,15.75,1.1,1,1240173,365,20889643
2007-07-25,17.4,16.2,17.9,16.2,-0.85,-1,1162270,430,19817543
2007-07-26,16.4,15.8,16.8,15.8,-0.4,-1,607091,246,9841427
2007-07-27,15.8,15.1,15.8,14.9,-0.7,-1,446729,167,6852585
2007-07-30,15.1,14.25,15.1,14.05,-0.85,-1,518200,219,7556960
2007-07-31,14.3,15.0,15.0,14.3,0.75,1,291492,131,4319456
2007-08-01,15.0,13.95,15.0,13.95,-1.05,-1,374200,150,5466690
2007-08-02,14.6,13.55,14.6,13.05,-0.4,-1,301000,139,4129200
2007-08-03,13.55,14.0,14.3,13.55,0.45,1,236787,104,3283886
2007-08-06,13.8,13.4,13.8,13.4,-0.6,-1,106796,50,1441086
2007-08-07,13.9,13.1,13.9,13.1,-0.3,-1,203352,90,2751576
2007-08-08,13.2,13.2,13.65,13.1,0.1,1,307631,133,4086329
2007-08-09,13.5,13.1,13.5,13.1,-0.1,-1,491060,173,6489630
2007-08-10,12.4,12.2,12.9,12.2,-0.9,-1,681000,229,8364000
2007-08-13,12.2,11.35,12.45,11.35,-0.85,-1,1015000,287,11686800
2007-08-14,11.6,12.1,12.1,11.6,0.75,1,355166,169,4212004
2007-08-15,12.8,12.9,12.9,12.3,0.8,1,1031428,315,13208620
2007-08-16,12.7,12.4,12.8,12.15,-0.5,-1,955831,333,11967203
2007-08-17,13.2,13.0,13.25,12.3,0.6,1,1164055,403,15213551
2007-08-20,13.9,13.9,13.9,13.7,0.9,1,500480,169,6952222
2007-08-21,14.0,13.0,14.0,12.95,-0.9,-1,881000,316,11712300
2007-08-22,13.2,12.8,13.2,12.1,-0.2,-1,655544,229,8120372
2007-08-23,13.2,13.15,13.65,13.0,0.35,1,578833,224,7742279
2007-08-24,13.2,12.9,13.3,12.6,-0.25,-1,413602,157,5347005
2007-08-27,13.05,12.45,13.15,12.3,-0.45,-1,187154,87,2370744
2007-08-28,11.8,12.3,12.9,11.8,-0.15,-1,165000,76,2043850
2007-08-29,12.4,13.15,13.15,12.0,0.85,1,243940,111,3099610
2007-08-30,13.8,12.9,14.0,12.9,-0.25,-1,510060,202,6932645
2007-08-31,13.2,13.2,13.5,13.05,0.3,1,279000,107,3702900
2007-09-03,13.2,12.8,13.3,12.7,-0.4,-1,296990,113,3827760
2007-09-04,13.0,13.65,13.65,13.0,0.85,1,958506,312,13003006
2007-09-05,13.95,13.1,13.95,13.0,-0.55,-1,708183,273,9433579
2007-09-06,13.25,12.95,13.35,12.8,-0.15,-1,217685,105,2843200
2007-09-07,13.15,13.15,13.2,12.95,0.2,1,280999,123,3667737
2007-09-10,13.0,13.2,13.6,12.8,0.05,1,318562,153,4225233
2007-09-11,12.8,12.6,13.0,12.3,-0.6,-1,659000,270,8312700
2007-09-12,12.3,12.45,12.65,12.3,-0.15,-1,388000,161,4800750
2007-09-13,12.45,11.9,12.45,11.9,-0.55,-1,329274,126,3962860
2007-09-14,12.0,12.0,12.2,11.85,0.1,1,155000,71,1851250
2007-09-17,12.0,11.2,12.0,11.2,-0.8,-1,431000,178,4928050
2007-09-19,11.2,10.45,11.5,10.45,-0.75,-1,608000,225,6408950
2007-09-20,10.05,9.72,10.35,9.72,-0.73,-1,429000,156,4198630
2007-09-21,9.04,9.04,9.04,9.04,-0.68,-1,127000,44,1148080
2007-09-26,8.41,8.41,8.41,8.41,-0.63,-1,215000,73,1808150
2007-09-27,7.83,8.99,8.99,7.83,0.58,1,1133000,286,9221990
2007-09-28,8.5,8.48,8.8,8.37,-0.51,-1,819000,243,6972680
2007-09-29,8.52,9.07,9.07,8.52,0.59,1,721854,225,6505705
2007-10-01,9.0,8.75,9.05,8.75,-0.32,-1,365624,148,3249942
2007-10-02,8.9,8.9,9.1,8.81,0.15,1,216442,82,1934469
2007-10-03,9.1,9.0,9.52,9.0,0.1,1,301000,103,2764620
2007-10-04,9.0,8.81,9.17,8.81,-0.19,-1,218097,82,1953173
2007-10-05,8.7,8.55,8.88,8.5,-0.26,-1,162565,58,1397232
2007-10-08,8.6,8.44,8.79,8.41,-0.11,-1,146206,59,1255802
2007-10-09,8.36,8.1,8.45,8.1,-0.34,-1,139352,61,1148033
2007-10-11,8.15,8.11,8.4,8.06,0.01,1,105075,55,858203
2007-10-12,8.11,8.09,8.32,8.07,-0.02,-1,73000,45,597830
2007-10-15,8.09,7.53,8.09,7.53,-0.56,-1,185000,73,1429510
2007-10-16,7.06,7.01,7.53,7.01,-0.52,-1,404000,156,2855810
2007-10-17,6.9,6.8,7.0,6.65,-0.21,-1,425135,162,2882148
2007-10-18,6.8,7.27,7.27,6.8,0.47,1,660541,196,4726872
2007-10-19,7.17,7.02,7.17,7.0,-0.25,-1,170048,66,1208656
2007-10-22,6.7,6.71,7.0,6.57,-0.31,-1,150010,59,1005222
2007-10-23,6.8,6.72,6.94,6.72,0.01,1,111000,58,758580
2007-10-24,6.8,6.71,6.9,6.71,-0.01,-1,119000,53,804250
2007-10-25,6.71,6.43,6.71,6.25,-0.28,-1,124244,72,806991
2007-10-26,6.42,6.13,6.42,6.11,-0.3,-1,161718,70,1002536
2007-10-29,6.21,6.55,6.55,6.21,0.42,1,162768,71,1045420
2007-10-30,6.7,7.0,7.0,6.66,0.45,1,232011,92,1593327
2007-10-31,7.37,7.49,7.49,7.15,0.49,1,530785,167,3942669
2007-11-01,7.99,8.0,8.01,7.49,0.51,1,830605,281,6560218
2007-11-02,8.0,7.7,8.05,7.6,-0.3,-1,228136,100,1784353
2007-11-05,7.56,7.86,8.0,7.56,0.16,1,53113,36,414751
2007-11-06,8.0,7.93,8.19,7.9,0.07,1,144000,51,1152840
2007-11-07,7.93,7.38,7.98,7.38,-0.55,-1,273000,101,2029530
2007-11-08,6.87,6.87,7.4,6.87,-0.51,-1,243000,93,1683160
2007-11-09,6.88,6.47,6.88,6.39,-0.4,-1,213000,89,1370510
2007-11-12,6.12,6.4,6.4,6.1,-0.07,-1,85100,36,537779
2007-11-13,6.4,6.68,6.78,6.4,0.28,1,74000,30,487790
2007-11-14,6.9,6.85,6.9,6.58,0.17,1,88340,34,594412
2007-11-15,6.6,6.6,6.9,6.5,-0.25,-1,63000,35,416530
2007-11-16,6.6,6.5,6.6,6.4,-0.1,-1,72000,28,467970
2007-11-19,6.15,6.65,6.72,6.15,0.15,1,32082,25,211491
2007-11-20,6.7,6.48,6.7,6.19,-0.17,-1,73000,33,459350
2007-11-21,6.6,6.8,6.8,6.34,0.32,1,152000,36,1001970
2007-11-22,6.78,6.6,6.8,6.48,-0.2,-1,28000,15,188300
2007-11-23,6.8,6.37,6.8,6.23,-0.23,-1,48000,31,306410
2007-11-26,6.59,6.37,6.59,6.14,0.0,0,88000,32,556600
2007-11-27,6.4,6.21,6.4,6.21,-0.16,-1,100000,36,632640
2007-11-28,6.18,6.14,6.18,5.81,-0.07,-1,96000,34,568720
2007-11-29,5.9,6.05,6.1,5.9,-0.09,-1,61000,26,366940
2007-11-30,6.05,6.47,6.47,6.0,0.42,1,136245,47,843338
2007-12-03,6.47,6.6,6.66,6.4,0.13,1,52000,25,338390
2007-12-04,6.54,6.7,6.71,6.41,0.1,1,64010,24,422400
2007-12-05,6.74,6.7,6.78,6.56,0.0,0,14026,11,93261
2007-12-06,6.7,6.65,6.9,6.65,-0.05,-1,82000,32,551230
2007-12-07,6.65,6.77,6.77,6.4,0.12,1,70000,21,457480
2007-12-10,7.24,7.15,7.24,6.85,0.38,1,213000,82,1535520
2007-12-11,7.1,6.96,7.1,6.76,-0.19,-1,65000,27,447960
2007-12-12,6.7,6.96,6.98,6.7,0.0,0,8000,7,55090
2007-12-13,6.71,6.83,6.84,6.48,-0.13,-1,67000,32,445190
2007-12-14,6.5,6.36,6.5,6.36,-0.47,-1,70000,24,445940
2007-12-17,6.46,6.0,6.46,5.96,-0.36,-1,16000,10,98290
2007-12-18,6.0,6.0,6.0,6.0,0.0,0,14000,9,84000
2007-12-19,5.6,6.36,6.42,5.6,0.36,1,45189,26,276670
2007-12-20,6.2,6.2,6.36,6.01,-0.16,-1,29000,17,175840
2007-12-21,6.3,6.19,6.3,5.85,-0.01,-1,59000,27,354050
2007-12-24,5.76,5.78,6.0,5.76,-0.41,-1,83000,41,481790
2007-12-25,5.78,5.81,5.91,5.48,0.03,1,97000,35,548340
2007-12-26,5.7,5.68,5.7,5.6,-0.13,-1,15000,10,84970
2007-12-27,5.69,5.85,5.9,5.69,0.17,1,58000,34,334800
2007-12-28,5.72,5.73,5.73,5.6,-0.12,-1,87847,32,497307
2007-12-31,5.7,5.95,5.98,5.68,0.22,1,111000,28,635200
2008-01-02,5.81,6.02,6.13,5.81,0.07,1,67000,29,405020
2008-01-03,5.8,6.09,6.15,5.71,0.07,1,68000,25,405140
2008-01-04,6.08,6.0,6.08,5.81,-0.09,-1,9000,6,53680
2008-01-07,5.71,5.72,5.89,5.59,-0.28,-1,59000,33,333680
2008-01-08,5.69,5.69,5.69,5.65,-0.03,-1,37000,17,209680
2008-01-09,5.61,5.73,5.73,5.61,0.04,1,9000,5,51010
2008-01-10,5.69,5.8,5.88,5.61,0.07,1,9000,9,51370
2008-01-11,5.8,5.8,5.8,5.62,0.0,0,16396,11,93726
2008-01-14,5.88,5.7,5.88,5.67,-0.1,-1,17000,9,96770
2008-01-15,5.78,5.92,5.92,5.7,0.22,1,24196,18,140446
2008-01-16,5.56,5.6,5.61,5.51,-0.32,-1,22000,15,121970
2008-01-17,5.59,5.47,5.59,5.28,-0.13,-1,94000,33,503910
2008-01-18,5.35,5.3,5.5,5.3,-0.17,-1,49135,23,264775
2008-01-21,5.31,5.5,5.5,5.2,0.2,1,43000,15,226970
2008-01-22,5.16,5.28,5.28,5.12,-0.22,-1,46000,22,236260
2008-01-23,5.28,4.92,5.28,4.92,-0.36,-1,53000,23,265430
2008-01-24,4.9,4.9,5.0,4.58,-0.02,-1,106000,27,498320
2008-01-25,4.9,5.09,5.09,4.8,0.19,1,45000,21,220020
2008-01-28,4.78,5.0,5.0,4.75,-0.09,-1,50000,18,240220
2008-01-29,4.81,4.92,4.92,4.73,-0.08,-1,20000,11,95560
2008-01-30,4.68,4.6,4.7,4.6,-0.32,-1,30000,12,138960
2008-01-31,4.28,4.5,4.78,4.28,-0.1,-1,42000,24,182910
2008-02-01,4.5,4.5,4.5,4.4,0.0,0,22000,11,98360
2008-02-12,4.51,4.7,4.7,4.51,0.2,1,27000,8,124050
2008-02-13,4.53,4.92,4.92,4.53,0.22,1,21005,15,101784
2008-02-14,5.05,4.92,5.05,4.92,0.0,0,22000,11,108690
2008-02-15,4.92,5.0,5.04,4.73,0.08,1,12000,6,58530
2008-02-18,5.23,5.2,5.3,5.2,0.2,1,34000,12,177630
2008-02-19,5.2,5.34,5.4,5.01,0.14,1,37000,21,190250
2008-02-20,5.34,5.18,5.39,5.13,-0.16,-1,79000,33,414990
2008-02-21,5.3,5.4,5.4,5.29,0.22,1,34000,19,180340
2008-02-22,5.2,5.47,5.5,5.2,0.07,1,29000,16,153440
2008-02-25,5.5,5.5,5.7,5.4,0.03,1,16000,10,88870
2008-02-26,5.7,5.5,5.7,5.5,0.0,0,27042,17,149341
2008-02-27,5.7,5.69,5.7,5.3,0.19,1,48000,25,259280
2008-02-29,5.8,5.7,5.8,5.43,0.01,1,20586,16,115949
2008-03-03,5.5,5.45,5.55,5.4,-0.25,-1,64000,22,348150
2008-03-04,5.7,5.64,5.7,5.4,0.19,1,30438,17,170662
2008-03-05,5.65,5.8,5.8,5.5,0.16,1,74507,36,418950
2008-03-06,5.8,5.7,5.8,5.6,-0.1,-1,29000,18,166350
2008-03-07,5.7,5.78,5.79,5.62,0.08,1,24048,12,137253
2008-03-10,5.75,6.0,6.1,5.75,0.22,1,154676,59,922936
2008-03-11,6.0,5.89,6.1,5.71,-0.11,-1,67000,27,395410
2008-03-12,5.94,5.8,5.95,5.6,-0.09,-1,43000,20,247830
2008-03-13,5.6,5.41,5.7,5.41,-0.39,-1,64000,30,351560
2008-03-14,5.4,5.4,5.41,5.25,-0.01,-1,25000,11,134010
2008-03-17,5.25,5.31,5.39,5.25,-0.09,-1,53999,27,285294
2008-03-18,5.3,5.4,5.45,5.25,0.09,1,22000,13,117390
2008-03-19,5.33,5.27,5.61,5.16,-0.13,-1,46000,20,242020
2008-03-20,5.26,5.48,5.48,5.26,0.21,1,7000,3,37480
2008-03-21,5.7,5.46,5.7,5.41,-0.02,-1,69817,27,382151
2008-03-24,5.7,5.3,5.72,5.21,-0.16,-1,89000,33,478870
2008-03-25,5.3,5.15,5.3,5.15,-0.15,-1,59784,26,313037
2008-03-26,5.2,5.11,5.2,4.86,-0.04,-1,77482,34,390188
2008-03-27,5.1,5.15,5.26,4.85,0.04,1,59000,17,298110
2008-03-28,4.91,5.0,5.3,4.91,-0.15,-1,8097,7,40718
2008-03-31,4.86,5.18,5.18,4.86,0.18,1,23000,13,114320
2008-04-01,5.0,4.91,5.05,4.91,-0.27,-1,18000,13,89540
2008-04-02,4.93,5.0,5.16,4.93,0.09,1,74000,24,372140
2008-04-03,4.85,5.05,5.05,4.85,0.05,1,39000,18,192670
2008-04-07,5.05,5.19,5.19,4.92,0.14,1,96109,31,480035
2008-04-08,5.1,5.0,5.19,4.96,-0.19,-1,68000,20,343820
2008-04-09,5.05,5.05,5.05,4.95,0.05,1,93000,27,467660
2008-04-10,4.81,4.93,5.1,4.81,-0.12,-1,102427,32,505242
2008-04-11,4.96,5.0,5.0,4.71,0.07,1,56000,25,274940
2008-04-14,4.9,4.75,4.9,4.7,-0.25,-1,81000,24,385570
2008-04-15,4.89,4.75,4.9,4.75,0.0,0,25020,12,119781
2008-04-16,4.8,4.63,4.8,4.6,-0.12,-1,97919,27,453217
2008-04-17,4.63,4.95,4.95,4.63,0.32,1,181000,47,892840
2008-04-18,5.29,5.29,5.29,5.25,0.34,1,242000,56,1279140
2008-04-21,5.66,5.66,5.66,5.66,0.37,1,45000,26,254700
2008-04-22,6.05,5.6,6.05,5.31,-0.06,-1,438352,155,2563688
2008-04-23,5.99,5.64,5.99,5.62,0.04,1,385376,116,2292812
2008-04-24,5.51,5.65,5.9,5.5,0.01,1,201000,58,1124790
2008-04-25,5.78,5.5,5.78,5.43,-0.15,-1,102000,36,568050
2008-04-28,5.7,5.52,5.7,5.5,0.02,1,118000,35,651730
2008-04-29,5.42,5.6,5.7,5.41,0.08,1,112294,36,610855
2008-04-30,5.38,5.37,5.39,5.26,-0.23,-1,220000,35,1181910
2008-05-02,5.25,5.23,5.33,5.23,-0.14,-1,118000,35,623010
2008-05-05,5.1,5.0,5.1,4.96,-0.23,-1,262000,65,1315690
2008-05-06,5.01,5.35,5.35,5.01,0.35,1,164376,29,864521
2008-05-07,5.65,5.72,5.72,5.5,0.37,1,182375,40,1040105
2008-05-08,5.75,5.7,5.91,5.63,-0.02,-1,255000,54,1465720
2008-05-09,5.89,5.76,6.09,5.73,0.06,1,158000,46,952200
2008-05-12,5.99,5.75,6.0,5.7,-0.01,-1,907427,68,5409522
2008-05-13,5.76,6.15,6.15,5.76,0.4,1,1181135,147,7167940
2008-05-14,6.12,6.15,6.31,5.72,0.0,0,831000,107,4944800
2008-05-15,5.98,6.58,6.58,5.84,0.43,1,523287,92,3221198
2008-05-16,7.04,6.99,7.04,6.21,0.41,1,1656000,234,11494640
2008-05-19,7.3,7.21,7.32,6.96,0.22,1,1440699,208,10133722
2008-05-20,7.2,6.93,7.45,6.93,-0.28,-1,1084625,127,7899048
2008-05-21,7.0,7.15,7.15,6.45,0.22,1,1265643,150,8484355
2008-05-22,7.07,7.05,7.15,6.85,-0.1,-1,1101000,88,7818330
2008-05-23,7.0,6.85,7.3,6.82,-0.2,-1,965000,103,6815700
2008-05-26,6.85,6.8,7.0,6.5,-0.05,-1,797000,72,5519700
2008-05-27,6.7,6.8,6.85,6.37,0.0,0,210048,78,1382001
2008-05-28,6.78,6.7,7.05,6.55,-0.1,-1,1046000,84,7179580
2008-05-29,6.6,6.8,7.0,6.6,0.1,1,1209000,95,8074850
2008-05-30,6.9,6.75,6.9,6.55,-0.05,-1,362000,62,2446010
2008-06-02,6.8,6.88,6.95,6.7,0.13,1,455048,59,3133156
2008-06-03,6.99,6.88,7.0,6.74,0.0,0,1085000,78,7417860
2008-06-04,6.9,6.89,6.99,6.81,0.01,1,706048,102,4878086
2008-06-05,6.9,6.9,7.0,6.7,0.01,1,1091000,78,7459930
2008-06-06,6.8,6.8,6.9,6.7,-0.1,-1,193000,52,1309380
2008-06-09,6.33,6.42,6.67,6.33,-0.38,-1,607000,54,4019610
2008-06-10,6.42,6.86,6.86,6.42,0.44,1,1268000,197,8483300
2008-06-11,7.0,6.86,7.0,6.38,0.0,0,505000,158,3337010
2008-06-12,6.5,6.54,6.66,6.38,-0.32,-1,510847,85,3284015
2008-06-13,6.54,6.3,6.59,6.1,-0.24,-1,121000,64,775680
2008-06-16,6.4,6.07,6.4,6.06,-0.23,-1,89338,39,553788
2008-06-17,5.78,6.48,6.48,5.65,0.41,1,261440,90,1509666
2008-06-18,6.05,6.13,6.49,6.04,-0.35,-1,490000,64,3143890
2008-06-19,6.0,6.18,6.32,5.81,0.05,1,516000,30,3138380
2008-06-20,6.16,5.77,6.28,5.77,-0.41,-1,164304,32,1011804
2008-06-23,5.37,5.55,5.77,5.37,-0.22,-1,55000,31,305140
2008-06-24,5.56,5.55,5.59,5.3,0.0,0,65000,31,353810
2008-06-25,5.38,5.78,5.86,5.38,0.23,1,420000,35,2429480
2008-06-26,5.76,6.08,6.17,5.67,0.3,1,491000,32,2913090
2008-06-27,5.75,6.09,6.1,5.66,0.01,1,681000,56,4133970
2008-06-30,6.25,5.9,6.26,5.73,-0.19,-1,947002,81,5734711
2008-07-01,5.7,5.5,6.0,5.5,-0.4,-1,560000,68,3232810
2008-07-02,5.85,5.35,5.85,5.12,-0.15,-1,64000,35,350890
2008-07-03,5.15,5.45,5.45,5.01,0.1,1,128000,58,678460
2008-07-04,5.38,5.44,5.56,5.26,-0.01,-1,503000,37,2771440
2008-07-07,5.59,5.7,5.82,5.25,0.26,1,770000,65,4230890
2008-07-08,5.61,5.6,5.61,5.31,-0.1,-1,589000,130,3223660
2008-07-09,5.51,5.21,5.68,5.21,-0.39,-1,1043000,80,5763530
2008-07-10,5.12,5.57,5.57,5.0,0.36,1,1224000,131,6288050
2008-07-11,5.76,5.61,5.76,5.3,0.04,1,627000,111,3535330
2008-07-14,5.71,5.4,5.73,5.4,-0.21,-1,765000,87,4302770
2008-07-15,5.3,5.11,5.48,5.03,-0.29,-1,933000,76,4764370
2008-07-16,5.11,4.95,5.44,4.95,-0.16,-1,646000,85,3362420
2008-07-17,5.15,5.02,5.15,4.79,0.07,1,916000,59,4642710
2008-07-18,5.02,4.99,5.19,4.99,-0.03,-1,943002,60,4811238
2008-07-21,5.33,5.25,5.33,5.0,0.26,1,1145002,75,6013270
2008-07-22,5.1,4.89,5.1,4.89,-0.36,-1,298000,82,1475250
2008-07-23,4.55,5.02,5.08,4.55,0.13,1,1253000,71,5805010
2008-07-24,5.0,5.1,5.16,4.75,0.08,1,132000,49,656100
2008-07-25,4.81,4.83,4.99,4.81,-0.27,-1,11000,8,54200
2008-07-29,4.51,4.59,4.93,4.51,-0.24,-1,102000,12,486510
2008-07-30,4.59,4.78,4.78,4.3,0.19,1,126000,38,573640
2008-07-31,4.89,4.87,4.89,4.57,0.09,1,116091,22,555986
2008-08-01,4.53,4.56,4.73,4.53,-0.31,-1,252000,69,1144440
2008-08-04,4.58,4.32,4.58,4.32,-0.24,-1,142000,25,637960
2008-08-05,4.15,4.15,4.23,4.02,-0.17,-1,210000,37,853320
2008-08-06,4.31,4.18,4.31,4.03,0.03,1,287000,30,1215060
2008-08-07,4.3,4.15,4.3,3.97,-0.03,-1,28000,11,113920
2008-08-08,4.18,4.15,4.19,3.99,0.0,0,423000,47,1718210
2008-08-11,4.36,4.16,4.36,4.08,0.01,1,637000,14,2708710
2008-08-12,4.17,4.38,4.38,4.11,0.22,1,304000,40,1272010
2008-08-13,4.38,4.65,4.68,4.21,0.27,1,187000,50,857510
2008-08-14,4.6,4.97,4.97,4.5,0.32,1,1078000,78,5303270
2008-08-15,5.1,4.67,5.2,4.66,-0.3,-1,51000,29,247600
2008-08-18,4.51,4.37,4.92,4.35,-0.3,-1,252000,48,1148790
2008-08-19,4.37,4.38,4.47,4.16,0.01,1,565000,16,2512580
2008-08-20,4.5,4.4,4.5,4.35,0.02,1,63000,10,282160
2008-08-21,4.32,4.4,4.45,4.32,0.0,0,109000,15,483460
2008-08-22,4.4,4.65,4.68,4.4,0.25,1,1456000,56,6660600
2008-08-25,4.62,4.95,4.97,4.62,0.3,1,822000,60,3936390
2008-08-26,5.1,5.04,5.19,4.95,0.09,1,1069352,70,5376600
2008-08-27,4.9,5.0,5.13,4.82,-0.04,-1,312000,31,1521490
2008-08-28,5.08,4.9,5.08,4.77,-0.1,-1,463000,41,2294450
2008-08-29,4.71,4.98,4.98,4.66,0.08,1,80000,22,384620
2008-09-01,4.83,4.73,4.89,4.64,-0.25,-1,224000,34,1046930
2008-09-02,4.7,4.75,4.89,4.47,0.02,1,436000,21,2116560
2008-09-03,4.42,4.42,4.42,4.42,-0.33,-1,9000,7,39780
2008-09-04,0.0,0.0,0.0,0.0,0.0,0,0,0,0
2008-09-05,0.0,0.0,0.0,0.0,0.0,0,0,0,0
2008-09-08,0.0,0.0,0.0,0.0,0.0,0,0,0,0
2008-09-09,3.84,3.84,3.84,3.84,-0.28,-1,1000,1,3840
2008-09-10,3.58,3.58,3.58,3.58,-0.26,-1,1000,1,3580
2008-09-11,3.33,3.33,3.33,3.33,-0.25,-1,350000,29,1165500
2008-09-12,3.1,3.38,3.49,3.1,0.05,1,267000,23,898370
2008-09-15,3.15,3.15,3.15,3.15,-0.23,-1,125100,28,394065
2008-10-03,0.0,0.0,0.0,0.0,0.0,0,0,0,0
2008-10-06,0.0,0.0,0.0,0.0,0.0,0,0,0,0
2008-10-07,0.0,0.0,0.0,0.0,0.0,0,0,0,0
2008-10-08,0.0,0.0,0.0,0.0,0.0,0,10,1,49
2008-10-09,0.0,0.0,0.0,0.0,0.0,0,0,0,0
2008-10-13,0.0,0.0,0.0,0.0,0.0,0,84,1,398
2008-10-14,0.0,0.0,0.0,0.0,0.0,0,0,0,0
2008-10-15,4.57,4.57,4.57,4.57,0.0,0,1000,1,4570
2008-10-16,4.41,4.87,4.87,4.41,0.3,1,51371,9,233565
2008-10-17,5.16,5.16,5.16,5.16,0.29,1,1000,1,5160
2008-10-20,4.98,4.98,4.98,4.98,-0.18,-1,1000,1,4980
2008-10-21,4.81,4.81,4.81,4.81,-0.17,-1,5002,2,24059
2008-10-22,4.65,4.65,4.65,4.65,-0.16,-1,20000,6,93000
2008-10-23,0.0,0.0,0.0,0.0,0.0,0,0,0,0
2008-10-24,4.49,4.9,4.9,4.49,0.25,1,51024,9,232907
2008-10-27,4.99,4.99,4.99,4.99,0.09,1,2064,12,9882
2008-10-28,0.0,0.0,0.0,0.0,0.0,0,170,1,790
2008-10-29,0.0,0.0,0.0,0.0,0.0,0,331,1,1539
2008-10-30,0.0,0.0,0.0,0.0,0.0,0,0,0,0
2008-10-31,4.39,4.39,4.39,4.39,-0.26,-1,1000,1,4390
2008-11-03,4.59,4.09,4.59,4.09,-0.3,-1,72000,9,295180
2008-11-04,3.81,3.81,3.81,3.81,-0.28,-1,13269,4,50554
2008-11-05,3.8,3.55,3.8,3.55,-0.26,-1,7000,3,25350
2008-11-06,3.31,3.31,3.31,3.31,-0.24,-1,12000,4,39720
2008-11-07,3.08,3.08,3.08,3.08,-0.23,-1,10000,1,30800
2008-11-10,2.87,2.87,2.87,2.87,-0.21,-1,5000,1,14350
2008-11-11,2.67,3.07,3.07,2.67,0.2,1,723247,54,2192281
2008-11-12,3.07,3.08,3.28,3.07,0.01,1,300232,61,968237
2008-11-13,2.89,2.87,2.89,2.87,-0.21,-1,14217,7,40902
2008-11-14,2.87,2.67,2.89,2.67,-0.2,-1,39000,10,105140
2008-11-17,2.49,2.49,2.49,2.49,-0.18,-1,2000,1,4980
2008-11-18,2.32,2.32,2.32,2.32,-0.17,-1,1103,3,2558
2008-11-19,2.16,2.16,2.16,2.16,-0.16,-1,102000,3,220320
2008-11-20,2.01,2.01,2.01,2.01,-0.15,-1,10000,4,20100
2008-11-21,1.87,1.89,2.14,1.87,-0.12,-1,93444,26,175082
2008-11-24,1.89,1.77,1.89,1.77,-0.12,-1,7000,4,12630
2008-11-25,1.88,1.67,1.88,1.67,-0.1,-1,77000,19,134030
2008-11-26,1.66,1.56,1.66,1.56,-0.11,-1,89084,25,140931
2008-11-27,1.56,1.47,1.66,1.47,-0.09,-1,264000,37,397760
2008-11-28,1.5,1.51,1.57,1.47,0.04,1,125774,24,190467
2008-12-01,1.6,1.61,1.61,1.6,0.1,1,5242,5,8429
2008-12-02,1.72,1.72,1.72,1.72,0.11,1,53365,9,91786
2008-12-03,1.84,1.84,1.84,1.84,0.12,1,11086,8,20397
2008-12-04,1.96,1.96,1.96,1.96,0.12,1,4555,3,8927
2008-12-05,2.09,2.09,2.09,1.9,0.13,1,371585,72,773082
2008-12-08,2.23,2.23,2.23,2.23,0.14,1,25994,10,57966
2008-12-09,2.38,2.38,2.38,2.38,0.15,1,3000,2,7140
2008-12-10,2.54,2.54,2.54,2.54,0.16,1,11261,5,28602
2008-12-11,2.71,2.71,2.71,2.71,0.17,1,43009,15,116553
2008-12-12,2.88,2.53,2.88,2.53,-0.18,-1,283003,57,766237
2008-12-15,2.54,2.36,2.54,2.36,-0.17,-1,50000,21,118190
2008-12-16,2.2,2.25,2.47,2.2,-0.11,-1,107113,38,240824
2008-12-17,2.4,2.4,2.4,2.4,0.15,1,20556,13,49334
2008-12-18,2.56,2.56,2.56,2.51,0.16,1,71756,25,182806
2008-12-19,2.73,2.73,2.73,2.73,0.17,1,32140,9,87742
2008-12-22,2.91,2.54,2.91,2.54,-0.19,-1,124217,34,342875
2008-12-23,2.37,2.37,2.54,2.37,-0.17,-1,29100,18,69667
2008-12-24,2.21,2.48,2.49,2.21,0.11,1,49000,24,109630
2008-12-25,2.31,2.48,2.59,2.31,0.0,0,125973,34,295884
2008-12-26,2.48,2.31,2.48,2.31,-0.17,-1,123951,15,287825
2008-12-29,2.31,2.15,2.31,2.15,-0.16,-1,1377676,35,2975639
2008-12-30,2.3,2.3,2.3,2.06,0.15,1,60339,21,137817
2008-12-31,2.29,2.46,2.46,2.29,0.16,1,96386,39,235986
2009-01-05,2.63,2.63,2.63,2.5,0.17,1,113113,34,296233
2009-01-06,2.65,2.5,2.65,2.5,-0.13,-1,22000,10,55630
2009-01-07,2.5,2.61,2.65,2.39,0.11,1,173000,23,432850
2009-01-08,2.43,2.43,2.79,2.43,-0.18,-1,199566,49,500984
2009-01-09,2.3,2.31,2.32,2.3,-0.12,-1,10783,11,24860
2009-01-10,2.31,2.21,2.31,2.21,-0.1,-1,3000,2,6830
2009-01-12,2.16,2.26,2.33,2.08,0.05,1,83000,23,176920
2009-01-13,2.18,2.22,2.24,2.11,-0.04,-1,58783,15,124712
2009-01-14,2.21,2.1,2.21,2.1,-0.12,-1,28002,10,59974
2009-01-15,2.01,2.11,2.13,1.96,0.01,1,73000,18,146560
2009-01-16,2.14,2.1,2.14,2.0,-0.01,-1,30000,12,61860
2009-01-17,2.09,2.09,2.09,2.09,-0.01,-1,1000,1,2090
2009-01-19,2.0,2.14,2.14,2.0,0.05,1,5999,4,12237
2009-01-20,2.01,2.1,2.15,2.01,-0.04,-1,47002,11,99434
2009-01-21,2.0,2.18,2.18,2.0,0.08,1,8556,5,17647
2009-02-02,2.05,2.05,2.21,2.05,-0.13,-1,25000,12,52050
2009-02-03,2.15,2.1,2.19,2.1,0.05,1,10133,4,21506
2009-02-04,1.96,2.18,2.19,1.96,0.08,1,6000,4,12650
2009-02-05,2.18,2.18,2.18,2.18,0.0,0,8444,7,18372
2009-02-06,2.05,2.15,2.2,2.04,-0.03,-1,13556,11,28997
2009-02-09,2.05,2.08,2.08,2.04,-0.07,-1,5050,4,10360
2009-02-10,1.98,2.13,2.13,1.98,0.05,1,3557,3,7259
2009-02-11,2.1,2.03,2.18,2.03,-0.1,-1,20781,10,43682
2009-02-12,2.04,2.17,2.17,2.03,0.14,1,75456,23,162345
2009-02-13,2.32,2.32,2.32,2.31,0.15,1,218968,50,507975
2009-02-16,2.48,2.48,2.48,2.48,0.16,1,137896,38,341979
2009-02-17,2.65,2.63,2.65,2.31,0.15,1,156905,46,398652
2009-02-18,2.45,2.45,2.45,2.45,-0.18,-1,11000,6,26950
2009-02-19,2.28,2.4,2.4,2.28,-0.05,-1,116050,45,266994
2009-02-20,2.24,2.5,2.5,2.24,0.1,1,164689,47,384476
2009-02-23,2.5,2.36,2.58,2.33,-0.14,-1,41000,21,97150
2009-02-24,2.25,2.39,2.39,2.2,0.03,1,78000,26,174030
2009-02-25,2.37,2.27,2.37,2.24,-0.12,-1,16896,10,38483
2009-02-26,2.25,2.23,2.36,2.2,-0.04,-1,24566,14,55055
2009-02-27,2.3,2.38,2.38,2.3,0.15,1,435239,20,1034878
2009-03-02,2.54,2.54,2.54,2.5,0.16,1,56063,25,142319
2009-03-03,2.71,2.69,2.71,2.58,0.15,1,227000,66,611770
2009-03-04,2.69,2.87,2.87,2.69,0.18,1,147000,38,411690
2009-03-05,3.07,3.07,3.07,2.93,0.2,1,478134,75,1449611
2009-03-06,3.05,2.9,3.15,2.9,-0.17,-1,165217,42,497741
2009-03-09,2.87,3.1,3.1,2.79,0.2,1,140136,39,410818
2009-03-10,3.1,3.31,3.31,2.93,0.21,1,136135,49,446395
2009-03-11,3.52,3.33,3.53,3.31,0.02,1,173346,56,584163
2009-03-12,3.33,3.1,3.33,3.1,-0.23,-1,92113,34,288710
2009-03-13,3.01,3.16,3.2,2.89,0.06,1,100670,34,304396
2009-03-16,3.16,2.99,3.16,2.94,-0.17,-1,96500,26,286400
2009-03-17,2.81,3.15,3.16,2.8,0.16,1,131450,34,398998
2009-03-18,3.0,2.99,3.13,2.99,-0.16,-1,57458,17,172161
2009-03-19,3.0,2.95,3.13,2.95,-0.04,-1,74108,22,221043
2009-03-20,3.0,3.08,3.15,3.0,0.13,1,265237,33,810812
2009-03-23,2.88,3.08,3.14,2.88,0.0,0,33122,18,100555
2009-03-24,2.95,2.96,3.22,2.95,-0.12,-1,27566,19,82327
2009-03-25,2.94,3.1,3.1,2.94,0.14,1,76669,22,232552
2009-03-26,3.29,3.23,3.29,3.11,0.13,1,246983,31,790875
2009-03-27,3.24,3.19,3.24,3.11,-0.04,-1,346640,37,1105477
2009-03-30,3.15,3.06,3.15,3.06,-0.13,-1,123326,30,383328
2009-03-31,3.02,3.05,3.1,3.02,-0.01,-1,39026,16,119348
2009-04-01,2.97,3.25,3.25,2.95,0.2,1,329375,23,1022110
2009-04-02,3.3,3.25,3.3,3.06,0.0,0,79940,19,256905
2009-04-03,3.11,3.06,3.11,3.03,-0.19,-1,77331,22,238762
2009-04-06,3.1,3.06,3.23,2.98,0.0,0,230731,44,716795
2009-04-07,3.18,3.2,3.25,2.98,0.14,1,217062,25,690918
2009-04-08,3.2,3.12,3.2,2.98,-0.08,-1,297378,60,891664
2009-04-09,3.0,3.0,3.14,3.0,-0.12,-1,176266,44,536708
2009-04-10,3.02,3.17,3.19,3.02,0.17,1,118226,40,369010
2009-04-13,3.23,3.39,3.39,3.23,0.22,1,213447,50,721103
2009-04-14,3.62,3.62,3.62,3.62,0.23,1,112347,37,406693
2009-04-15,3.87,3.87,3.87,3.87,0.25,1,260451,62,1007943
2009-04-16,4.14,4.14,4.14,4.14,0.27,1,99185,35,410624
2009-04-17,4.42,3.99,4.42,3.86,-0.15,-1,813099,214,3463088
2009-04-20,4.26,4.0,4.26,3.72,0.01,1,393783,106,1553801
2009-04-21,3.72,3.95,4.04,3.72,-0.05,-1,251334,85,964203
2009-04-22,3.95,3.85,4.04,3.68,-0.1,-1,310354,102,1173986
2009-04-23,3.71,3.66,4.0,3.6,-0.19,-1,268090,83,989414
2009-04-24,3.69,3.8,3.91,3.69,0.14,1,329585,84,1281004
2009-04-27,4.05,4.0,4.06,3.74,0.2,1,558793,108,2181312
2009-04-28,3.75,3.73,4.18,3.72,-0.27,-1,103000,47,403130
2009-04-29,3.68,3.55,3.85,3.5,-0.18,-1,85999,28,310776
2009-04-30,3.52,3.62,3.79,3.52,0.07,1,248186,79,924494
2009-05-04,3.85,3.73,3.85,3.7,0.11,1,170112,49,643144
2009-05-05,3.49,3.47,3.71,3.47,-0.26,-1,161000,42,561260
2009-05-06,3.23,3.23,3.23,3.23,-0.24,-1,9000,3,29070
2009-05-07,3.01,3.01,3.01,3.01,-0.22,-1,9000,3,27090
2009-05-08,2.8,2.8,2.8,2.8,-0.21,-1,9100,4,25480
2009-05-11,2.61,2.61,2.61,2.61,-0.19,-1,20000,8,52200
2009-05-12,2.43,2.43,2.43,2.43,-0.18,-1,9000,3,21870
2009-05-13,2.26,2.26,2.26,2.26,-0.17,-1,132000,22,298320
2009-05-14,2.11,2.11,2.11,2.11,-0.15,-1,77200,14,162892
2009-05-15,1.97,2.01,2.23,1.97,-0.1,-1,322000,39,649580
2009-05-18,2.0,2.12,2.13,2.0,0.11,1,38669,13,80714
2009-05-19,2.03,2.15,2.18,2.03,0.03,1,24339,9,52354
2009-05-20,2.2,2.2,2.3,2.2,0.05,1,21000,7,47500
2009-05-21,2.2,2.34,2.34,2.2,0.14,1,38906,14,86586
2009-05-22,2.49,2.49,2.49,2.49,0.15,1,55235,12,137489
2009-05-25,2.32,2.49,2.49,2.32,0.0,0,27896,8,66454
2009-05-26,2.49,2.32,2.66,2.32,-0.17,-1,126000,11,328360
2009-05-27,2.32,2.16,2.48,2.16,-0.16,-1,278000,20,687360
2009-06-01,2.18,2.16,2.31,2.16,0.0,0,16605,8,37495
2009-06-02,2.19,2.31,2.31,2.19,0.15,1,41144,11,90587
2009-06-03,2.47,2.2,2.47,2.19,-0.11,-1,23000,8,56250
2009-06-04,2.35,2.35,2.35,2.35,0.15,1,12566,3,29394
2009-06-05,2.51,2.51,2.51,2.51,0.16,1,30349,7,76113
2009-06-06,0.0,0.0,0.0,0.0,0.0,0,0,0,0
2009-06-08,2.34,2.65,2.66,2.34,0.14,1,50000,5,131200
2009-06-09,2.6,2.65,2.65,2.6,0.0,0,33129,7,87622
2009-06-10,2.5,2.5,2.5,2.5,-0.15,-1,15000,3,37500
2009-06-11,2.5,2.65,2.65,2.5,0.15,1,112014,7,293533
2009-06-12,2.5,2.5,2.65,2.5,-0.15,-1,55000,11,138620
2009-06-15,2.5,2.33,2.5,2.33,-0.17,-1,54000,9,127050
2009-06-16,2.17,2.17,2.17,2.17,-0.16,-1,65000,9,141050
2009-06-17,2.03,2.02,2.03,2.02,-0.15,-1,42000,8,84910
2009-06-18,1.89,1.95,2.16,1.88,-0.07,-1,62219,14,119816
2009-06-19,1.9,1.89,1.9,1.83,-0.06,-1,102000,18,192700
2009-06-22,1.89,1.91,2.01,1.89,0.02,1,100258,13,195009
2009-06-23,1.97,1.99,2.04,1.97,0.08,1,207000,12,414850
2009-06-24,2.12,2.0,2.12,2.0,0.01,1,191112,15,386900
2009-06-25,2.14,2.14,2.14,2.14,0.14,1,98783,18,211355
2009-06-26,2.28,2.28,2.28,2.28,0.14,1,1906,3,4345
2009-06-29,2.42,2.42,2.42,2.42,0.14,1,25000,6,60500
2009-06-30,2.58,2.58,2.58,2.58,0.16,1,20000,3,51600
2009-07-01,2.76,2.76,2.76,2.76,0.18,1,17113,7,47231
2009-07-02,2.95,2.95,2.95,2.95,0.19,1,107507,17,317145
2009-07-03,3.15,3.15,3.15,3.15,0.2,1,105281,18,331633
2009-07-06,3.37,3.37,3.37,2.93,0.22,1,92964,25,310566
2009-07-07,3.3,3.3,3.3,3.3,-0.07,-1,39000,10,128700
2009-07-08,0.0,0.0,0.0,0.0,0.0,0,0,0,0
2009-07-09,3.2,3.1,3.2,3.1,-0.2,-1,50000,9,159000
2009-07-10,2.89,2.89,2.89,2.89,-0.21,-1,8000,3,23120
2009-07-13,3.09,3.09,3.09,3.09,0.2,1,1075,2,3321
2009-07-14,3.3,3.3,3.3,3.3,0.21,1,1153,2,3791
2009-07-15,3.48,3.07,3.48,3.07,-0.23,-1,44000,6,135490
2009-07-16,3.28,3.28,3.28,3.28,0.21,1,9000,6,29520
2009-07-17,3.5,3.07,3.5,3.07,-0.21,-1,122340,9,378370
2009-07-20,2.86,3.1,3.1,2.86,0.03,1,15556,9,46907
2009-07-21,3.3,2.89,3.3,2.89,-0.21,-1,14000,5,41280
2009-07-22,2.7,2.7,2.7,2.7,-0.19,-1,10000,2,27000
2009-07-23,2.7,2.52,2.7,2.52,-0.18,-1,12955,6,33006
2009-07-24,2.35,2.36,2.36,2.35,-0.16,-1,16000,4,37750
2009-07-27,2.52,2.2,2.52,2.2,-0.16,-1,23000,9,52520
2009-07-28,2.12,2.14,2.14,2.12,-0.06,-1,21194,7,45190
2009-07-29,2.28,2.1,2.28,2.1,-0.04,-1,45000,7,95400
2009-07-30,1.98,2.04,2.23,1.98,-0.06,-1,53112,10,108439
2009-07-31,2.17,2.1,2.17,2.0,0.06,1,28172,6,59368
2009-08-03,2.1,2.04,2.15,2.04,-0.06,-1,47113,10,97592
2009-08-04,2.14,2.1,2.15,2.1,0.06,1,135774,17,290159
2009-08-05,2.2,2.11,2.2,2.1,0.01,1,28846,7,62725
2009-08-06,1.99,1.99,1.99,1.99,-0.12,-1,2000,1,3980
2009-08-10,2.12,2.12,2.12,2.12,0.13,1,10000,4,21200
2009-08-11,2.26,2.26,2.26,2.26,0.14,1,4228,6,9554
2009-08-12,2.26,2.41,2.41,2.26,0.15,1,19558,14,46760
2009-08-13,2.4,2.4,2.57,2.4,-0.01,-1,8549,9,20670
2009-08-14,2.56,2.56,2.56,2.56,0.16,1,11500,3,29390
2009-08-17,2.73,2.39,2.73,2.39,-0.17,-1,21222,11,53780
2009-08-18,2.5,2.5,2.55,2.5,0.11,1,19000,8,47620
2009-08-19,2.67,2.67,2.67,2.33,0.17,1,47345,26,116596
2009-09-08,8.7,8.7,8.7,8.7,-0.06,-1,5785,6,49903
2009-09-09,0.0,0.0,0.0,0.0,0.0,0,846,3,6851
2009-09-10,8.1,8.1,8.1,8.1,-0.6,-1,10000,2,81000
2009-09-11,8.1,8.1,8.1,8.1,0.0,0,8796,5,70848
2009-09-14,8.09,7.54,8.09,7.54,-0.56,-1,5289,5,40429
2009-09-15,7.02,7.02,7.04,7.02,-0.52,-1,22554,11,158347
2009-09-16,6.53,6.81,6.95,6.53,-0.21,-1,47067,29,314564
2009-09-17,7.0,7.26,7.26,6.85,0.45,1,33910,17,239934
2009-09-18,0.0,0.0,0.0,0.0,0.0,0,911,3,6285
2009-09-21,7.76,7.76,7.76,7.76,0.5,1,11945,8,92520
2009-09-22,8.0,8.29,8.29,8.0,0.53,1,46840,12,387610
2009-09-23,8.3,7.71,8.3,7.71,-0.58,-1,26000,5,212850
2009-09-24,8.24,8.24,8.24,8.24,0.53,1,9068,4,74674
2009-09-25,0.0,0.0,0.0,0.0,0.0,0,483,1,3704
2009-09-28,0.0,0.0,0.0,0.0,0.0,0,0,0,0
2009-09-29,8.2,8.4,8.4,8.2,0.16,1,4398,6,35904
2009-09-30,8.4,8.4,8.6,8.4,0.0,0,10880,15,90979
2009-10-01,8.38,8.9,8.98,8.1,0.5,1,51305,12,435434
2009-10-02,8.85,8.85,8.85,8.85,-0.05,-1,2305,5,19823
2009-10-05,8.8,8.25,8.8,8.25,-0.6,-1,15000,6,124839
2009-10-06,8.7,8.7,8.7,8.7,0.45,1,5980,4,51457
2009-10-07,8.65,8.7,8.8,8.6,0.0,0,14954,8,129615
2009-10-08,8.68,8.1,8.68,8.1,-0.6,-1,5000,2,41080
2009-10-09,8.11,8.11,8.11,8.11,0.01,1,2000,1,16220
2009-10-12,8.2,7.55,8.2,7.55,-0.56,-1,8000,2,61050
2009-10-13,8.07,7.2,8.07,7.2,-0.35,-1,7086,3,52832
2009-10-14,6.71,6.7,6.71,6.7,-0.5,-1,16843,6,113211
2009-10-15,6.7,7.16,7.16,6.7,0.46,1,3750,7,25810
2009-10-16,7.66,6.67,7.66,6.67,-0.49,-1,56560,9,383668
2009-10-19,6.24,6.21,6.24,6.21,-0.46,-1,20390,9,126681
2009-10-20,6.5,6.55,6.55,6.5,0.34,1,6230,6,40481
2009-10-21,6.2,7.0,7.0,6.2,0.45,1,3883,4,25315
2009-10-22,7.49,7.49,7.49,7.49,0.49,1,13169,7,98611
2009-10-23,8.01,8.01,8.01,8.01,0.52,1,9000,5,72090
2009-10-26,8.57,8.57,8.57,8.57,0.56,1,22354,10,190867
2009-10-27,8.55,8.88,9.1,8.55,0.31,1,63322,8,574575
2009-10-28,8.8,8.26,8.8,8.26,-0.62,-1,13000,4,111700
2009-10-29,0.0,0.0,0.0,0.0,0.0,0,516,1,3968
2009-10-30,8.24,8.8,8.8,8.24,0.54,1,2945,5,24600
2009-11-02,8.2,8.79,8.79,8.2,-0.01,-1,3812,4,31929
2009-11-03,0.0,0.0,0.0,0.0,0.0,0,242,2,1978
2009-11-04,8.7,8.21,8.7,8.2,-0.58,-1,19000,5,161840
2009-11-05,8.61,8.78,8.78,8.61,0.57,1,38791,28,340239
2009-11-06,9.39,9.39,9.39,9.39,0.61,1,16221,16,152312
2009-11-09,10.0,10.0,10.0,10.0,0.61,1,10153,14,101530
2009-11-10,10.7,10.7,10.7,10.7,0.7,1,34909,23,373522
2009-11-11,11.4,11.4,11.4,11.4,0.7,1,26463,22,301675
2009-11-12,12.15,12.15,12.15,11.0,0.75,1,389052,141,4666774
2009-11-13,12.7,12.6,12.7,12.0,0.45,1,156089,94,1943737
2009-11-16,12.6,12.2,12.9,12.0,-0.4,-1,49079,32,613398
2009-11-17,12.2,11.35,12.2,11.35,-0.85,-1,86000,33,991250
2009-11-18,11.35,10.8,11.75,10.65,-0.55,-1,30187,24,336300
2009-11-19,11.1,10.95,11.55,10.25,0.15,1,61156,40,673899
2009-11-20,10.5,11.5,11.5,10.5,0.55,1,26882,23,295601
2009-11-23,11.35,12.0,12.0,11.05,0.5,1,39252,32,449895
2009-11-24,11.55,12.15,12.3,11.45,0.15,1,75674,36,908654
2009-11-25,12.15,11.75,12.15,11.7,-0.4,-1,35999,28,427736
2009-11-26,11.25,12.1,12.1,11.25,0.35,1,36151,25,416484
2009-11-27,11.45,11.3,11.45,11.3,-0.8,-1,32000,19,363450
2009-11-30,11.0,10.95,11.4,10.75,-0.35,-1,37152,27,409956
2009-12-01,10.9,11.7,11.7,10.9,0.75,1,38303,32,440093
2009-12-02,12.0,11.95,12.35,11.65,0.25,1,32999,21,395737
2009-12-03,11.95,12.75,12.75,11.15,0.8,1,251758,89,2916899
2009-12-04,12.75,12.3,12.75,11.9,-0.45,-1,48999,34,595187
2009-12-07,12.0,11.5,12.0,11.5,-0.8,-1,17000,10,201500
2009-12-08,11.5,12.3,12.3,11.5,0.8,1,97334,51,1190237
2009-12-09,13.15,13.1,13.15,12.3,0.8,1,99999,56,1309387
2009-12-10,13.1,13.0,13.1,12.6,-0.1,-1,14999,15,191085
2009-12-11,12.4,13.0,13.5,12.4,0.0,0,61737,30,804584
2009-12-14,12.6,12.85,12.85,12.45,-0.15,-1,30777,27,387711
2009-12-15,12.85,13.7,13.7,12.85,0.85,1,64999,37,858836
2009-12-16,14.3,14.3,14.3,13.5,0.6,1,34999,25,493486
2009-12-17,14.3,14.35,14.5,13.55,0.05,1,105491,64,1495719
2009-12-18,14.3,14.1,14.3,13.4,-0.25,-1,69682,38,967048
2009-12-21,14.1,13.7,14.1,13.5,-0.4,-1,22221,12,304749
2009-12-22,13.9,13.7,14.0,13.6,0.0,0,36702,22,509196
2009-12-23,13.6,13.65,13.7,13.6,-0.05,-1,18499,12,251908
2009-12-24,13.65,13.65,13.65,12.9,0.0,0,52001,22,688111
2009-12-25,13.1,13.0,13.3,12.95,-0.65,-1,50392,23,656656
2009-12-28,13.45,13.45,13.45,12.95,0.45,1,16194,16,214828
2009-12-29,12.8,12.95,13.1,12.8,-0.5,-1,16711,14,216508
2009-12-30,13.2,13.85,13.85,12.8,0.9,1,42063,29,566772
2009-12-31,13.85,13.85,13.85,13.5,0.0,0,34390,23,471691
2010-01-04,13.8,13.4,13.8,13.35,-0.45,-1,42828,18,579711
2010-01-05,13.4,12.75,13.95,12.5,-0.65,-1,58508,35,780699
2010-01-06,12.65,12.6,13.0,12.6,-0.15,-1,38218,26,484924
2010-01-07,12.35,12.3,12.4,12.3,-0.3,-1,18400,11,227229
2010-01-08,12.2,13.15,13.15,12.0,0.85,1,29749,20,375236
2010-01-11,14.05,13.4,14.05,13.4,0.25,1,52198,37,723482
2010-01-12,13.75,13.55,13.75,13.55,0.15,1,4170,7,56676
2010-01-13,14.2,13.65,14.2,13.6,0.1,1,21262,15,294149
2010-01-14,13.8,14.6,14.6,13.6,0.95,1,100329,46,1412468
2010-01-15,15.0,15.6,15.6,14.6,1.0,1,149913,76,2316834
2010-01-18,16.5,16.65,16.65,15.9,1.05,1,103323,56,1712773
2010-01-19,17.8,17.8,17.8,17.8,1.15,1,58633,39,1043663
2010-01-20,19.0,18.3,19.0,17.85,0.5,1,295281,132,5562958
2010-01-21,19.0,17.35,19.3,17.15,-0.95,-1,119191,69,2119433
2010-01-22,17.35,18.55,18.55,17.35,1.2,1,192015,106,3537423
2010-01-25,19.8,19.8,19.8,19.8,1.25,1,157478,92,3118059
2010-01-26,21.15,20.25,21.15,18.5,0.45,1,235238,138,4814360
2010-01-27,18.85,19.0,20.6,18.85,-1.25,-1,123000,76,2342350
2010-01-28,19.0,20.1,20.1,18.5,1.1,1,71914,49,1386887
2010-01-29,20.1,18.7,20.1,18.7,-1.4,-1,62000,38,1206550
2010-02-01,17.4,17.8,17.8,17.4,-0.9,-1,47999,30,845730
2010-02-02,17.4,17.5,18.3,17.4,-0.3,-1,27999,20,493282
2010-02-03,17.55,18.0,18.0,17.55,0.5,1,18118,12,321412
2010-02-04,18.0,18.0,18.0,18.0,0.0,0,2257,4,40500
2010-02-05,17.5,16.95,17.5,16.75,-1.05,-1,53000,24,895650
2010-02-06,18.0,17.1,18.0,17.0,0.15,1,6000,5,103700
2010-02-08,18.0,16.45,18.0,16.4,-0.65,-1,16010,11,273216
2010-02-09,17.1,16.75,17.1,16.0,0.3,1,51000,28,827000
2010-02-10,16.9,16.6,17.0,16.6,-0.15,-1,22010,17,370066
2010-02-22,16.5,17.4,17.45,16.5,0.8,1,10711,15,182911
2010-02-23,16.55,17.4,17.4,16.55,0.0,0,8473,8,146532
2010-02-24,17.4,18.0,18.0,17.4,0.6,1,3000,3,52800
2010-02-25,18.0,16.75,18.0,16.75,-1.25,-1,41335,24,699510
2010-02-26,16.05,16.2,17.1,16.05,-0.55,-1,11395,16,187457
2010-03-01,16.9,16.9,16.9,16.85,0.7,1,6000,5,101350
2010-03-02,16.9,16.55,17.0,16.45,-0.35,-1,14696,14,246168
2010-03-03,16.15,16.75,16.95,16.15,0.2,1,8000,6,133800
2010-03-04,16.95,16.95,16.95,16.15,0.2,1,15000,11,246350
2010-03-05,17.0,17.2,17.2,17.0,0.25,1,5362,8,91388
2010-03-08,17.0,16.9,17.0,16.65,-0.3,-1,27000,15,455150
2010-03-09,17.4,17.2,17.4,17.1,0.3,1,6000,5,103250
2010-03-10,17.2,18.4,18.4,17.0,1.2,1,62576,35,1122297
2010-03-11,19.65,19.65,19.65,19.65,1.25,1,56838,33,1116862
2010-03-12,21.0,21.0,21.0,21.0,1.35,1,156812,75,3293052
2010-03-15,22.45,22.45,22.45,22.45,1.45,1,78247,42,1756643
2010-03-16,24.0,23.5,24.0,22.6,1.05,1,517975,300,12289760
2010-03-17,24.0,24.6,24.8,22.65,1.1,1,254938,171,6031862
2010-03-18,24.5,23.9,25.15,23.0,-0.7,-1,141381,99,3459896
2010-03-19,23.9,23.25,23.9,23.2,-0.65,-1,119000,74,2795550
2010-03-22,23.5,24.85,24.85,23.1,1.6,1,237997,153,5806772
2010-03-23,25.75,26.55,26.55,25.0,1.7,1,119084,81,3094223
2010-03-24,28.4,28.4,28.4,28.4,1.85,1,86235,59,2449069
2010-03-25,30.35,30.0,30.35,28.6,1.6,1,361341,256,10630754
2010-03-26,29.9,28.9,29.9,28.8,-1.1,-1,201198,128,5841890
2010-03-29,28.9,28.5,29.8,28.5,-0.4,-1,128322,83,3718944
2010-03-30,28.5,28.3,29.5,28.0,-0.2,-1,65204,49,1858162
2010-03-31,28.8,27.4,29.1,27.3,-0.9,-1,84411,56,2385428
2010-04-01,27.4,27.8,28.2,27.4,0.4,1,70308,44,1940837
2010-04-02,29.5,27.6,29.5,27.0,-0.2,-1,63750,35,1787036
2010-04-06,27.6,26.2,27.6,26.0,-1.4,-1,187731,110,4976106
2010-04-07,26.2,26.3,26.75,26.2,0.1,1,47374,41,1252809
2010-04-08,25.0,26.6,26.6,25.0,0.3,1,24186,20,634679
2010-04-09,26.5,28.45,28.45,26.5,1.85,1,127556,76,3598766
2010-04-12,30.4,30.4,30.4,30.4,1.95,1,98944,61,3007891
2010-04-13,32.5,32.3,32.5,30.8,1.9,1,531999,313,17127665
2010-04-14,34.45,32.8,34.55,31.4,0.5,1,388333,228,12971403
2010-04-15,31.4,31.7,32.4,31.4,-1.1,-1,159775,101,5082233
2010-04-16,31.5,31.5,33.0,31.5,-0.2,-1,108382,73,3484517
2010-04-19,31.4,29.3,31.4,29.3,-2.2,-1,70300,51,2103915
2010-04-20,28.0,28.45,30.0,28.0,-0.85,-1,62077,40,1778421
2010-04-21,28.45,30.4,30.4,28.45,1.95,1,130098,82,3907740
2010-04-22,29.4,29.2,29.9,28.9,-1.2,-1,42100,31,1238169
2010-04-23,28.2,29.1,29.9,28.2,-0.1,-1,63000,45,1856300
2010-04-26,29.0,29.9,30.1,29.0,0.8,1,83083,60,2465609
2010-04-27,29.2,30.5,30.8,29.15,0.6,1,51847,41,1554063
2010-04-28,30.0,29.6,30.0,29.0,-0.9,-1,57711,39,1725203
2010-04-29,29.8,29.8,30.5,29.0,0.2,1,61374,42,1824950
2010-04-30,30.0,29.05,30.1,29.0,-0.75,-1,74427,50,2207103
2010-05-03,30.0,29.2,30.0,29.2,0.15,1,26627,24,782683
2010-05-04,29.45,29.4,29.45,28.5,0.2,1,48916,22,1417497
2010-05-05,28.8,27.5,29.4,27.5,-1.9,-1,37100,29,1059185
2010-05-06,25.6,27.25,27.5,25.6,-0.25,-1,64000,43,1725700
2010-05-07,25.5,26.0,27.9,25.5,-1.25,-1,26094,21,679794
2010-05-10,26.0,27.8,27.8,26.0,1.8,1,37000,23,1003700
2010-05-11,28.5,28.95,29.7,28.3,1.15,1,63000,43,1851450
2010-05-12,28.95,28.4,29.2,28.2,-0.55,-1,38000,31,1083300
2010-05-13,27.55,28.7,28.75,27.55,0.3,1,19213,17,541213
2010-05-14,29.75,28.7,29.75,28.3,0.0,0,8000,8,230750
2010-05-17,28.7,26.8,28.7,26.7,-1.9,-1,20000,19,542550
2010-05-18,26.2,26.5,27.8,26.2,-0.3,-1,20339,17,540065
2010-05-19,27.0,27.0,27.0,26.5,0.5,1,6169,7,165629
2010-05-20,27.65,26.3,27.65,26.25,-0.7,-1,19426,13,519118
2010-05-21,26.0,25.3,26.7,25.15,-1.0,-1,31554,27,816404
2010-05-24,26.9,25.3,26.9,25.3,0.0,0,6000,6,156300
2010-05-25,24.4,24.35,24.5,23.55,-0.95,-1,25337,21,603404
2010-05-26,22.9,24.35,24.35,22.8,0.0,0,31000,22,750900
2010-05-27,23.85,24.8,24.8,23.55,0.45,1,14000,12,334950
2010-05-28,24.8,24.8,25.2,24.8,0.0,0,20914,16,519283
2010-05-31,25.6,26.0,26.0,25.6,1.2,1,3000,3,77300
2010-06-01,26.0,24.6,26.0,24.6,-1.4,-1,3031,4,77356
2010-06-02,24.25,24.65,24.65,24.25,0.05,1,2000,2,48900
2010-06-03,24.8,26.35,26.35,24.65,1.7,1,34174,22,881334
2010-06-04,28.15,28.0,28.15,27.1,1.65,1,99000,41,2774700
2010-06-07,26.05,26.15,27.1,26.05,-1.85,-1,38000,22,1004200
2010-06-08,26.0,26.25,26.25,26.0,0.1,1,4000,3,104750
2010-06-09,26.3,24.6,26.3,24.6,-1.65,-1,21000,13,529700
2010-06-10,23.3,23.3,23.3,23.3,-1.3,-1,8000,7,186400
2010-06-11,24.9,24.9,24.9,24.9,1.6,1,14626,19,364187
2010-06-14,26.6,26.6,26.6,26.6,1.7,1,60581,34,1611453
2010-06-15,28.45,28.4,28.45,27.7,1.8,1,171958,96,4861165
2010-06-17,26.45,28.3,28.4,26.45,-0.1,-1,49200,31,1357670
2010-06-18,27.5,26.65,27.5,26.6,-1.65,-1,44981,35,1204747
2010-06-21,26.65,27.1,27.65,26.65,0.45,1,23381,24,632975
2010-06-22,27.2,27.3,27.6,26.4,0.2,1,26000,18,705450
2010-06-23,27.2,27.2,27.3,26.6,-0.1,-1,99000,16,2640700
2010-06-24,26.75,25.4,26.8,25.4,-1.8,-1,27000,18,701700
2010-06-25,26.2,23.7,27.0,23.7,-1.7,-1,59125,44,1493811
2010-06-28,24.5,23.5,25.25,23.5,-0.2,-1,56328,44,1379572
2010-06-29,24.5,24.0,25.0,24.0,0.5,1,52641,40,1291084
2010-06-30,23.05,23.7,24.0,23.05,-0.3,-1,24000,18,572050
2010-07-01,23.7,22.6,24.85,22.6,-1.1,-1,64000,43,1471050
2010-07-02,23.5,24.15,24.15,23.1,1.55,1,66809,49,1582286
2010-07-05,25.1,25.8,25.8,25.1,1.65,1,59000,46,1511700
2010-07-06,26.0,27.2,27.6,26.0,1.4,1,77508,51,2102866
2010-07-07,27.95,25.85,27.95,25.7,-1.35,-1,66333,46,1743091
2010-07-08,26.0,26.5,26.5,25.0,0.65,1,30967,26,808131
2010-07-09,26.5,25.95,27.0,25.85,-0.55,-1,14000,14,368950
2010-07-12,24.6,25.1,25.1,24.6,-0.85,-1,18000,18,449550
2010-07-13,25.3,26.1,26.1,25.3,1.0,1,28027,17,724499
2010-07-14,26.8,26.3,26.8,26.0,0.2,1,27000,15,710700
2010-07-15,28.1,26.3,28.1,25.8,0.0,0,40000,22,1077650
2010-07-16,25.6,25.25,25.7,25.25,-1.05,-1,11205,9,286075
2010-07-19,24.2,25.2,25.2,24.2,-0.05,-1,6000,6,146300
2010-07-20,25.8,26.2,26.45,25.8,1.0,1,9848,10,258898
2010-07-21,25.8,25.45,25.8,25.45,-0.75,-1,4534,6,115706
2010-07-22,25.0,25.1,25.1,25.0,-0.35,-1,7000,6,175200
2010-07-23,25.2,25.3,25.5,25.1,0.2,1,24000,21,607750
2010-07-26,25.4,25.0,25.4,24.65,-0.3,-1,22000,18,544000
2010-07-27,24.85,24.65,25.0,24.65,-0.35,-1,9142,10,226950
2010-07-28,24.6,24.65,24.7,24.6,0.0,0,25714,21,634143
2010-07-29,24.5,24.4,24.5,24.4,-0.25,-1,13000,10,317650
2010-07-30,24.05,24.15,24.4,24.0,-0.25,-1,15000,12,362150
2010-08-02,24.45,24.15,24.55,24.15,0.0,0,29000,17,708150
2010-08-03,24.15,24.5,24.5,24.15,0.35,1,10000,8,242450
2010-08-04,25.95,25.0,25.95,25.0,0.5,1,10899,9,273244
2010-08-05,24.3,24.7,24.85,24.15,-0.3,-1,9999,11,243076
2010-08-06,24.15,24.25,24.4,24.05,-0.45,-1,11032,10,266821
2010-08-09,24.05,23.8,24.05,23.8,-0.45,-1,11000,9,262900
2010-08-10,23.9,24.1,24.3,23.9,0.3,1,8000,8,192500
2010-08-11,22.6,23.95,23.95,22.6,-0.15,-1,7000,7,160000
2010-08-12,23.8,23.5,23.95,23.0,-0.45,-1,26000,17,604700
2010-08-13,23.5,23.6,24.1,23.5,0.1,1,23000,15,542550
2010-08-16,23.15,23.55,23.75,23.1,-0.05,-1,9122,11,212637
2010-08-17,23.5,23.35,23.5,22.95,-0.2,-1,4198,6,97343
2010-08-18,23.35,22.9,23.35,22.9,-0.45,-1,3000,3,69600
2010-08-19,22.4,23.6,23.65,22.4,0.7,1,11000,11,253150
2010-08-20,23.0,23.25,23.25,23.0,-0.35,-1,3731,6,86185
2010-08-23,23.0,22.65,23.0,21.75,-0.6,-1,46123,33,1037335
2010-08-24,22.4,22.2,23.2,22.2,-0.45,-1,19685,14,444820
2010-08-25,22.0,21.25,22.0,21.25,-0.95,-1,22000,13,476300
2010-08-26,21.15,21.75,21.75,20.5,0.5,1,36999,25,781078
2010-08-27,21.75,22.0,22.0,20.75,0.25,1,18169,13,385434
2010-08-30,21.6,21.85,22.0,21.25,-0.15,-1,24079,18,519764
2010-08-31,21.85,20.75,22.6,20.75,-1.1,-1,21000,20,443600
2010-09-01,20.6,20.1,20.6,19.85,-0.65,-1,14000,10,281450
2010-09-02,20.1,21.5,21.5,20.1,1.4,1,24000,14,506350
2010-09-03,23.0,23.0,23.0,23.0,1.5,1,81760,52,1880480
2010-09-06,23.9,23.0,23.9,21.5,0.0,0,49000,31,1124700
2010-09-07,22.1,23.6,23.7,21.9,0.6,1,43141,34,995448
2010-09-08,22.9,22.3,22.9,22.3,-1.3,-1,16000,14,359050
2010-09-09,21.8,22.3,22.4,21.5,0.0,0,26304,25,569868
2010-09-10,21.55,23.85,23.85,21.55,1.55,1,46339,29,1058484
2010-09-13,23.85,25.4,25.4,23.65,1.55,1,50678,39,1269585
2010-09-14,25.5,26.0,26.0,24.5,0.6,1,50136,34,1276517
2010-09-15,25.9,26.0,26.0,25.1,0.0,0,17848,15,457528
2010-09-16,26.0,25.7,26.0,24.4,-0.3,-1,13337,13,330862
2010-09-17,25.4,26.0,26.0,24.65,0.3,1,27980,27,716833
2010-09-20,25.9,25.8,25.9,25.8,-0.2,-1,4999,6,128973
2010-09-21,26.0,26.0,26.0,26.0,0.2,1,5721,7,148600
2010-09-23,25.1,25.85,25.85,24.2,-0.15,-1,9326,10,232728
2010-09-24,24.55,25.8,25.8,24.55,-0.05,-1,21081,22,540723
2010-09-27,24.7,25.35,25.35,24.3,-0.45,-1,13309,14,328255
2010-09-28,24.2,23.9,24.75,23.85,-1.45,-1,7000,7,168450
2010-09-29,22.6,22.8,22.8,22.5,-1.1,-1,13000,13,293900
2010-09-30,22.8,22.25,23.55,22.0,-0.55,-1,28000,18,632250
2010-10-01,22.25,23.8,23.8,22.0,1.55,1,25169,21,576372
2010-10-04,23.8,23.25,23.8,23.25,-0.55,-1,10696,11,251877
2010-10-05,23.3,24.5,24.7,23.3,1.25,1,20508,18,486944
2010-10-06,24.5,25.0,25.0,24.5,0.5,1,3339,4,82407
2010-10-07,24.0,24.9,24.9,24.0,-0.1,-1,4082,8,100307
2010-10-08,24.9,24.5,24.9,24.5,-0.4,-1,7251,8,179099
2010-10-11,24.4,24.4,24.4,24.4,-0.1,-1,1356,2,33015
2010-10-12,23.8,23.4,23.8,23.4,-1.0,-1,5449,6,129016
2010-10-13,23.8,23.9,24.3,23.8,0.5,1,4544,6,108792
2010-10-14,25.0,24.7,25.0,24.05,0.8,1,34346,22,851126
2010-10-15,26.4,25.8,26.4,25.6,1.1,1,208232,105,5484924
2010-10-18,25.45,24.6,25.45,24.0,-1.2,-1,70000,46,1709300
2010-10-19,23.5,23.3,23.8,23.3,-1.3,-1,21000,18,494650
2010-10-20,23.8,24.45,24.45,23.8,1.15,1,6339,8,153087
2010-10-21,24.45,24.6,24.6,24.45,0.15,1,3000,3,73500
2010-10-22,23.9,24.45,24.45,23.9,-0.15,-1,3000,3,72250
2010-10-25,23.85,23.85,23.85,23.85,-0.6,-1,2000,2,47700
2010-10-26,23.85,23.85,23.85,23.85,0.0,0,2000,1,47700
2010-10-27,23.85,23.1,23.85,23.1,-0.75,-1,4900,5,114869
2010-10-28,0.0,0.0,0.0,0.0,0.0,0,0,0,0
2010-10-29,23.1,23.9,23.9,23.1,0.8,1,9743,8,229508
2010-11-01,25.2,23.1,25.2,23.1,-0.8,-1,10000,9,234600
2010-11-02,23.1,21.5,23.1,21.5,-1.6,-1,23692,21,523177
2010-11-03,21.8,21.9,21.9,21.8,0.4,1,2678,3,58412
2010-11-04,23.3,23.3,23.3,23.3,1.4,1,1108,2,25794
2010-11-05,23.45,22.35,23.8,22.2,-0.95,-1,5196,6,118530
2010-11-08,22.35,22.35,22.35,22.35,0.0,0,3127,5,69868
2010-11-09,0.0,0.0,0.0,0.0,0.0,0,0,0,0
2010-11-10,22.1,21.4,22.1,21.1,-0.95,-1,7000,7,150400
2010-11-11,21.4,21.3,21.4,20.3,-0.1,-1,29693,25,614271
2010-11-12,20.8,21.3,21.3,20.8,0.0,0,13579,8,288616
2010-11-15,0.0,0.0,0.0,0.0,0.0,0,0,0,0
2010-11-16,22.25,22.75,22.75,22.25,1.45,1,35835,27,814544
2010-11-17,24.3,24.3,24.3,24.3,1.55,1,31273,26,759932
2010-11-18,26.0,24.6,26.0,24.3,0.3,1,119785,49,3056954
2010-11-19,25.0,24.0,25.0,24.0,-0.6,-1,13000,12,313400
2010-11-22,24.0,24.0,24.7,24.0,0.0,0,4000,4,96700
2010-11-23,24.1,24.05,25.0,24.05,0.05,1,7823,9,192518
2010-11-24,0.0,0.0,0.0,0.0,0.0,0,0,0,0
2010-11-25,24.8,24.4,25.4,24.4,0.35,1,26029,17,645351
2010-11-26,25.95,24.0,25.95,24.0,-0.4,-1,11000,8,275550
2010-11-29,24.6,24.05,24.6,24.05,0.05,1,5000,4,120800
2010-11-30,0.0,0.0,0.0,0.0,0.0,0,0,0,0
2010-12-01,23.5,23.5,23.5,23.5,-0.55,-1,1169,2,27437
2010-12-02,23.4,24.05,24.05,23.2,0.55,1,5082,6,119109
2010-12-03,24.0,23.15,24.0,23.15,-0.9,-1,8169,9,190487
2010-12-06,22.8,22.8,22.8,22.8,-0.35,-1,7028,8,160232
2010-12-07,23.2,23.2,23.2,23.2,0.4,1,2558,5,59234
2010-12-08,23.2,23.2,23.2,22.8,0.0,0,16047,10,371481
2010-12-09,23.1,23.0,23.1,23.0,-0.2,-1,15063,11,347036
2010-12-10,0.0,0.0,0.0,0.0,0.0,0,0,0,0
2010-12-13,22.5,22.5,22.5,22.5,-0.5,-1,4001,5,90022
2010-12-14,22.5,22.0,22.55,22.0,-0.5,-1,22508,14,501124
2010-12-15,22.45,21.65,22.45,21.65,-0.35,-1,6000,6,131450
2010-12-16,22.0,22.3,22.4,21.9,0.65,1,21999,22,486078
2010-12-17,22.3,22.3,22.3,22.3,0.0,0,1000,1,22300
2010-12-20,22.0,21.85,22.0,21.85,-0.45,-1,2999,4,65378
2010-12-21,22.2,21.7,22.2,21.7,-0.15,-1,21500,12,469975
2010-12-22,21.5,22.85,22.85,21.05,1.15,1,21523,21,468222
2010-12-23,22.7,22.85,22.85,22.7,0.0,0,15500,12,352100
2010-12-24,23.2,21.5,23.2,21.5,-1.35,-1,23169,24,501983
2010-12-27,21.8,21.3,21.8,21.3,-0.2,-1,11152,13,240236
2010-12-28,21.4,21.3,21.4,21.3,0.0,0,11000,3,234850
2010-12-29,21.0,21.0,21.0,20.8,-0.3,-1,8264,10,172791
2010-12-30,21.0,21.0,21.4,20.95,0.0,0,20000,16,421200
2010-12-31,21.8,21.8,21.8,21.8,0.8,1,2380,4,51807
2011-01-03,21.8,21.2,21.8,21.1,-0.6,-1,17000,15,362250
2011-01-04,21.75,21.25,21.75,21.25,0.05,1,6776,10,145422
2011-01-05,0.0,0.0,0.0,0.0,-21.25,-1,1356,4,27797
2011-01-06,19.8,20.6,21.9,19.8,-0.65,-1,20169,11,420047
2011-01-07,20.6,20.3,20.7,20.3,-0.3,-1,4169,5,85496
2011-01-10,20.5,20.9,20.9,20.5,0.6,1,3000,3,62300
2011-01-11,22.35,22.35,22.35,22.35,1.45,1,55157,39,1232758
2011-01-12,23.9,23.9,23.9,23.9,1.55,1,40783,40,974712
2011-01-13,25.5,23.95,25.5,23.0,0.05,1,135241,93,3367819
2011-01-14,23.7,22.8,24.8,22.8,-1.15,-1,67641,50,1580086
2011-01-17,22.8,22.05,22.8,22.05,-0.75,-1,9000,9,202750
2011-01-18,22.0,22.7,22.8,22.0,0.65,1,9740,8,217149
2011-01-19,22.7,23.35,23.55,22.7,0.65,1,28999,24,666527
2011-01-20,23.35,23.3,23.5,22.45,-0.05,-1,13034,10,300585
2011-01-21,22.5,23.1,23.2,22.4,-0.2,-1,5168,6,117447
2011-01-24,23.1,22.95,23.1,22.5,-0.15,-1,8000,7,182850
2011-01-25,22.4,22.75,22.75,22.1,-0.2,-1,6006,7,134385
2011-01-26,23.35,22.1,23.35,22.1,-0.65,-1,18263,19,417009
2011-01-27,22.1,21.8,22.1,21.8,-0.3,-1,20659,10,453984
2011-01-28,21.8,22.2,22.2,21.8,0.4,1,8338,10,183236
2011-02-08,23.1,22.25,23.1,22.2,0.05,1,8000,7,181650
2011-02-09,22.6,22.25,23.0,22.25,0.0,0,23000,15,519450
2011-02-10,22.3,21.9,22.3,21.9,-0.35,-1,11020,8,243738
2011-02-11,21.9,21.6,21.9,21.6,-0.3,-1,9100,9,198159
2011-02-14,21.5,21.15,21.5,21.15,-0.45,-1,19088,13,408198
2011-02-15,21.1,21.0,21.1,20.95,-0.15,-1,8000,7,168450
2011-02-16,21.0,20.8,21.65,20.8,-0.2,-1,35017,20,733100
2011-02-17,20.85,20.85,21.0,20.8,0.05,1,18063,10,376804
2011-02-18,21.5,21.45,21.5,21.05,0.6,1,5398,6,115087
2011-02-21,21.45,21.7,21.7,21.45,0.25,1,11000,9,237100
2011-02-22,21.05,21.7,21.95,21.05,0.0,0,7000,7,150200
2011-02-23,21.2,21.0,21.2,21.0,-0.7,-1,10204,9,216043
2011-02-24,22.0,21.85,22.0,21.3,0.85,1,20000,17,435700
2011-02-25,22.0,22.5,22.75,21.3,0.65,1,21000,18,463700
2011-03-01,23.05,21.7,23.05,21.65,-0.8,-1,17003,14,375515
2011-03-02,21.9,22.0,22.35,21.6,0.3,1,27030,23,593410
2011-03-03,22.0,21.35,22.35,21.3,-0.65,-1,17541,16,382168
2011-03-04,21.35,21.2,21.35,21.2,-0.15,-1,16000,15,339950
2011-03-07,20.9,21.55,21.55,20.5,0.35,1,57100,47,1188940
2011-03-08,21.15,21.9,21.9,21.15,0.35,1,7000,3,148800
2011-03-09,21.2,21.1,21.5,21.1,-0.8,-1,7001,6,148771
2011-03-10,20.6,19.75,20.95,19.75,-1.35,-1,81000,49,1626950
2011-03-11,19.75,19.6,19.75,18.5,-0.15,-1,14000,14,268200
2011-03-14,19.4,19.4,19.4,19.4,-0.2,-1,1000,1,19400
2011-03-15,19.9,18.2,19.9,18.1,-1.2,-1,8000,5,151900
2011-03-16,18.0,18.0,18.0,17.2,-0.2,-1,4000,4,71200
2011-03-17,18.0,18.7,18.7,18.0,0.7,1,2000,2,36700
2011-03-18,18.7,18.0,18.7,17.85,-0.7,-1,10000,7,183750
2011-03-21,17.3,18.3,18.3,17.3,0.3,1,4011,5,72400
2011-03-22,17.8,18.2,18.2,17.3,-0.1,-1,4000,4,70700
2011-03-23,18.2,17.8,18.2,17.2,-0.4,-1,8492,9,149931
2011-03-24,18.0,18.8,18.8,18.0,1.0,1,27000,16,498750
2011-03-25,18.5,19.2,19.25,18.5,0.4,1,8000,6,150450
2011-03-28,18.55,19.4,19.4,18.55,0.2,1,2000,2,37950
2011-03-29,18.8,19.1,19.1,18.2,-0.3,-1,3051,4,57081
2011-03-30,18.5,18.8,18.8,17.9,-0.3,-1,8763,9,159691
2011-03-31,18.8,17.65,18.8,17.65,-1.15,-1,21000,21,374450
2011-04-01,17.7,17.4,17.7,17.0,-0.25,-1,27000,22,465350
2011-04-06,17.3,17.2,17.3,17.2,-0.2,-1,9063,7,155977
2011-04-07,16.6,17.4,17.5,16.6,0.2,1,3000,3,51500
2011-04-08,16.75,17.2,17.2,16.75,-0.2,-1,3000,3,50700
2011-04-11,16.7,16.45,16.7,16.25,-0.75,-1,13000,10,212900
2011-04-12,16.0,16.1,16.25,16.0,-0.35,-1,24010,15,386162
2011-04-13,16.7,16.6,16.7,16.45,0.5,1,7696,8,127533
2011-04-14,16.6,16.6,16.6,16.6,0.0,0,2010,3,33366
2011-04-15,0.0,0.0,0.0,0.0,0.0,0,0,0,0
2011-04-18,15.7,16.1,16.1,15.65,-0.35,-1,5000,5,78800
2011-04-19,0.0,0.0,0.0,0.0,0.0,0,0,0,0
2011-04-20,0.0,0.0,0.0,0.0,-16.1,-1,169,1,2543
2011-04-21,17.0,17.0,17.2,16.7,0.9,1,27034,22,460274
2011-04-22,16.0,16.5,16.5,16.0,-0.5,-1,6000,6,97900
2011-04-25,16.0,16.0,16.1,16.0,-0.5,-1,19320,14,309338
2011-04-26,16.0,15.7,16.0,15.5,-0.3,-1,11000,8,172500
2011-04-27,15.55,15.6,15.6,15.55,-0.1,-1,7000,6,109100
2011-04-28,16.0,15.6,16.0,15.6,0.0,0,4698,4,73619
2011-04-29,15.5,15.7,15.7,14.85,0.1,1,7000,7,106900
2011-05-03,15.05,15.95,15.95,15.05,0.25,1,9000,8,140050
2011-05-04,15.05,15.0,15.1,14.95,-0.95,-1,23000,16,345800
2011-05-05,15.4,14.5,15.4,14.5,-0.5,-1,11417,13,167954
2011-05-06,14.2,13.7,14.2,13.7,-0.8,-1,20000,16,279700
2011-05-09,13.2,13.15,13.7,13.1,-0.55,-1,50000,37,664400
2011-05-10,13.55,13.45,13.55,13.2,0.3,1,9865,10,132603
2011-05-11,13.65,13.5,13.65,13.5,0.05,1,7000,7,95050
2011-05-12,13.3,13.2,13.55,13.2,-0.3,-1,17000,11,226100
2011-05-13,13.05,13.45,13.45,13.05,0.25,1,7346,9,97801
2011-05-16,13.25,13.3,13.3,12.85,-0.15,-1,8135,9,105882
2011-05-17,13.55,12.9,13.55,12.9,-0.4,-1,14007,14,182339
2011-05-18,13.05,13.05,13.35,12.8,0.15,1,30000,24,388800
2011-05-19,13.1,13.45,13.5,13.1,0.4,1,29000,21,385350
2011-05-20,13.7,14.35,14.35,13.7,0.9,1,42170,27,603139
2011-05-23,14.45,14.15,14.45,13.7,-0.2,-1,19259,21,273426
2011-05-24,13.85,14.3,14.6,13.85,0.15,1,11307,11,159359
2011-05-25,14.4,14.4,14.4,14.4,0.1,1,12000,6,172800
2011-05-26,15.3,15.4,15.4,14.5,1.0,1,22169,23,336035
2011-05-27,15.4,15.6,15.6,14.9,0.2,1,21187,20,321848
2011-05-30,14.95,15.3,15.65,14.95,-0.3,-1,7481,8,115461
2011-05-31,15.3,14.95,15.3,14.95,-0.35,-1,5000,5,76000
2011-06-01,14.95,15.0,15.0,14.95,0.05,1,3000,2,44950
2011-06-02,15.4,14.9,15.4,13.95,-0.1,-1,27000,20,383350
2011-06-03,14.6,14.0,14.6,14.0,-0.9,-1,14311,11,204922
2011-06-07,13.65,14.3,14.3,13.65,0.3,1,29019,19,399519
2011-06-08,14.35,15.3,15.3,14.35,1.0,1,109169,77,1656218
2011-06-09,15.3,16.35,16.35,15.3,1.05,1,62000,46,981900
2011-06-10,17.1,17.45,17.45,17.0,1.1,1,43000,34,744350
2011-06-13,17.8,18.65,18.65,17.7,1.2,1,26000,21,472050
2011-06-14,19.95,19.95,19.95,19.1,1.3,1,173356,99,3454698
2011-06-15,19.95,20.2,21.25,19.65,0.25,1,145526,105,2958070
2011-06-16,18.8,19.4,19.8,18.8,-0.8,-1,140473,89,2671831
2011-06-17,18.65,18.9,19.0,18.05,-0.5,-1,42000,36,768100
2011-06-20,18.5,18.15,18.5,17.6,-0.75,-1,39000,27,699500
2011-06-21,17.35,16.9,17.35,16.9,-1.25,-1,26000,18,443000
2011-06-22,17.3,18.05,18.05,16.9,1.15,1,25000,18,444850
2011-06-23,19.3,19.3,19.3,19.3,1.25,1,54875,34,1059087
2011-06-24,19.9,19.3,19.9,17.95,0.0,0,54875,43,1037212
2011-06-27,17.95,18.85,18.85,17.95,-0.45,-1,47000,38,865300
2011-06-28,18.3,18.45,19.1,18.2,-0.4,-1,23000,20,431550
2011-06-29,18.0,19.0,19.25,17.65,0.55,1,32000,25,604000
2011-06-30,19.15,19.6,19.7,18.55,0.6,1,44017,37,849229
2011-07-01,18.7,18.7,18.75,18.7,-0.9,-1,4000,4,74850
2011-07-04,18.3,18.95,19.0,18.3,0.25,1,9725,9,182080
2011-07-05,18.8,18.8,18.8,18.8,-0.15,-1,5169,5,97143
2011-07-06,19.3,20.1,20.1,18.95,1.3,1,42477,38,846637
2011-07-07,20.1,20.4,20.6,19.8,0.3,1,37425,29,756735
2011-07-08,20.3,19.85,20.3,19.65,-0.55,-1,20000,10,399050
2011-07-11,20.2,19.5,20.2,19.5,-0.35,-1,8999,10,178680
2011-07-12,19.5,20.45,20.85,19.5,0.95,1,22018,24,447162
2011-07-13,20.45,20.75,21.0,19.9,0.3,1,31999,20,650830
2011-07-14,20.3,19.55,20.3,19.55,-1.2,-1,8000,8,159250
2011-07-15,18.5,20.0,20.0,18.5,0.45,1,5083,5,98643
2011-07-18,19.15,19.15,20.0,19.15,-0.85,-1,12410,4,238440
2011-07-19,18.7,19.85,19.85,18.7,0.7,1,4000,4,76050
2011-07-20,19.1,20.3,20.3,19.1,0.45,1,7000,7,139700
2011-07-21,19.6,19.85,19.85,19.6,-0.45,-1,2000,2,39450
2011-07-22,19.6,19.6,19.6,19.6,-0.25,-1,3000,2,58800
2011-07-25,19.3,19.3,19.3,19.3,-0.3,-1,1000,1,19300
2011-07-26,19.15,19.1,19.15,19.1,-0.2,-1,10000,5,191050
2011-07-27,18.9,19.6,19.6,18.8,0.5,1,18925,11,360295
2011-07-28,19.6,19.6,19.6,19.6,0.0,0,2410,3,47154
2011-07-29,20.0,20.0,20.0,20.0,0.4,1,2000,2,40000
2011-08-01,19.6,20.5,20.5,19.6,0.5,1,46812,19,938182
2011-08-02,19.7,20.45,20.5,19.7,-0.05,-1,17822,10,363586
2011-08-03,19.9,20.2,20.2,19.9,-0.25,-1,10000,7,200250
2011-08-04,20.4,20.7,20.7,20.4,0.5,1,9513,7,195516
2011-08-05,19.6,19.75,20.0,19.3,-0.95,-1,22000,11,426700
2011-08-08,18.6,19.55,19.55,18.4,-0.2,-1,6523,7,122196
2011-08-09,18.4,19.45,19.45,18.2,-0.1,-1,10508,9,196904
2011-08-10,19.0,19.45,19.45,18.95,0.0,0,6000,5,114400
2011-08-11,18.6,19.95,19.95,18.6,0.5,1,8836,8,171802
2011-08-12,19.0,19.0,19.0,19.0,-0.95,-1,1000,1,19000
2011-08-15,19.0,19.0,19.0,19.0,0.0,0,10848,3,205942
2011-08-16,0.0,0.0,0.0,0.0,0.0,0,0,0,0
2011-08-17,18.4,18.8,18.8,18.35,-0.2,-1,4000,4,74350
2011-08-18,19.4,19.35,19.4,18.4,0.55,1,12000,11,231450
2011-08-19,18.25,18.25,18.25,18.25,-1.1,-1,2000,2,36500
2011-08-22,17.4,18.75,18.75,17.4,0.5,1,5000,5,92350
2011-08-23,18.05,18.8,19.4,18.05,0.05,1,13000,9,247050
2011-08-24,18.8,18.8,18.8,18.8,0.0,0,7019,4,131953
2011-08-25,18.8,18.8,18.8,18.35,0.0,0,18000,5,337950
2011-08-26,18.25,18.35,18.8,18.25,-0.45,-1,9000,9,167750
2011-08-29,18.7,19.0,19.0,18.7,0.65,1,11000,5,207450
2011-08-30,19.0,19.0,19.0,19.0,0.0,0,2000,1,38000
2011-08-31,18.3,19.0,19.0,18.3,0.0,0,3000,3,55600
2011-09-01,0.0,0.0,0.0,0.0,0.0,0,0,0,0
2011-09-02,0.0,0.0,0.0,0.0,0.0,0,0,0,0
2011-09-05,18.05,18.7,18.7,17.8,-0.25,-1,6000,6,108150
2011-09-06,0.0,0.0,0.0,0.0,0.0,0,0,0,0
2011-09-07,19.1,19.1,19.1,19.1,0.45,1,1238,2,23598
2011-09-08,18.1,18.75,18.75,18.1,-0.35,-1,2000,2,36850
2011-09-09,19.2,19.2,19.2,19.2,0.45,1,1339,2,25641
2011-09-13,19.4,19.4,19.4,19.4,0.2,1,1000,1,19400
2011-09-14,0.0,0.0,0.0,0.0,0.0,0,0,0,0
2011-09-15,0.0,0.0,0.0,0.0,0.0,0,0,0,0
2011-09-16,19.55,19.55,19.55,19.55,0.55,1,1000,1,19550
2011-09-19,19.7,19.7,19.7,19.7,0.15,1,1000,1,19700
2011-09-20,0.0,0.0,0.0,0.0,0.0,0,0,0,0
2011-09-21,0.0,0.0,0.0,0.0,0.0,0,0,0,0
2011-09-22,19.3,18.85,19.3,18.15,-0.65,-1,6000,6,110750
2011-09-23,0.0,0.0,0.0,0.0,0.0,0,0,0,0
2011-09-26,19.3,19.3,19.3,19.3,0.9,1,1000,1,19300
2011-09-27,18.0,18.2,18.2,18.0,-1.1,-1,3000,3,54400
2011-09-28,16.95,18.1,18.1,16.95,-0.1,-1,3000,3,52050
2011-09-29,18.0,18.45,19.35,16.9,0.35,1,11000,10,194650
2011-09-30,17.25,17.3,18.2,17.2,-1.15,-1,8999,8,156682
2011-10-03,16.3,17.0,17.0,16.1,-0.3,-1,10190,12,165286
2011-10-04,0.0,0.0,0.0,0.0,0.0,0,0,0,0
2011-10-05,15.7,16.6,16.6,15.7,-0.15,-1,3000,3,48000
2011-10-06,0.0,0.0,0.0,0.0,0.0,0,0,0,0
2011-10-07,16.9,16.9,16.9,16.9,0.4,1,1798,4,30306
2011-10-11,17.3,16.95,17.3,15.9,0.05,1,7001,7,113866
2011-10-12,17.1,17.1,17.1,17.1,0.15,1,1507,2,25719
2011-10-13,0.0,0.0,0.0,0.0,-17.1,-1,18,1,287
2011-10-14,16.15,16.8,16.8,16.15,-0.15,-1,2000,2,32950
2011-10-17,17.0,17.0,17.0,17.0,0.2,1,11000,7,187000
2011-10-18,17.0,16.9,17.0,16.0,-0.1,-1,8000,7,130600
2011-10-19,16.1,16.5,16.5,15.75,-0.4,-1,5009,6,80298
2011-10-20,15.35,16.35,16.35,15.35,-0.15,-1,3000,2,47050
2011-10-21,16.35,16.3,16.35,15.25,-0.05,-1,7001,7,109166
2011-10-24,0.0,0.0,0.0,0.0,0.0,0,0,0,0
2011-10-25,15.1,15.9,15.9,15.1,-0.1,-1,2305,3,35819
2011-10-26,16.1,16.1,16.1,16.1,0.2,1,1000,1,16100
2011-10-27,15.75,15.8,15.8,15.75,-0.3,-1,2000,2,31550
2011-10-28,15.6,16.2,16.2,15.6,0.4,1,2000,2,31800
2011-10-31,0.0,0.0,0.0,0.0,0.0,0,0,0,0
2011-11-01,0.0,0.0,0.0,0.0,0.0,0,0,0,0
2011-11-02,15.2,16.05,16.05,15.2,-0.1,-1,2236,3,35002
2011-11-03,15.9,16.5,16.5,15.9,0.45,1,2339,3,37959
2011-11-04,16.7,16.7,16.7,16.7,0.2,1,1187,2,19804
2011-11-07,16.95,16.8,16.95,16.8,0.1,1,3000,2,50550
2011-11-08,15.65,16.7,16.7,15.65,-0.1,-1,6048,6,95896
2011-11-09,16.3,16.2,16.3,15.65,-0.5,-1,5000,7,80549
2011-11-10,0.0,0.0,0.0,0.0,0.0,0,0,0,0
2011-11-11,16.0,15.9,16.45,14.9,-0.1,-1,13125,12,204275
2011-11-14,15.8,15.85,16.25,15.1,-0.05,-1,7062,6,109285
2011-11-15,15.2,15.7,15.7,14.85,-0.15,-1,7000,6,105700
2011-11-17,14.5,15.45,15.45,14.45,0.05,1,5048,6,75184
2011-11-21,15.2,15.8,15.8,15.2,0.55,1,2000,2,31000
2011-11-22,14.75,15.4,15.4,14.75,-0.4,-1,3678,4,55673
2011-11-23,15.7,14.9,15.7,14.5,-0.5,-1,7865,8,117002
2011-11-24,14.6,15.4,15.4,14.35,0.5,1,5000,4,75150
2011-11-25,14.55,15.5,15.5,14.55,0.1,1,2508,3,37873
2011-11-28,14.75,15.1,15.1,14.75,-0.4,-1,2127,3,31755
2011-11-29,15.1,14.7,15.4,14.1,-0.4,-1,5000,5,73500
2011-11-30,15.0,15.0,15.0,15.0,0.3,1,1000,1,15000
2011-12-01,15.4,15.4,15.4,15.4,0.4,1,1000,1,15400
2011-12-02,14.5,14.55,14.55,14.5,-0.85,-1,4000,4,58100
2011-12-05,13.65,14.8,14.8,13.55,0.25,1,14641,15,202672
2011-12-06,14.6,15.0,15.1,14.0,0.2,1,12295,13,182495
2011-12-07,14.1,15.1,15.1,14.0,0.1,1,10000,10,143000
2011-12-08,14.1,14.4,14.6,14.05,-0.7,-1,12000,10,170100
2011-12-09,13.4,13.8,13.8,13.4,-0.6,-1,8509,8,114973
2011-12-12,12.95,13.8,13.8,12.9,0.0,0,9089,9,120968
2011-12-13,13.5,13.55,13.55,13.5,-0.25,-1,10000,8,135400
2011-12-14,13.5,14.45,14.45,13.5,0.9,1,21000,13,301850
2011-12-30,16.7,18.2,18.2,16.7,0.75,1,5827,9,102667
2012-01-02,18.6,18.6,18.6,18.6,0.4,1,2294,2,42639
2012-01-03,18.6,19.85,19.9,18.6,1.25,1,21142,21,412547
2012-01-04,18.55,21.2,21.2,18.55,1.35,1,35999,35,720778
2012-01-05,20.0,21.8,21.8,20.0,0.6,1,7481,11,155261
2012-01-06,21.7,21.25,21.7,20.35,-0.55,-1,22900,25,476973
2012-01-09,20.55,21.65,21.65,19.85,0.4,1,7902,11,162792
2012-01-10,20.3,20.3,20.3,20.3,-1.35,-1,1000,1,20300
2012-01-11,19.25,19.7,19.95,18.9,-0.6,-1,20155,20,386345
2012-01-12,19.6,18.35,19.6,18.35,-1.35,-1,37779,30,700194
2012-01-13,18.05,17.6,18.5,17.55,-0.75,-1,8707,12,154686
2012-01-16,18.05,18.05,18.05,18.05,0.45,1,1173,2,21155
2012-01-17,17.45,17.25,17.5,16.8,-0.8,-1,19721,18,337062
2012-01-18,17.4,17.4,17.4,17.4,0.15,1,1381,3,24086
2012-01-30,17.6,17.6,17.6,17.6,0.2,1,5561,5,97452
2012-01-31,17.8,18.75,18.75,17.8,1.15,1,17952,18,327736
2012-02-01,19.55,19.55,19.55,19.55,0.8,1,1044,3,20379
2012-02-02,20.0,20.0,20.0,20.0,0.45,1,1000,1,20000
2012-02-03,19.2,20.15,20.15,19.2,0.15,1,14449,14,286505
2012-02-04,20.15,20.15,20.15,18.85,0.0,0,56043,37,1107660
2012-02-06,20.6,19.55,20.6,19.55,-0.6,-1,32827,17,659893
2012-02-07,20.4,19.35,20.4,19.35,-0.2,-1,28139,17,550925
2012-02-08,19.15,20.05,20.05,19.15,0.7,1,41118,18,815760
2012-02-09,19.6,20.0,20.0,19.45,-0.05,-1,21381,14,416894
2012-02-10,19.25,20.1,20.35,19.25,0.1,1,23695,19,472831
2012-02-13,19.55,20.2,20.25,19.5,0.1,1,22304,15,440360
2012-02-14,20.6,20.25,20.6,19.4,0.05,1,68251,33,1357631
2012-02-15,20.25,20.5,20.75,19.95,0.25,1,64137,43,1311522
2012-02-16,20.25,20.1,20.6,19.7,-0.4,-1,117001,23,2344620
2012-02-17,20.5,20.15,20.5,19.6,0.05,1,70706,30,1414267
2012-02-20,20.0,20.1,20.6,19.65,-0.05,-1,29575,18,590661
2012-02-21,20.15,19.95,20.15,19.6,-0.15,-1,25624,12,504567
2012-02-22,20.1,20.05,20.1,19.45,0.1,1,36952,27,728605
2012-02-23,20.0,20.35,20.45,20.0,0.3,1,44280,15,899893
2012-02-24,20.35,20.35,20.35,20.15,0.0,0,40929,15,828230
2012-02-29,20.75,21.05,21.05,20.0,0.7,1,51902,38,1083348
2012-03-01,21.1,21.7,21.7,20.4,0.65,1,59236,26,1233466
2012-03-02,21.6,21.6,21.8,21.0,-0.1,-1,55827,25,1205691
2012-03-03,21.2,21.4,21.7,21.0,-0.2,-1,37600,27,803690
2012-03-05,21.0,21.0,21.4,20.85,-0.4,-1,30000,12,637450
2012-03-06,21.0,20.5,21.0,20.1,-0.5,-1,30500,19,627025
2012-03-07,20.5,20.45,20.5,20.4,-0.05,-1,29865,14,610979
2012-03-08,20.85,20.9,20.9,20.25,0.45,1,31179,13,642805
2012-03-09,21.0,21.0,21.0,20.45,0.1,1,39420,22,819060
2012-03-12,21.4,20.85,21.4,20.65,-0.15,-1,39426,26,820368
2012-03-13,20.7,20.95,21.0,20.65,0.1,1,28423,20,591433
2012-03-14,21.1,20.95,21.1,20.75,0.0,0,33200,20,694129
2012-03-15,20.75,20.9,20.95,20.65,-0.05,-1,34388,25,716303
2012-03-16,20.9,20.9,20.9,20.8,0.0,0,32821,24,684089
2012-03-19,20.9,20.9,21.0,20.55,0.0,0,30827,18,641877
2012-03-20,21.2,20.9,21.2,20.75,0.0,0,31000,16,648700
2012-03-21,20.95,20.9,20.95,20.7,0.0,0,34000,23,708350
2012-03-22,20.9,20.85,20.9,20.6,-0.05,-1,30000,16,623050
2012-03-23,20.8,20.6,20.85,20.5,-0.25,-1,28482,29,586991
2012-03-26,20.5,20.45,20.5,20.3,-0.15,-1,32000,16,653150
2012-03-27,20.55,20.35,20.55,20.35,-0.1,-1,30614,19,625322
2012-03-28,20.35,20.6,20.75,20.35,0.25,1,27999,11,578280
2012-03-29,20.8,20.2,20.8,20.05,-0.4,-1,37000,24,752750
2012-03-30,20.65,20.65,20.65,20.25,0.45,1,30121,15,617598
2012-04-02,20.65,20.6,20.65,20.2,-0.05,-1,30000,20,612250
2012-04-03,20.35,20.55,20.55,20.2,-0.05,-1,25001,18,510670
2012-04-05,20.45,20.55,20.55,19.15,0.0,0,35000,26,697250
2012-04-06,20.4,20.25,20.4,20.2,-0.3,-1,24000,17,485800
2012-04-09,20.45,20.25,20.45,20.15,0.0,0,27105,15,548647
2012-04-10,20.45,20.0,20.45,20.0,-0.25,-1,26021,18,524265
2012-04-11,20.15,20.0,20.25,19.9,0.0,0,34682,13,697934
2012-04-12,20.0,20.0,20.15,19.7,0.0,0,46867,23,936692
2012-04-13,20.25,20.1,20.25,20.1,0.1,1,60000,12,1211600
2012-04-16,20.15,20.25,20.25,20.1,0.15,1,67872,16,1366515
2012-04-17,20.4,20.3,20.4,20.3,0.05,1,35000,7,711650
2012-04-18,20.55,20.35,20.55,20.35,0.05,1,45500,10,927975
2012-04-19,20.25,20.15,20.25,19.9,-0.2,-1,26039,12,524915
2012-04-20,20.15,20.15,20.25,20.15,0.0,0,26325,16,530601
2012-04-23,20.15,19.95,20.15,19.95,-0.2,-1,25105,13,503094
2012-04-24,20.0,19.85,20.1,19.8,-0.1,-1,25654,12,512472
2012-04-25,19.8,20.25,20.25,19.7,0.4,1,26069,18,520565
2012-04-26,20.4,20.25,20.4,19.9,0.0,0,26000,9,526600
2012-04-27,20.4,19.95,20.45,19.9,-0.3,-1,28000,9,566000
2012-04-30,19.9,20.0,20.1,19.85,0.05,1,21000,8,420000
2012-05-02,20.2,20.2,20.2,19.8,0.2,1,24000,10,482250
2012-05-03,20.3,20.1,20.3,19.8,-0.1,-1,22000,17,441100
2012-05-04,19.9,20.3,20.3,19.8,0.2,1,21154,13,423867
2012-05-07,20.2,20.3,20.3,19.75,0.0,0,21000,13,422400
2012-05-08,20.45,20.25,20.45,20.1,-0.05,-1,22000,18,447200
2012-05-09,20.15,20.1,20.3,19.95,-0.15,-1,22701,14,454924
2012-05-10,20.0,20.05,20.15,19.95,-0.05,-1,19000,7,380950
2012-05-11,19.9,19.8,20.0,19.8,-0.25,-1,17000,10,338600
2012-05-14,19.9,19.8,19.9,19.8,0.0,0,17000,6,336750
2012-05-15,20.0,19.9,20.0,19.9,0.1,1,17000,6,338800
2012-05-16,19.9,19.85,19.9,19.8,-0.05,-1,24000,6,476750
2012-05-17,19.9,20.1,20.1,19.9,0.25,1,26000,8,519000
2012-05-18,19.9,20.05,20.05,19.8,-0.05,-1,17823,14,354377
2012-05-21,19.9,20.1,20.1,19.9,0.05,1,20001,8,401819
2012-05-22,20.1,20.1,20.1,19.75,0.0,0,22000,11,441100
2012-05-23,20.1,19.8,20.1,19.8,-0.3,-1,18000,8,360750
2012-05-24,20.0,19.8,20.2,19.65,0.0,0,19475,16,388912
2012-05-25,19.7,20.05,20.05,19.7,0.25,1,18827,14,376163
2012-05-28,20.2,20.2,20.3,20.15,0.15,1,14224,15,287358
2012-05-29,20.25,20.25,20.25,19.9,0.05,1,20007,8,404790
2012-05-30,19.9,20.05,20.2,19.9,-0.2,-1,17000,8,341450
2012-05-31,20.2,20.05,20.25,19.8,0.0,0,18000,9,360800
2012-06-01,20.2,20.05,20.2,19.85,0.0,0,17001,8,340819
2012-06-04,19.75,20.0,20.0,19.75,-0.05,-1,27654,7,551458
2012-06-05,20.0,20.0,20.1,20.0,0.0,0,25346,7,507031
2012-06-06,19.8,19.95,19.95,19.75,-0.05,-1,17000,6,338800
2012-06-07,20.0,19.95,20.0,19.95,0.0,0,16000,8,319450
2012-06-08,20.1,20.0,20.1,20.0,0.05,1,15000,6,300500
2012-06-11,20.05,19.95,20.25,19.75,-0.05,-1,15613,13,312169
2012-06-12,20.1,19.8,20.1,19.8,-0.15,-1,18000,5,358650
2012-06-13,20.0,19.95,20.0,19.75,0.15,1,15000,7,299400
2012-06-14,20.05,19.95,20.05,19.7,0.0,0,15037,9,300232
2012-06-15,19.8,19.95,20.0,19.7,0.0,0,16000,8,318650
2012-06-18,19.85,19.8,19.95,19.8,-0.15,-1,14701,10,292104
2012-06-19,19.85,20.0,20.05,19.85,0.2,1,15000,8,299950
2012-06-20,20.1,20.0,20.1,20.0,0.0,0,16000,6,320500
2012-06-21,20.0,19.95,20.0,19.8,-0.05,-1,15000,8,299100
2012-06-22,19.8,19.9,19.9,19.8,-0.05,-1,17000,7,338200
2012-06-25,20.0,20.15,20.2,19.8,0.25,1,15001,13,300819
2012-06-26,20.0,20.05,20.15,20.0,-0.1,-1,16000,7,320500
2012-06-27,20.05,20.0,20.05,19.8,-0.05,-1,15001,8,300020
2012-06-28,20.05,20.05,20.05,19.8,0.05,1,11001,7,220320
2012-06-29,20.1,20.05,20.1,19.8,0.0,0,19000,12,381150
2012-07-02,20.05,20.05,20.05,19.95,0.0,0,14000,8,280600
2012-07-03,20.1,20.15,20.2,19.9,0.1,1,15000,7,301800
2012-07-04,20.1,20.05,20.2,20.05,-0.1,-1,14000,9,281300
2012-07-05,19.8,19.9,20.1,19.8,-0.15,-1,15000,7,299050
2012-07-06,19.8,19.95,20.0,19.8,0.05,1,20000,7,398450
2012-07-09,20.0,19.7,20.0,19.7,-0.25,-1,16000,9,318300
2012-07-10,19.9,19.3,19.95,19.3,-0.4,-1,12000,6,236950
2012-07-11,19.9,20.0,20.0,19.9,0.7,1,7000,4,139900
2012-07-12,19.95,19.7,19.95,19.7,-0.3,-1,14001,10,277119
2012-07-13,21.0,19.95,21.0,19.7,0.25,1,12000,6,239450
2012-07-16,19.95,19.65,19.95,19.65,-0.3,-1,14273,17,283860
2012-07-17,19.9,19.9,19.9,19.9,0.0,0,10280,4,204306
2012-07-18,19.8,19.8,19.8,19.1,-0.1,-1,12000,4,236200
2012-07-19,19.3,19.7,19.75,19.2,-0.1,-1,16000,7,314250
2012-07-20,19.0,19.0,19.0,18.7,-0.7,-1,14420,11,271428
2012-07-23,18.7,19.0,19.4,18.7,0.0,0,4000,4,76500
2012-07-24,18.4,19.8,19.8,18.4,0.8,1,21000,4,405900
2012-07-25,18.8,18.7,19.75,18.45,-1.1,-1,35345,20,682283
2012-07-26,18.05,18.9,18.95,18.0,0.2,1,66299,19,1238990
2012-07-27,17.7,17.8,18.9,17.7,-1.1,-1,17190,18,315603
2012-07-30,17.0,18.35,18.65,17.0,0.55,1,5000,5,88450
2012-07-31,17.5,17.75,17.85,17.2,-0.6,-1,17000,14,297800
2012-08-01,17.5,18.15,18.6,17.5,0.4,1,32000,15,577800
2012-08-03,18.05,18.5,18.95,17.6,0.35,1,16272,15,293900
2012-08-06,18.0,17.95,18.4,17.7,-0.55,-1,12141,10,218730
2012-08-07,18.3,18.0,18.35,17.8,0.05,1,9063,6,164977
2012-08-08,18.25,18.4,18.4,17.75,0.4,1,19000,15,344000
2012-08-09,18.0,17.9,18.25,17.9,-0.5,-1,10000,7,181300
2012-08-10,17.9,18.35,18.35,17.8,0.45,1,12000,10,217950
2012-08-13,17.1,17.1,17.1,17.1,-1.25,-1,59000,59,1008900
2012-08-14,15.95,15.95,15.95,15.95,-1.15,-1,28217,27,450059
2012-08-15,14.85,14.9,15.05,14.85,-1.05,-1,594201,556,8845443
2012-08-16,14.85,15.1,15.15,14.85,0.2,1,192700,147,2899464
2012-08-17,15.1,15.0,15.1,14.9,-0.1,-1,100213,81,1500945
2012-08-20,14.9,14.9,15.0,14.65,-0.1,-1,51000,46,755650
2012-08-21,14.7,14.55,14.7,14.35,-0.35,-1,66200,61,962609
2012-08-22,14.1,14.35,14.7,14.1,-0.2,-1,33000,31,477000
2012-08-23,14.35,14.5,14.85,14.35,0.15,1,55700,51,809695
2012-08-24,14.5,14.55,14.6,14.5,0.05,1,21145,24,307373
2012-08-27,14.55,14.8,14.8,14.45,0.25,1,49000,42,716300
2012-08-28,14.7,14.3,14.7,14.3,-0.5,-1,25000,24,362750
2012-08-29,14.3,14.4,14.55,14.3,0.1,1,13000,10,187700
2012-08-30,14.4,14.3,14.4,14.3,-0.1,-1,13000,12,186550
2012-08-31,14.3,14.4,14.4,14.2,0.1,1,31139,26,447287
2012-09-03,14.4,14.2,14.4,14.15,-0.2,-1,17000,16,242450
2012-09-04,14.2,14.3,14.55,14.2,0.1,1,42701,39,611283
2012-09-05,14.3,13.85,14.3,13.85,-0.45,-1,47192,41,662227
2012-09-06,13.85,14.3,14.3,13.8,0.45,1,56841,44,797297
2012-09-07,14.5,15.3,15.3,14.3,1.0,1,224000,163,3372750
2012-09-10,16.3,15.9,16.3,15.45,0.6,1,362500,207,5723398
2012-09-11,15.65,15.4,15.9,15.15,-0.5,-1,161341,99,2494933
2012-09-12,15.4,15.65,15.7,15.35,0.25,1,98139,74,1524604
2012-09-13,15.45,15.45,15.5,15.35,-0.2,-1,62000,41,954950
2012-09-14,15.4,15.45,15.5,15.3,0.0,0,54000,42,830300
2012-09-17,15.4,15.2,15.4,15.0,-0.25,-1,32000,23,486600
2012-09-18,15.0,14.9,15.0,14.6,-0.3,-1,44464,31,654612
2012-09-19,14.9,15.75,15.85,14.9,0.85,1,208011,118,3225967
2012-09-20,15.75,15.15,15.75,15.15,-0.6,-1,32037,26,489506
2012-09-21,15.4,15.2,15.4,15.2,0.05,1,8000,8,122000
2012-09-24,15.2,15.1,15.3,14.9,-0.1,-1,42000,18,631400
2012-09-25,15.1,14.65,15.1,14.65,-0.45,-1,127092,63,1880338
2012-09-26,14.9,14.65,14.9,14.65,0.0,0,4000,4,58850
2012-09-27,14.9,14.8,14.9,14.65,0.15,1,12139,9,178736
2012-09-28,14.9,15.0,15.05,14.85,0.2,1,17000,15,254350
2012-10-01,15.0,15.1,15.45,14.7,0.1,1,43781,25,651386
2012-10-02,15.0,15.1,15.1,14.8,0.0,0,19000,14,284100
2012-10-03,15.05,15.1,15.1,14.85,0.0,0,15000,13,224500
2012-10-04,14.8,15.15,15.15,14.7,0.05,1,85701,43,1283644
2012-10-05,15.1,15.05,15.3,15.0,-0.1,-1,133422,31,2007058
2012-10-08,15.35,15.2,15.35,14.85,0.15,1,148170,30,2229616
2012-10-09,15.2,16.25,16.25,14.8,1.05,1,380000,117,5863450
2012-10-11,15.9,16.2,16.2,15.7,-0.05,-1,236000,86,3738800
2012-10-12,15.8,17.3,17.3,15.75,1.1,1,402784,142,6636533
2012-10-15,18.5,18.5,18.5,17.4,1.2,1,469316,228,8549246
2012-10-16,18.5,18.5,18.5,17.6,0.0,0,317346,146,5751701
2012-10-17,18.5,18.6,18.6,18.15,0.1,1,176539,97,3253812
2012-10-18,18.5,19.2,19.3,18.1,0.6,1,355000,111,6592699
2012-10-19,19.2,20.5,20.5,19.2,1.3,1,1010085,338,20217628
2012-10-22,20.3,19.9,20.3,19.15,-0.6,-1,377026,178,7419766
2012-10-23,19.6,19.7,20.1,19.45,-0.2,-1,227126,102,4467912
2012-10-24,19.3,19.2,19.5,19.2,-0.5,-1,129000,69,2488250
2012-10-25,19.7,18.9,19.7,18.9,-0.3,-1,193350,76,3713012
2012-10-26,18.9,18.0,19.05,17.6,-0.9,-1,264000,118,4775150
2012-10-29,18.0,17.65,18.0,17.2,-0.35,-1,91827,48,1605984
2012-10-30,17.5,17.7,18.0,17.45,0.05,1,106000,40,1862200
2012-10-31,17.7,17.4,17.7,17.0,-0.3,-1,113294,56,1959339
2012-11-01,17.4,17.25,17.4,16.4,-0.15,-1,184401,46,3106557
2012-11-02,17.0,17.2,17.7,16.8,-0.05,-1,56002,37,960484
2012-11-05,17.0,17.0,17.0,16.85,-0.2,-1,16000,11,271400
2012-11-06,16.7,17.2,17.2,16.5,0.2,1,51929,24,867371
2012-11-07,17.15,17.5,17.55,16.95,0.3,1,47200,27,811480
2012-11-08,17.1,17.2,17.2,16.8,-0.3,-1,83000,25,1411850
2012-11-09,17.0,17.6,17.6,17.0,0.4,1,80337,31,1399580
2012-11-12,17.4,17.9,18.35,17.4,0.3,1,71001,39,1267167
2012-11-13,16.75,18.5,18.5,16.75,0.6,1,208000,52,3736800
2012-11-14,18.35,18.95,18.95,18.15,0.45,1,218000,60,3997650
2012-11-15,18.8,18.9,19.1,18.55,-0.05,-1,117000,47,2188200
2012-11-16,18.7,18.95,18.95,18.7,0.05,1,23000,17,433550
2012-11-19,18.75,18.7,19.0,18.65,-0.25,-1,31006,17,580508
2012-11-20,18.6,19.15,19.35,18.5,0.45,1,150000,53,2834750
2012-11-21,19.15,19.2,19.2,18.5,0.05,1,158000,56,2962700
2012-11-22,19.0,19.45,19.45,18.95,0.25,1,264792,67,5078185
2012-11-23,18.6,19.75,19.75,18.6,0.3,1,410841,101,7977025
2012-11-26,19.75,19.8,20.0,19.65,0.05,1,161159,57,3199231
2012-11-27,19.7,19.65,19.95,19.55,-0.15,-1,196039,62,3883320
2012-11-28,19.6,19.65,19.8,19.6,0.0,0,133078,22,2623728
2012-11-29,19.55,19.65,19.9,19.3,0.0,0,205000,59,4054150
2012-11-30,19.6,19.5,19.65,19.35,-0.15,-1,222000,60,4335600
2012-12-03,19.55,19.5,19.6,19.3,0.0,0,295162,72,5742592
2012-12-04,19.4,19.6,19.65,19.4,0.1,1,331576,65,6472882
2012-12-05,19.4,20.2,20.4,19.25,0.6,1,713937,135,14127935
2012-12-06,20.2,21.35,21.4,20.2,1.15,1,913251,240,18903768
2012-12-07,20.25,21.0,21.6,20.25,-0.35,-1,1067102,197,22432821
2012-12-10,20.5,21.1,21.4,20.5,0.1,1,1258050,190,26338797
2012-12-11,21.0,22.55,22.55,21.0,1.45,1,1458476,277,31536811
2012-12-12,22.6,24.1,24.1,22.6,1.55,1,1786272,429,42343299
2012-12-13,24.0,23.9,24.25,23.25,-0.2,-1,1613481,427,38104303
2012-12-14,23.9,25.4,25.45,23.7,1.5,1,2309322,541,56629877
2012-12-17,25.25,25.1,25.35,23.8,-0.3,-1,1469889,338,36564318
2012-12-18,25.0,24.65,25.2,24.65,-0.45,-1,800109,212,19984659
2012-12-19,24.75,24.55,24.85,24.2,-0.1,-1,824376,209,20225880
2012-12-20,24.6,24.4,24.7,24.05,-0.15,-1,976087,256,23778200
2012-12-21,24.25,24.9,24.9,24.25,0.5,1,1039827,288,25635318
2012-12-22,24.9,25.65,26.0,24.7,0.75,1,1114404,414,28260020
2012-12-24,25.55,25.05,25.55,24.7,-0.6,-1,837239,216,21146701
2012-12-25,24.5,25.45,25.45,23.3,0.4,1,555590,186,13204225
2012-12-26,24.8,24.0,24.8,23.8,-1.45,-1,1604330,242,39249269
2012-12-27,24.0,24.3,24.5,23.7,0.3,1,885000,191,21275650
2012-12-28,24.3,24.5,24.5,24.0,0.2,1,858107,194,20864254
2013-01-02,24.6,24.55,24.85,24.4,0.05,1,695096,179,17124591
2013-01-03,24.45,24.25,24.6,24.25,-0.3,-1,605096,104,14808299
2013-01-04,24.25,23.0,24.25,22.6,-1.25,-1,860000,203,19765450
2013-01-07,22.8,23.5,23.65,22.7,0.5,1,905210,265,21077853
2013-01-08,23.4,23.25,23.5,22.2,-0.25,-1,736210,211,16883240
2013-01-09,23.2,22.7,23.25,22.5,-0.55,-1,591139,142,13630441
2013-01-10,22.7,22.7,22.75,22.2,0.0,0,299007,130,6715407
2013-01-11,22.65,22.1,22.65,22.1,-0.6,-1,280000,114,6219950
2013-01-14,21.8,22.05,22.25,21.8,-0.05,-1,294173,82,6487873
2013-01-15,22.0,21.95,22.45,21.55,-0.1,-1,168000,65,3685000
2013-01-16,22.3,22.0,22.3,20.95,0.05,1,360000,147,7763800
2013-01-17,21.55,20.5,21.6,20.5,-1.5,-1,473000,200,9775600
2013-01-18,20.5,19.1,20.5,19.1,-1.4,-1,343490,138,6598409
2013-01-21,17.8,17.9,18.8,17.8,-1.2,-1,651775,263,11706071
2013-01-22,18.0,17.4,18.15,17.2,-0.5,-1,312075,157,5496212
2013-01-23,17.4,17.2,17.7,17.15,-0.2,-1,278353,148,4853223
2013-01-24,17.3,17.2,17.3,16.7,0.0,0,263000,117,4457500
2013-01-25,17.3,18.3,18.35,17.05,1.1,1,273400,157,4834330
2013-01-28,18.3,17.9,18.3,17.9,-0.4,-1,247000,110,4461950
2013-01-29,17.9,18.3,18.3,17.9,0.4,1,144264,84,2613438
2013-01-30,18.3,17.7,18.3,17.7,-0.6,-1,173000,78,3091950
2013-01-31,17.7,17.2,17.7,17.2,-0.5,-1,335400,147,5836370
2013-02-01,17.25,17.5,17.5,17.1,0.3,1,424276,162,7314601
2013-02-04,17.2,17.35,17.4,17.0,-0.15,-1,197276,88,3380805
2013-02-05,17.35,17.3,17.35,16.95,-0.05,-1,88000,45,1506100
2013-02-06,17.2,17.85,17.9,17.15,0.55,1,224169,131,3950515
2013-02-18,17.95,17.95,18.15,17.75,0.1,1,118007,64,2116673
2013-02-19,17.75,17.75,17.9,17.75,-0.2,-1,71700,32,1274550
2013-02-20,17.7,17.85,17.95,17.65,0.1,1,148000,60,2637150
2013-02-21,17.6,17.65,17.65,17.45,-0.2,-1,105250,45,1848525
2013-02-22,17.65,17.8,17.85,17.65,0.15,1,109000,54,1932900
2013-02-23,17.9,17.75,17.9,17.6,-0.05,-1,88000,49,1554250
2013-02-25,17.75,17.7,17.75,17.55,-0.05,-1,42098,26,742865
2013-02-26,17.55,17.55,17.6,17.45,-0.15,-1,92802,55,1626621
2013-02-27,17.5,17.65,17.7,17.3,0.1,1,65001,31,1137817
2013-03-01,17.5,17.65,17.85,17.5,0.0,0,59000,27,1039900
2013-03-04,17.6,17.6,17.6,17.3,-0.05,-1,42923,27,748310
2013-03-05,17.5,17.55,17.65,17.3,-0.05,-1,55064,25,960007
2013-03-06,17.35,17.5,17.5,17.0,-0.05,-1,121134,65,2082278
2013-03-07,17.2,17.45,17.45,17.1,-0.05,-1,86000,35,1480150
2013-03-08,17.25,17.35,17.35,17.2,-0.1,-1,74827,23,1289409
2013-03-11,17.1,17.25,17.25,17.0,-0.1,-1,72500,28,1236950
2013-03-12,17.0,17.15,17.15,17.0,-0.1,-1,59250,25,1009400
2013-03-13,17.05,17.15,17.2,17.0,0.0,0,24000,13,409900
2013-03-14,17.1,17.0,17.2,17.0,-0.15,-1,49450,24,843050
2013-03-15,17.2,17.15,17.25,16.6,0.15,1,64827,39,1096471
2013-03-18,17.0,17.15,17.15,17.0,0.0,0,31500,15,536550
2013-03-19,17.1,17.3,17.3,17.1,0.15,1,85000,29,1463900
2013-03-20,17.3,17.35,17.4,17.1,0.05,1,212179,70,3663555
2013-03-21,17.45,17.45,17.5,17.3,0.1,1,179000,71,3118050
2013-03-22,17.8,17.9,18.2,17.6,0.45,1,263137,131,4694451
2013-03-25,18.2,19.15,19.15,18.2,1.25,1,521331,249,9829538
2013-03-26,19.3,19.3,19.55,18.8,0.15,1,537806,227,10385605
2013-03-27,19.3,18.85,19.3,18.7,-0.45,-1,266184,102,5058690
2013-03-28,18.85,18.8,19.05,18.6,-0.05,-1,115964,53,2174678
2013-03-29,18.8,18.85,19.0,18.7,0.05,1,79264,37,1490313
2013-04-01,18.9,18.7,19.2,18.5,-0.15,-1,159354,73,2994109
2013-04-02,18.5,18.5,18.7,18.5,-0.2,-1,47000,27,871550
2013-04-03,18.5,18.5,18.8,18.5,0.0,0,117000,62,2169600
2013-04-08,19.1,18.5,19.3,18.2,0.0,0,367705,179,6947492
2013-04-09,18.6,18.5,19.2,18.5,0.0,0,274051,116,5135793
2013-04-10,18.7,18.25,18.8,18.25,-0.25,-1,134000,55,2479350
2013-04-11,18.4,18.65,18.9,18.4,0.4,1,738230,209,13728439
2013-04-12,18.9,18.0,18.9,17.8,-0.65,-1,593006,235,10762958
2013-04-15,18.0,17.4,18.0,17.1,-0.6,-1,522123,215,9082371
2013-04-16,17.7,17.5,17.7,17.0,0.1,1,501000,198,8713650
2013-04-17,17.4,17.25,17.4,17.15,-0.25,-1,188010,82,3247623
2013-04-18,17.3,17.25,17.3,17.05,0.0,0,128000,64,2200850
2013-04-19,17.45,18.35,18.35,17.3,1.1,1,548112,247,9765910
2013-04-22,18.3,17.85,18.3,17.85,-0.5,-1,284061,144,5132682
2013-04-23,17.9,17.9,18.0,17.8,0.05,1,105000,50,1879400
2013-04-24,18.0,18.2,18.4,17.95,0.3,1,310062,145,5623328
2013-04-25,18.0,17.95,18.0,17.8,-0.25,-1,171000,79,3063100
2013-04-26,18.1,18.2,18.4,18.0,0.25,1,389842,142,7083190
2013-04-29,18.2,17.95,18.3,17.75,-0.25,-1,138806,80,2489256
2013-04-30,17.8,17.8,17.85,17.65,-0.15,-1,142304,63,2525561
2013-05-02,17.95,17.6,17.95,17.6,-0.2,-1,145813,68,2583527
2013-05-03,17.75,17.4,17.75,17.4,-0.2,-1,130000,55,2280900
2013-05-06,17.4,17.4,17.5,17.35,0.0,0,216666,75,3777887
2013-05-07,17.5,18.6,18.6,17.5,1.2,1,370100,166,6817359
2013-05-08,19.35,19.9,19.9,19.3,1.3,1,1495104,545,29528818
2013-05-09,20.7,20.65,21.1,20.15,0.75,1,2523377,1054,52178395
2013-05-10,19.8,19.9,20.45,19.8,-0.75,-1,744386,358,14913630
2013-05-13,20.0,18.6,20.3,18.55,-1.3,-1,861000,417,16433850
2013-05-14,18.6,18.15,18.6,17.9,-0.45,-1,462249,258,8399082
2013-05-15,18.2,18.0,18.35,18.0,-0.15,-1,295005,139,5345640
2013-05-16,18.4,18.15,18.5,18.0,0.15,1,399509,179,7293461
2013-05-17,18.3,19.4,19.4,18.3,1.25,1,762119,328,14538106
2013-05-20,20.0,19.6,20.4,19.4,0.2,1,1224509,577,24352175
2013-05-21,19.6,19.6,20.35,19.6,0.0,0,581084,262,11569437
2013-05-22,19.85,19.5,20.2,19.5,-0.1,-1,498582,236,9899149
2013-05-23,19.5,18.7,19.5,18.6,-0.8,-1,330114,184,6315652
2013-05-24,19.3,18.75,19.45,18.7,0.05,1,287000,156,5465250
2013-05-27,18.95,18.7,19.0,18.35,-0.05,-1,281000,118,5231250
2013-05-28,18.7,18.55,18.85,18.5,-0.15,-1,210243,95,3916271
2013-05-29,18.65,19.8,19.8,18.65,1.25,1,692482,269,13515143
2013-05-30,19.65,19.15,20.3,19.05,-0.65,-1,692470,309,13550849
2013-05-31,19.3,19.25,19.9,19.15,0.1,1,375000,151,7312000
2013-06-03,19.25,19.0,19.3,18.8,-0.25,-1,151100,69,2885615
2013-06-04,19.15,19.3,19.8,19.15,0.3,1,227827,126,4421828
2013-06-05,19.65,19.35,19.7,19.3,0.05,1,154000,84,2992000
2013-06-06,19.55,19.7,20.15,19.4,0.35,1,581200,266,11477520
2013-06-07,19.95,19.05,20.0,19.0,-0.65,-1,356272,154,6903031
2013-06-10,19.15,19.25,19.5,19.15,0.2,1,271070,88,5215486
2013-06-11,19.15,18.8,19.15,18.6,-0.45,-1,404000,146,7628150
2013-06-13,18.55,18.2,18.55,18.15,-0.6,-1,323092,116,5935874
2013-06-14,18.2,18.1,18.2,17.8,-0.1,-1,149000,75,2683400
2013-06-17,18.0,18.0,18.3,17.8,-0.1,-1,413000,96,7434100
2013-06-18,18.5,18.6,18.9,18.05,0.6,1,321053,127,5946680
2013-06-19,19.0,18.5,19.0,18.5,-0.1,-1,106052,38,1981256
2013-06-20,18.25,18.3,18.45,18.25,-0.2,-1,171000,46,3126550
2013-06-21,18.0,18.05,18.3,17.8,-0.25,-1,111000,42,2008050
2013-06-24,18.3,18.05,18.3,18.0,0.0,0,71000,26,1285900
2013-06-25,18.0,17.7,18.15,17.55,-0.35,-1,170160,52,3044758
2013-06-26,17.8,17.85,18.3,17.8,0.15,1,115000,29,2061350
2013-06-27,18.0,17.95,18.0,17.85,0.1,1,69000,26,1238650
2013-06-28,18.0,18.0,18.2,18.0,0.05,1,100000,35,1807750
2013-07-01,18.15,18.0,18.15,18.0,0.0,0,28701,18,518182
2013-07-02,18.2,18.4,18.55,18.2,0.4,1,100000,48,1845350
2013-07-03,18.5,18.3,18.8,18.25,-0.1,-1,177000,59,3272150
2013-07-04,18.3,18.0,18.3,17.6,-0.3,-1,130701,55,2348838
2013-07-05,18.0,18.0,18.3,17.8,0.0,0,196419,63,3530787
2013-07-08,18.1,17.5,18.1,17.5,-0.5,-1,66900,38,1189684
2013-07-09,17.65,17.7,18.0,17.5,0.2,1,200000,83,3532700
2013-07-10,17.75,17.7,18.4,17.7,0.0,0,158900,77,2873450
2013-07-11,18.0,17.95,18.0,17.9,0.25,1,116827,53,2091520
2013-07-12,18.0,17.8,18.1,17.75,-0.15,-1,129000,57,2305950
2013-07-15,17.85,17.75,17.85,17.6,-0.05,-1,127061,62,2252279
2013-07-16,17.8,17.8,18.1,17.8,0.05,1,127143,53,2278974
2013-07-17,17.8,17.7,18.0,17.7,-0.1,-1,90221,39,1610778
2013-07-18,17.75,17.8,18.0,17.7,0.1,1,74000,34,1315550
2013-07-19,17.85,17.9,18.0,17.7,0.1,1,114827,47,2044837
2013-07-22,18.0,18.0,18.2,18.0,0.1,1,96000,37,1730350
2013-07-23,18.0,17.95,18.1,17.9,-0.05,-1,154000,69,2778250
2013-07-24,17.95,18.1,18.15,17.95,0.15,1,99000,53,1789150
2013-07-25,18.1,17.85,18.1,17.8,-0.25,-1,92000,39,1648100
2013-07-26,17.85,17.95,18.0,17.85,0.1,1,136000,59,2431850
2013-07-29,18.0,18.2,18.7,17.95,0.25,1,140000,75,2562400
2013-07-30,18.6,18.4,18.6,17.9,0.2,1,347000,131,6295800
2013-07-31,18.6,18.15,18.6,18.15,-0.25,-1,167000,51,3049850
2013-08-01,18.25,18.25,18.4,18.15,0.1,1,169029,77,3101724
2013-08-02,18.4,18.15,18.45,18.15,-0.1,-1,132000,66,2416350
2013-08-05,18.15,18.2,18.3,18.1,0.05,1,104000,50,1890800
2013-08-06,18.2,18.1,18.6,18.1,-0.1,-1,300000,136,5488800
2013-08-07,18.0,18.0,18.25,17.95,-0.1,-1,158827,63,2867953
2013-08-08,18.0,18.55,18.55,18.0,0.55,1,241080,104,4442330
2013-08-09,18.6,18.55,18.8,18.5,0.0,0,192000,80,3570700
2013-08-12,18.55,18.2,18.55,18.15,-0.35,-1,180000,59,3290100
2013-08-13,18.15,18.0,18.15,17.8,-0.2,-1,237170,78,4265575
2013-08-14,18.0,18.1,18.1,17.9,0.1,1,108000,50,1942650
2013-08-15,18.0,18.05,18.3,18.0,-0.05,-1,41030,24,743238
2013-08-16,18.0,18.05,18.1,17.9,0.0,0,83744,25,1507104
2013-08-19,18.0,18.0,18.05,17.85,-0.05,-1,62000,19,1115000
2013-08-20,17.9,18.0,18.05,17.9,0.0,0,130000,37,2336600
2013-08-22,17.8,17.8,17.95,17.75,-0.2,-1,38641,19,687645
2013-08-23,17.85,18.05,18.1,17.8,0.25,1,121450,32,2179615
2013-08-26,18.05,17.85,18.1,17.8,-0.2,-1,113100,43,2021625
2013-08-27,18.0,17.85,18.0,17.85,0.0,0,76000,28,1362800
2013-08-28,17.85,17.9,17.9,17.8,0.05,1,47000,23,839650
2013-08-29,18.1,17.95,18.1,17.9,0.05,1,53259,23,959086
2013-08-30,18.0,18.0,18.3,18.0,0.05,1,145052,54,2622886
2013-09-02,18.05,17.9,18.05,17.9,-0.1,-1,93403,38,1679773
2013-09-03,18.0,17.9,18.05,17.9,0.0,0,133000,47,2383950
2013-09-04,17.9,17.9,18.0,17.9,0.0,0,17000,11,304450
2013-09-05,18.0,17.95,18.2,17.95,0.05,1,82000,26,1478600
2013-09-06,18.0,18.0,18.05,17.95,0.05,1,94000,41,1692600
2013-09-09,18.0,17.8,18.1,17.8,-0.2,-1,51000,20,912250
2013-09-10,18.0,17.95,18.0,17.9,0.15,1,85000,21,1526200
2013-09-11,18.0,17.9,18.05,17.9,-0.05,-1,156077,43,2803028
2013-09-12,17.9,17.95,18.05,17.9,0.05,1,36020,15,647459
2013-09-13,18.0,17.85,18.05,17.8,-0.1,-1,133123,51,2378325
2013-09-14,17.85,17.8,17.9,17.8,-0.05,-1,75123,33,1337764
2013-09-16,18.0,17.8,18.0,17.8,0.0,0,87001,33,1549518
2013-09-17,17.8,18.0,18.0,17.8,0.2,1,79180,29,1422994
2013-09-18,17.9,18.0,18.1,17.9,0.0,0,71100,27,1278840
2013-09-23,18.0,18.55,18.6,18.0,0.55,1,324766,130,5982831
2013-09-24,18.5,18.8,19.3,18.5,0.25,1,1005407,299,18971060
2013-09-25,19.0,19.1,19.1,18.8,0.3,1,604703,166,11476757
2013-09-26,19.6,18.8,19.85,18.8,-0.3,-1,2243241,556,43335926
2013-09-27,19.0,18.6,19.0,18.55,-0.2,-1,591056,195,11070152
2013-09-30,18.6,18.5,18.75,18.4,-0.1,-1,210002,81,3904636
2013-10-01,18.45,18.4,18.85,18.35,-0.1,-1,577000,141,10732350
2013-10-02,18.45,18.25,18.55,18.25,-0.15,-1,563000,147,10339100
2013-10-03,18.4,18.55,19.45,18.4,0.3,1,762002,249,14336037
2013-10-04,19.0,18.85,19.1,18.8,0.3,1,442477,139,8376491
2013-10-07,19.0,19.0,19.05,18.75,0.15,1,628344,149,11864036
2013-10-08,18.8,19.1,19.1,18.8,0.1,1,154846,71,2937796
2013-10-09,19.1,18.95,19.1,18.9,-0.15,-1,316000,90,5995750
2013-10-11,19.0,18.75,19.05,18.7,-0.2,-1,337575,86,6362494
2013-10-14,18.75,18.95,18.95,18.65,0.2,1,230186,94,4315837
2013-10-15,18.95,19.35,19.5,18.85,0.4,1,1181495,318,22704277
2013-10-16,19.45,19.1,19.45,19.05,-0.25,-1,203037,71,3890951
2013-10-17,19.1,19.1,19.4,19.05,0.0,0,242655,72,4638445
2013-10-18,19.15,19.0,19.15,18.9,-0.1,-1,158139,63,3009420
2013-10-21,19.0,19.0,19.25,19.0,0.0,0,221000,82,4208350
2013-10-22,19.05,18.9,19.05,18.6,-0.1,-1,159000,62,2998400
2013-10-23,18.9,18.95,19.0,18.9,0.05,1,40701,16,772828
2013-10-24,18.9,19.1,19.1,18.9,0.15,1,46000,32,872000
2013-10-25,18.7,18.85,19.1,18.7,-0.25,-1,86000,38,1623300
2013-10-28,18.7,18.9,19.05,18.7,0.05,1,82599,41,1563291
2013-10-29,18.85,18.9,18.9,18.85,0.0,0,99000,28,1867250
2013-10-30,18.9,18.9,19.0,18.7,0.0,0,202575,54,3813073
2013-10-31,18.9,18.9,18.95,18.8,0.0,0,73000,25,1377350
2013-11-01,18.9,18.95,19.0,18.75,0.05,1,115000,38,2172050
2013-11-04,19.0,19.0,19.25,19.0,0.05,1,255119,77,4863493
2013-11-05,19.1,19.0,19.1,19.0,0.0,0,231038,62,4400570
2013-11-06,19.1,19.1,19.1,19.0,0.1,1,266000,83,5063150
2013-11-07,19.1,19.25,19.4,19.05,0.15,1,592613,109,11351238
2013-11-08,19.2,19.4,19.55,19.1,0.15,1,521180,149,10040613
2013-11-11,19.4,19.35,19.5,19.2,-0.05,-1,357683,125,6921244
2013-11-12,19.3,19.2,19.35,19.15,-0.15,-1,447006,121,8592565
2013-11-13,19.1,19.25,19.25,19.1,0.05,1,98000,45,1880050
2013-11-14,19.25,19.2,19.25,19.15,-0.05,-1,454000,82,8712850
2013-11-15,19.2,19.4,19.55,19.2,0.2,1,261000,95,5041450
2013-11-18,19.4,20.0,20.5,19.4,0.6,1,928055,380,18662497
2013-11-19,20.1,20.4,20.5,20.1,0.4,1,601000,252,12205200
2013-11-20,20.5,20.4,20.7,20.35,0.0,0,495134,198,10144812
2013-11-21,20.4,20.55,20.55,20.2,0.15,1,283071,132,5750547
2013-11-22,20.55,21.15,21.6,20.55,0.6,1,892366,342,18885208
2013-11-25,21.45,21.7,22.0,21.2,0.55,1,970495,297,20976915
2013-11-26,21.8,22.15,22.5,21.8,0.45,1,981827,355,21737694
2013-11-27,22.15,22.0,22.3,21.85,-0.15,-1,520743,210,11483582
2013-11-28,22.1,21.65,22.1,21.6,-0.35,-1,676691,246,14752712
2013-11-29,21.65,21.85,21.85,21.65,0.2,1,400000,144,8714950
2013-12-02,22.2,22.0,22.3,21.65,0.15,1,494614,168,10849708
2013-12-03,22.2,21.9,22.2,21.7,-0.1,-1,318083,121,6960099
2013-12-04,22.0,22.0,22.1,21.9,0.1,1,288482,116,6347530
2013-12-05,22.0,22.25,22.7,22.0,0.25,1,1001494,266,22341816
2013-12-06,22.25,22.25,22.65,22.25,0.0,0,427525,168,9598428
2013-12-09,22.5,22.25,22.5,22.1,0.0,0,253199,82,5643336
2013-12-10,22.25,21.5,22.25,21.5,-0.75,-1,510107,190,11157243
2013-12-11,21.5,21.45,21.95,21.45,-0.05,-1,344107,114,7436073
2013-12-12,21.7,21.1,21.7,21.0,-0.35,-1,286000,93,6104800
2013-12-13,21.1,20.95,21.1,20.5,-0.15,-1,404213,143,8459143
2013-12-16,21.0,20.9,21.2,20.6,-0.05,-1,281000,87,5847800
2013-12-17,20.7,21.2,21.2,20.7,0.3,1,187274,67,3938535
2013-12-18,21.05,21.0,21.15,21.0,-0.2,-1,194000,55,4082800
2013-12-19,21.0,20.75,21.0,20.7,-0.25,-1,119000,59,2472800
2013-12-20,20.7,20.95,20.95,20.0,0.2,1,405044,107,8335663
2013-12-23,20.8,21.0,21.15,20.8,0.05,1,169033,63,3544681
2013-12-24,20.95,21.3,21.3,20.95,0.3,1,215827,84,4558191
2013-12-25,21.3,21.0,21.3,20.6,-0.3,-1,220001,84,4602471
2013-12-26,21.0,20.8,21.0,20.7,-0.2,-1,112000,59,2332000
2013-12-27,20.8,20.85,21.0,20.65,0.05,1,136000,71,2833850
2013-12-30,20.85,20.75,20.85,20.55,-0.1,-1,288832,104,5983463
2013-12-31,21.0,20.85,21.0,20.7,0.1,1,393668,123,8200527
2014-01-02,21.85,21.05,21.85,21.05,0.2,1,457331,151,9769366
2014-01-03,20.9,20.95,21.1,20.7,-0.1,-1,272000,81,5658150
2014-01-06,20.9,20.6,20.95,20.6,-0.35,-1,159292,62,3294844
2014-01-07,20.6,20.65,20.8,20.5,0.05,1,149350,51,3077876
2014-01-08,20.65,20.3,20.7,20.05,-0.35,-1,322000,104,6525500
2014-01-09,20.3,19.8,20.3,19.55,-0.5,-1,178143,89,3544231
2014-01-10,19.8,19.85,20.0,19.8,0.05,1,96258,31,1913519
2014-01-13,19.95,20.15,20.2,19.9,0.3,1,122505,57,2455173
2014-01-14,20.05,19.95,20.05,19.85,-0.2,-1,116523,45,2323855
2014-01-15,20.0,20.0,20.25,19.95,0.05,1,62000,31,1241450
2014-01-16,20.0,19.5,20.0,19.5,-0.5,-1,174000,74,3443250
2014-01-17,19.85,19.3,19.85,19.2,-0.2,-1,104420,44,2025564
2014-01-20,19.3,19.4,19.4,19.0,0.1,1,201000,58,3864300
2014-01-21,19.5,20.4,20.4,19.5,1.0,1,65827,48,1300576
2014-01-22,20.0,20.0,20.3,20.0,-0.4,-1,132000,57,2652900
2014-01-23,19.9,19.6,19.9,19.6,-0.4,-1,43280,26,849159
2014-01-24,19.4,19.5,19.5,19.3,-0.1,-1,76000,51,1474450
2014-01-27,19.2,19.65,19.65,19.0,0.15,1,256200,122,4945829
2014-02-05,19.8,19.75,19.9,19.6,0.1,1,80080,37,1581397
2014-02-06,19.75,19.8,20.05,19.75,0.05,1,84000,32,1671650
2014-02-07,19.8,20.0,20.0,19.45,0.2,1,100277,36,1977418
2014-02-10,20.2,19.7,20.2,19.7,-0.3,-1,109150,54,2169555
2014-02-11,19.6,19.8,19.85,19.5,0.1,1,36000,22,711150
2014-02-12,19.8,19.85,19.9,19.65,0.05,1,41460,22,820188
2014-02-13,19.7,19.6,19.85,19.55,-0.25,-1,61701,28,1211759
2014-02-14,19.65,19.6,19.7,19.4,0.0,0,119018,32,2322648
2014-02-17,19.85,19.5,19.85,19.45,-0.1,-1,64000,37,1248300
2014-02-18,19.5,19.45,19.5,19.35,-0.05,-1,40000,20,777700
2014-02-19,19.5,19.5,19.8,19.5,0.05,1,82000,30,1603800
2014-02-20,19.2,19.5,19.8,19.2,0.0,0,65000,33,1267400
2014-02-21,19.75,19.6,19.75,19.45,0.1,1,183005,58,3567848
2014-02-24,19.7,19.5,19.7,19.45,-0.1,-1,148787,44,2900367
2014-02-25,19.7,19.65,19.7,19.4,0.15,1,114000,42,2229700
2014-02-26,19.7,19.6,19.7,19.5,-0.05,-1,45000,21,878300
2014-02-27,19.65,19.6,19.65,19.45,0.0,0,67654,28,1320320
2014-03-03,19.65,19.75,19.75,19.45,0.15,1,98173,46,1925458
2014-03-04,19.75,19.6,19.75,19.5,-0.15,-1,96211,38,1883453
2014-03-05,19.7,19.75,19.9,19.5,0.15,1,160253,62,3156696
2014-03-06,19.8,20.1,20.35,19.8,0.35,1,279000,112,5593750
2014-03-07,20.2,20.3,20.6,20.15,0.2,1,478853,167,9734536
2014-03-10,20.5,21.0,21.3,20.35,0.7,1,588416,182,12212520
2014-03-11,20.5,20.6,20.85,20.25,-0.4,-1,466000,155,9551350
2014-03-12,20.8,20.5,20.8,20.5,-0.1,-1,241902,113,4992209
2014-03-13,20.55,20.3,20.55,20.3,-0.2,-1,128025,52,2616207
2014-03-14,20.3,20.5,20.9,20.3,0.2,1,459292,107,9392791
2014-03-17,20.5,20.4,20.6,20.05,-0.1,-1,314321,98,6389717
2014-03-18,20.6,20.3,20.65,20.3,-0.1,-1,520010,106,10650602
2014-03-19,20.5,20.2,20.5,20.1,-0.1,-1,130150,53,2634294
2014-03-20,20.2,20.0,20.2,20.0,-0.2,-1,251000,82,5035600
2014-03-21,20.0,19.95,20.1,19.9,-0.05,-1,230299,62,4606463
2014-03-24,19.95,19.8,19.95,19.75,-0.15,-1,90000,43,1785550
2014-03-25,19.8,20.0,20.25,19.5,0.2,1,215274,73,4256320
2014-03-26,20.25,19.8,20.3,19.75,-0.2,-1,122006,52,2435518
2014-03-27,20.0,19.9,20.0,19.75,0.1,1,130784,41,2595022
2014-03-28,19.9,19.9,20.1,19.8,0.0,0,118000,42,2353150
2014-03-31,19.9,20.15,20.3,19.9,0.25,1,342000,68,6848750
2014-04-01,20.3,20.65,20.65,20.2,0.5,1,501133,180,10258646
2014-04-02,20.8,21.5,21.75,20.75,0.85,1,2039014,670,43594798
2014-04-03,21.7,21.0,21.7,20.9,-0.5,-1,951119,283,20291049
2014-04-07,21.05,21.45,21.55,20.8,0.45,1,498000,178,10636500
2014-04-08,21.5,21.3,21.5,21.25,-0.15,-1,315000,108,6718700
2014-04-09,21.3,21.55,21.8,21.3,0.25,1,884540,238,19068728
2014-04-10,21.6,21.4,21.6,21.35,-0.15,-1,377000,118,8080400
2014-04-11,21.3,21.25,21.35,21.1,-0.15,-1,604000,153,12810300
2014-04-14,21.25,21.15,21.4,21.0,-0.1,-1,323000,110,6825050
2014-04-15,21.2,21.3,21.3,20.85,0.15,1,411234,118,8643284
2014-04-16,21.35,21.1,21.35,21.0,-0.2,-1,212210,78,4488199
2014-04-17,21.15,20.9,21.25,20.8,-0.2,-1,388561,122,8138318
2014-04-18,21.0,21.0,21.1,20.9,0.1,1,183000,88,3844250
2014-04-21,20.95,20.9,21.0,20.85,-0.1,-1,176000,64,3677400
2014-04-22,20.9,20.9,20.95,20.8,0.0,0,315312,91,6587639
2014-04-23,20.9,20.65,20.9,20.6,-0.25,-1,515000,137,10716300
2014-04-24,20.55,20.2,20.55,20.2,-0.45,-1,341248,159,6955921
2014-04-25,20.2,20.2,20.5,20.0,0.0,0,318472,146,6438181
2014-04-28,20.05,20.5,20.5,20.05,0.3,1,205000,82,4146350
2014-04-29,20.5,20.75,20.75,20.35,0.25,1,273000,108,5607100
2014-04-30,20.7,20.9,20.95,20.6,0.15,1,301824,90,6269398
2014-05-02,21.2,21.5,21.7,21.0,0.6,1,1995184,438,42688035
2014-05-05,21.6,21.5,21.6,21.4,0.0,0,458000,126,9840200
2014-05-06,21.5,21.4,21.55,21.3,-0.1,-1,220006,75,4705577
2014-05-07,21.5,21.35,21.5,21.1,-0.05,-1,601338,156,12819197
2014-05-08,21.35,22.05,22.35,21.3,0.7,1,2223124,423,48534939
2014-05-09,22.2,22.5,22.8,22.05,0.45,1,3230495,840,72730884
2014-05-12,22.5,21.1,22.65,21.1,-1.4,-1,2857420,678,61261188
2014-05-13,21.35,20.2,21.35,20.0,-0.9,-1,1899251,527,38866894
2014-05-14,20.3,19.9,20.4,19.75,-0.3,-1,937186,286,18697344
2014-05-15,20.2,20.05,20.2,19.7,0.15,1,882100,206,17515840
2014-05-16,20.0,20.05,20.05,19.9,0.0,0,172100,73,3442720
2014-05-19,20.15,19.9,20.15,19.85,-0.15,-1,536050,141,10701180
2014-05-20,19.9,19.85,20.05,19.7,-0.05,-1,413000,117,8193600
2014-05-21,19.85,19.6,19.85,19.4,-0.25,-1,410000,144,8014600
2014-05-22,19.6,19.7,19.7,19.05,0.1,1,1205000,402,23271050
2014-05-23,19.7,19.9,19.9,19.4,0.2,1,562004,227,11025730
2014-05-26,20.3,19.9,20.3,19.9,0.0,0,1333100,478,26701350
2014-05-27,19.9,19.9,20.05,19.8,0.0,0,308000,120,6142700
2014-05-28,19.9,19.9,19.9,19.65,0.0,0,398100,150,7868710
2014-05-29,19.9,19.95,19.95,19.75,0.05,1,120206,65,2389220
2014-05-30,20.2,20.25,20.45,20.1,0.3,1,814184,312,16503762
2014-06-03,20.25,20.0,20.25,19.9,-0.25,-1,394251,151,7885118
2014-06-04,20.0,19.65,20.0,19.65,-0.35,-1,741825,265,14636275
2014-06-05,19.65,19.7,19.85,19.65,0.05,1,375000,131,7407900
2014-06-06,19.85,19.65,19.85,19.6,-0.05,-1,597171,190,11752935
2014-06-09,19.65,19.6,19.8,19.6,-0.05,-1,238746,81,4694496
2014-06-10,19.6,19.65,19.8,19.5,0.05,1,315676,112,6186213
2014-06-11,19.4,19.55,19.85,19.35,-0.1,-1,186576,83,3653822
2014-06-12,19.5,19.45,19.55,19.35,-0.1,-1,193643,105,3765223
2014-06-13,19.45,19.55,19.55,19.35,0.1,1,277028,101,5387146
2014-06-16,19.85,19.6,19.85,19.55,0.05,1,204000,71,4001550
2014-06-17,19.75,19.7,19.75,19.65,0.1,1,171022,65,3367330
2014-06-18,19.75,19.65,19.8,19.65,-0.05,-1,211100,85,4159215
2014-06-19,19.75,19.55,19.75,19.55,-0.1,-1,97100,43,1905465
2014-06-20,19.55,19.3,19.7,19.25,-0.25,-1,1433280,106,27684009
2014-06-23,19.8,19.4,19.8,19.35,0.1,1,170150,62,3308637
2014-06-24,19.5,19.4,19.65,19.35,0.0,0,136366,69,2654882
2014-06-25,19.4,19.45,19.5,19.35,0.05,1,257216,104,4987199
2014-06-26,18.2,18.2,18.35,18.1,0.0,0,162161,105,2952830
2014-06-27,18.4,18.2,18.6,17.95,0.0,0,307155,102,5596320
2014-06-30,18.2,18.0,18.2,17.95,-0.2,-1,146165,83,2633586
2014-07-01,18.0,17.75,18.0,17.65,-0.25,-1,255164,116,4538885
2014-07-02,17.75,16.85,17.75,16.7,-0.9,-1,560261,298,9567210
2014-07-03,16.85,16.7,16.85,16.5,-0.15,-1,196546,95,3273240
2014-07-04,16.35,16.65,16.75,16.35,-0.05,-1,93015,57,1535949
2014-07-07,16.65,16.45,16.7,16.25,-0.2,-1,194000,112,3180850
2014-07-08,16.2,16.25,16.75,16.2,-0.2,-1,115624,67,1884826
2014-07-09,16.05,15.8,16.05,15.75,-0.45,-1,299069,126,4755240
2014-07-10,15.85,15.9,15.9,15.75,0.1,1,124000,51,1964750
2014-07-11,15.85,15.0,15.85,14.85,-0.9,-1,602280,211,9168050
2014-07-14,14.65,14.6,14.8,14.3,-0.4,-1,253446,135,3679833
2014-07-15,14.6,14.7,14.75,14.5,0.1,1,194074,85,2843045
2014-07-16,14.85,15.6,15.6,14.8,0.9,1,306693,161,4660310
2014-07-17,15.4,15.4,15.7,15.25,-0.2,-1,164018,82,2539379
2014-07-18,15.3,15.35,15.35,15.25,-0.05,-1,52017,32,797163
2014-07-21,15.9,15.9,16.0,15.6,0.55,1,246158,121,3897262
2014-07-22,16.35,16.6,16.6,15.95,0.7,1,602583,257,9871919
2014-07-24,16.9,17.55,17.75,16.8,0.95,1,1021000,408,17814400
2014-07-25,17.55,17.8,17.9,17.45,0.25,1,756000,231,13370750
2014-07-28,18.0,17.8,18.15,17.7,0.0,0,510693,151,9126915
2014-07-29,17.8,17.75,18.0,17.6,-0.05,-1,416003,103,7403307
2014-07-30,17.8,17.75,18.0,17.75,0.0,0,137982,56,2457594
2014-07-31,17.6,17.8,17.95,17.6,0.05,1,148414,41,2643518
2014-08-01,17.8,17.75,17.85,17.7,-0.05,-1,445000,67,7905650
2014-08-04,18.0,17.85,18.0,17.85,0.1,1,235000,63,4206950
2014-08-05,17.8,17.85,17.9,17.8,0.0,0,504000,68,8998000
2014-08-06,17.95,18.0,18.0,17.7,0.15,1,253000,74,4527750
2014-08-07,18.0,18.2,18.2,18.0,0.2,1,503200,168,9116570
2014-08-08,18.2,18.45,18.9,18.1,0.25,1,896200,209,16531320
2014-08-11,18.3,18.25,18.3,18.0,-0.2,-1,328727,114,5952286
2014-08-12,18.3,18.45,18.45,18.15,0.2,1,272203,102,4982725
2014-08-13,18.45,18.45,18.45,18.2,0.0,0,288000,98,5278800
2014-08-14,18.55,19.25,19.65,18.5,0.8,1,1901600,442,36435569
2014-08-15,19.2,19.1,19.2,18.6,-0.15,-1,741217,210,14093801
2014-08-18,19.1,19.8,19.8,18.9,0.7,1,1998017,219,38468636
2014-08-19,19.75,20.0,20.35,19.5,0.2,1,3976120,584,79634859
2014-08-20,19.95,18.9,19.95,18.9,-1.1,-1,421000,233,8156800
2014-08-21,18.9,18.6,18.9,18.55,-0.3,-1,449691,175,8382911
2014-08-22,18.5,18.3,18.6,18.3,-0.3,-1,414827,167,7637401
2014-08-25,18.2,18.4,18.5,18.05,0.1,1,878596,119,16132115
2014-08-26,18.3,18.5,18.5,18.3,0.1,1,210062,106,3873330
2014-08-27,18.5,18.7,18.7,18.5,0.2,1,176217,101,3281685
2014-08-28,18.7,18.65,18.7,18.5,-0.05,-1,119729,60,2228186
2014-08-29,18.1,18.8,18.8,18.1,0.15,1,173325,93,3230591
2014-09-01,19.0,18.85,19.0,18.7,0.05,1,101000,55,1901100
2014-09-02,18.85,18.7,18.85,18.6,-0.15,-1,157493,96,2947269
2014-09-03,18.9,18.75,18.9,18.6,0.05,1,73000,42,1366500
2014-09-04,18.75,18.7,18.9,18.15,-0.05,-1,118000,57,2178750
2014-09-05,18.7,18.75,18.8,18.65,0.05,1,100000,42,1871750
2014-09-09,18.8,18.7,18.8,18.65,-0.05,-1,54134,32,1012242
2014-09-10,18.15,18.7,18.8,18.15,0.0,0,91869,48,1707463
2014-09-11,18.7,18.6,18.7,18.5,-0.1,-1,59100,33,1097800
2014-09-12,18.5,18.45,18.6,18.45,-0.15,-1,43000,34,795550
2014-09-15,18.45,18.5,18.5,18.3,0.05,1,76703,55,1413313
2014-09-16,18.5,18.45,18.6,18.45,-0.05,-1,44000,39,813700
2014-09-17,18.45,18.95,18.95,18.4,0.5,1,180755,92,3344642
2014-09-18,18.9,18.65,18.9,18.6,-0.3,-1,106001,59,1980718
2014-09-19,18.75,18.6,18.75,18.6,-0.05,-1,92628,56,1729417
2014-09-22,18.55,18.5,18.85,18.3,-0.1,-1,58000,38,1070800
2014-09-23,18.45,18.45,18.5,18.4,-0.05,-1,25000,15,461250
2014-09-24,18.6,18.3,18.6,18.3,-0.15,-1,12100,13,222420
2014-09-25,18.3,18.0,18.35,17.85,-0.3,-1,43351,29,785832
2014-09-26,18.0,17.5,18.0,17.0,-0.5,-1,215503,109,3747502
2014-09-29,17.5,17.75,17.75,17.5,0.25,1,43000,21,760000
2014-09-30,18.0,17.8,18.2,17.8,0.05,1,47000,22,842900
2014-10-01,18.0,18.1,18.1,17.8,0.3,1,55020,23,990415
2014-10-02,18.1,18.1,18.1,18.0,0.0,0,28000,9,506500
2014-10-03,18.1,18.25,18.25,18.1,0.15,1,41123,22,747726
2014-10-06,18.2,18.1,18.35,17.95,-0.15,-1,23000,14,417150
2014-10-07,18.05,17.65,18.3,17.65,-0.45,-1,43000,25,773700
2014-10-08,17.9,17.7,17.9,17.65,0.05,1,7000,5,124100
2014-10-09,17.65,17.6,18.0,17.6,-0.1,-1,15000,9,264600
2014-10-13,16.7,17.15,17.6,16.7,-0.45,-1,40000,25,679000
2014-10-14,17.05,17.6,17.6,17.05,0.45,1,14000,5,240800
2014-10-15,17.1,17.6,17.6,17.1,0.0,0,16000,4,274100
2014-10-16,17.1,17.15,17.3,16.75,-0.45,-1,36000,13,613850
2014-10-17,17.4,17.45,17.45,17.0,0.3,1,12827,5,219157
2014-10-20,17.45,17.15,17.45,17.15,-0.3,-1,24000,10,412300
2014-10-21,17.15,17.4,17.4,17.1,0.25,1,36000,17,619450
2014-10-22,17.8,17.5,17.8,17.5,0.1,1,7000,4,123550
2014-10-23,17.5,17.2,17.5,17.2,-0.3,-1,14000,7,241600
2014-10-24,17.9,17.0,17.9,16.9,-0.2,-1,70000,20,1195000
2014-10-27,16.9,17.2,17.2,16.9,0.2,1,80000,22,1360550
2014-10-28,17.25,17.15,17.6,17.15,-0.05,-1,27000,13,466850
2014-10-29,17.2,17.1,17.7,17.1,-0.05,-1,81000,36,1391150
2014-10-30,17.2,17.2,17.4,16.8,0.1,1,66000,33,1123450
2014-10-31,17.2,17.35,17.4,17.0,0.15,1,63000,24,1077650
2014-11-03,17.5,17.35,17.7,17.35,0.0,0,31000,24,543950
2014-11-04,17.35,17.5,17.7,17.25,0.15,1,42035,22,731109
2014-11-05,17.45,17.25,17.45,17.25,-0.25,-1,44000,24,761850
2014-11-06,17.25,17.0,17.3,17.0,-0.25,-1,20000,18,342650
2014-11-07,17.0,16.7,17.0,16.7,-0.3,-1,72000,29,1214600
2014-11-10,17.2,16.7,17.2,16.7,0.0,0,18000,12,301550
2014-11-11,16.8,16.75,16.95,16.55,0.05,1,47000,19,787500
2014-11-12,17.0,16.7,17.0,16.7,-0.05,-1,17000,13,288200
2014-11-13,16.9,16.6,17.0,16.6,-0.1,-1,22000,17,371100
2014-11-14,16.6,16.55,16.7,16.55,-0.05,-1,17001,12,282216
2014-11-17,16.55,16.15,16.55,16.0,-0.4,-1,51000,28,830200
2014-11-18,16.1,16.1,16.1,16.1,-0.05,-1,4239,4,68224
2014-11-19,16.45,15.9,16.45,15.9,-0.2,-1,16000,11,257650
2014-11-20,16.0,15.9,16.0,15.7,0.0,0,26100,14,415555
2014-11-21,16.0,15.9,16.1,15.9,0.0,0,28438,14,453720
2014-11-24,15.9,16.1,16.1,15.9,0.2,1,8000,5,127600
2014-11-25,16.1,16.1,16.1,16.0,0.0,0,8000,5,128600
2014-11-26,16.1,16.0,16.1,16.0,-0.1,-1,3060,4,49054
2014-11-27,16.0,17.1,17.1,16.0,1.1,1,238139,148,4039326
2014-11-28,17.5,18.25,18.25,17.15,1.15,1,811139,381,14658722
2014-12-01,18.0,18.05,18.3,17.7,-0.2,-1,330302,195,5961709
2014-12-02,18.0,18.9,19.0,18.0,0.85,1,578202,299,10783977
2014-12-03,18.9,18.6,19.25,18.5,-0.3,-1,303000,137,5705700
2014-12-04,18.6,18.2,18.8,18.2,-0.4,-1,177000,91,3286200
2014-12-05,18.0,18.2,18.5,18.0,0.0,0,82000,60,1495000
2014-12-08,18.3,18.35,18.45,18.1,0.15,1,92000,49,1682050
2014-12-09,18.3,18.15,18.7,18.1,-0.2,-1,49697,36,909230
2014-12-10,18.05,17.75,18.15,17.7,-0.4,-1,104030,48,1866332
2014-12-11,17.6,17.4,17.6,17.4,-0.35,-1,68086,30,1191587
2014-12-12,17.6,17.6,17.95,17.6,0.2,1,65000,24,1153050
2014-12-15,17.45,17.3,17.5,17.3,-0.3,-1,16562,10,289116
2014-12-16,17.3,17.3,17.7,17.3,0.0,0,10403,11,181281
2014-12-17,17.3,17.3,17.55,17.3,0.0,0,42000,33,729200
2014-12-18,17.3,17.3,17.55,17.3,0.0,0,12000,8,208150
2014-12-19,17.5,17.3,17.5,17.3,0.0,0,26001,18,451117
2014-12-22,17.9,18.25,18.5,17.85,0.95,1,514134,144,9489382
2014-12-23,18.2,18.25,18.4,18.2,0.0,0,118000,54,2157000
2014-12-24,18.2,18.4,18.8,18.2,0.15,1,110654,57,2055618
2014-12-25,18.45,18.3,18.45,18.2,-0.1,-1,80000,29,1468000
2014-12-26,18.6,18.15,18.6,18.1,-0.15,-1,156000,65,2874000
2014-12-27,18.2,18.15,18.35,18.1,0.0,0,26262,16,477797
2014-12-29,18.15,18.1,18.15,18.1,-0.05,-1,46000,26,834650
2014-12-30,18.2,18.35,18.45,18.2,0.25,1,61000,25,1117700
2014-12-31,18.5,18.15,18.5,18.1,-0.2,-1,75000,52,1367550
2015-01-05,18.3,18.25,18.3,18.15,0.1,1,36000,25,655700
2015-01-06,18.6,18.5,19.3,18.45,0.25,1,557000,208,10472250
2015-01-07,18.5,18.4,18.7,18.3,-0.1,-1,153000,88,2823500
2015-01-08,18.6,18.0,18.6,17.95,-0.4,-1,338000,115,6114100
2015-01-09,18.15,17.5,18.15,17.45,-0.5,-1,298422,132,5272791
2015-01-12,17.7,17.4,17.8,17.4,-0.1,-1,268827,104,4711757
2015-01-13,17.75,17.35,17.75,17.3,-0.05,-1,57263,38,998352
2015-01-14,17.4,17.55,17.55,17.25,0.2,1,79000,34,1371150
2015-01-15,17.55,17.3,17.6,17.3,-0.25,-1,87000,48,1516000
2015-01-16,17.3,17.2,17.5,17.2,-0.1,-1,72000,41,1244900
2015-01-19,17.2,17.2,17.3,17.0,0.0,0,141280,64,2409138
2015-01-20,17.2,17.05,17.4,17.05,-0.15,-1,58561,35,1003658
2015-01-21,17.2,17.15,17.25,17.05,0.1,1,85000,27,1455700
2015-01-22,17.2,17.2,17.35,17.2,0.05,1,108100,41,1865870
2015-01-23,17.45,17.0,17.5,17.0,-0.2,-1,510296,141,8753182
2015-01-26,18.15,18.15,18.15,17.8,1.15,1,1904256,556,34514695
2015-01-27,18.3,17.85,18.45,17.8,-0.3,-1,882204,367,16032372
2015-01-28,17.5,17.6,17.95,17.5,-0.25,-1,374280,162,6611055
2015-01-29,17.6,17.9,18.0,17.6,0.3,1,235000,100,4195600
2015-01-30,18.0,17.75,18.0,17.7,-0.15,-1,90248,49,1610464
2015-02-02,17.85,17.55,17.85,17.55,-0.2,-1,77500,43,1365799
2015-02-03,17.55,17.6,17.75,17.55,0.05,1,104000,50,1831600
2015-02-04,17.6,17.5,17.65,17.4,-0.1,-1,132420,72,2324357
2015-02-05,17.5,17.6,17.6,17.35,0.1,1,190955,80,3340912
2015-02-06,17.6,17.6,17.6,17.35,0.0,0,112701,39,1970817
2015-02-09,17.7,17.45,17.7,17.45,-0.15,-1,61000,37,1070100
2015-02-10,17.45,17.45,17.5,17.4,0.0,0,104348,42,1821120
2015-02-11,17.7,17.45,17.9,17.45,0.0,0,178200,82,3132970
2015-02-12,17.65,17.6,17.7,17.45,0.15,1,208000,66,3652200
2015-02-13,17.8,18.0,18.1,17.7,0.4,1,339000,134,6067450
2015-02-24,18.35,18.05,18.35,17.8,0.05,1,254260,111,4598455
2015-02-25,18.1,18.05,18.1,17.95,0.0,0,143139,41,2577982
2015-02-26,18.05,17.9,18.1,17.8,-0.15,-1,297403,64,5341143
2015-03-02,17.9,17.7,18.0,17.7,-0.2,-1,192000,65,3416100
2015-03-03,17.8,17.7,17.8,17.7,0.0,0,106000,44,1879300
2015-03-04,17.7,17.8,17.8,17.7,0.1,1,32300,21,573990
2015-03-05,17.9,17.9,17.9,17.8,0.1,1,124999,51,2229180
2015-03-06,17.9,17.7,17.9,17.55,-0.2,-1,256021,76,4526238
2015-03-09,17.7,17.8,17.9,17.65,0.1,1,109000,34,1936450
2015-03-10,17.85,17.9,18.1,17.8,0.1,1,118020,62,2115508
2015-03-11,17.95,17.8,17.95,17.8,-0.1,-1,129654,64,2311608
2015-03-12,17.95,18.05,18.45,17.95,0.25,1,337270,136,6118041
2015-03-13,18.1,18.0,18.2,17.9,-0.05,-1,308021,101,5561430
2015-03-16,18.2,18.05,18.2,18.05,0.05,1,324000,101,5870650
2015-03-17,18.3,18.55,18.65,18.25,0.5,1,850001,305,15738869
2015-03-18,18.5,18.3,18.6,18.2,-0.25,-1,515608,171,9488414
2015-03-19,18.3,18.2,18.35,18.2,-0.1,-1,246100,82,4487535
2015-03-20,18.5,18.3,18.5,18.25,0.1,1,205499,72,3754756
2015-03-23,18.5,18.6,18.75,18.5,0.3,1,407489,187,7586095
2015-03-24,18.75,18.85,18.9,18.6,0.25,1,395230,171,7412684
2015-03-25,19.0,19.15,19.2,18.9,0.3,1,897726,299,17109065
2015-03-26,19.2,19.0,19.2,18.85,-0.15,-1,402400,137,7643359
2015-03-27,19.0,18.9,19.05,18.8,-0.1,-1,385118,137,7288265
2015-03-30,19.5,19.0,19.5,18.95,0.1,1,463909,193,8858821
2015-03-31,19.0,18.9,19.1,18.8,-0.1,-1,441450,136,8322036
2015-04-01,18.9,18.85,18.9,18.7,-0.05,-1,132623,64,2491681
2015-04-02,18.75,19.05,19.05,18.75,0.2,1,234252,101,4440438
2015-04-07,19.1,19.1,19.1,19.0,0.05,1,259221,120,4940619
2015-04-08,19.1,18.9,19.2,18.85,-0.2,-1,143380,83,2718240
2015-04-09,19.05,18.95,19.1,18.75,0.05,1,250000,114,4721800
2015-04-10,19.0,18.85,19.1,18.65,-0.1,-1,399101,145,7486153
2015-04-13,18.95,18.7,19.0,18.5,-0.15,-1,434000,182,8093550
2015-04-14,18.8,18.7,18.8,18.6,0.0,0,215101,91,4022693
2015-04-15,18.8,18.5,18.8,18.4,-0.2,-1,279100,110,5169005
2015-04-16,18.7,18.35,18.7,18.35,-0.15,-1,360058,131,6626116
2015-04-17,18.4,18.5,18.5,18.35,0.15,1,60112,43,1107210
2015-04-20,18.5,18.4,18.5,18.3,-0.1,-1,179000,93,3287850
2015-04-21,18.45,18.25,18.55,18.05,-0.15,-1,129000,70,2352800
2015-04-22,18.3,18.2,18.3,18.15,-0.05,-1,138073,72,2512778
2015-04-23,18.2,18.2,18.4,18.15,0.0,0,128188,61,2341739
2015-04-24,18.15,18.25,18.35,18.15,0.05,1,174345,75,3177761
2015-04-27,18.25,18.3,18.3,18.2,0.05,1,189217,63,3448060
2015-04-28,18.35,18.5,18.7,18.35,0.2,1,297252,86,5479536
2015-04-29,18.5,18.4,18.65,18.4,-0.1,-1,182000,65,3362800
2015-04-30,18.5,18.35,18.5,18.35,-0.05,-1,21000,20,386800
2015-05-04,18.35,18.3,18.5,18.2,-0.05,-1,171687,52,3141502
2015-05-05,18.2,18.3,18.35,18.2,0.0,0,97088,47,1774560
2015-05-06,18.2,18.35,18.35,18.15,0.05,1,233273,81,4263508
2015-05-07,18.3,18.5,18.5,18.25,0.15,1,248239,75,4554909
2015-05-08,18.5,18.6,19.1,18.5,0.1,1,860300,272,16246975
2015-05-11,18.55,18.05,18.55,17.9,-0.55,-1,475000,214,8606500
2015-05-12,18.05,18.05,18.05,17.85,0.0,0,75000,47,1343900
2015-05-13,18.0,18.0,18.2,17.95,-0.05,-1,97710,59,1759362
2015-05-14,18.0,18.0,18.05,17.8,0.0,0,141001,67,2520018
2015-05-15,18.05,17.95,18.05,17.85,-0.05,-1,92082,35,1651284
2015-05-18,17.95,17.9,18.0,17.75,-0.05,-1,138000,56,2463450
2015-05-19,18.0,17.9,18.0,17.85,0.0,0,115255,52,2061022
2015-05-20,17.9,17.85,18.0,17.85,-0.05,-1,130047,48,2327588
2015-05-21,17.85,17.85,17.85,17.7,0.0,0,99500,56,1770849
2015-05-22,17.85,17.9,17.9,17.8,0.05,1,111766,52,1994834
2015-05-25,17.9,17.95,18.0,17.85,0.05,1,156121,59,2800624
2015-05-26,18.0,17.9,18.0,17.9,-0.05,-1,229234,98,4114973
2015-05-27,17.9,17.95,17.95,17.8,0.05,1,177027,73,3167299
2015-05-28,18.0,17.95,18.05,17.9,0.0,0,281739,130,5061364
2015-05-29,18.0,17.95,18.0,17.9,0.0,0,338108,105,6058302
2015-06-01,17.95,17.85,18.05,17.85,-0.1,-1,383000,143,6877550
2015-06-02,17.85,17.8,17.9,17.7,-0.05,-1,358000,158,6382800
2015-06-03,17.8,17.95,17.95,17.7,0.15,1,641809,277,11446880
2015-06-04,14.7,14.05,14.7,14.0,0.0,0,529500,271,7530749
2015-06-05,14.05,14.05,14.2,14.0,0.0,0,149300,75,2097800
2015-06-08,14.1,13.6,14.1,13.3,-0.45,-1,156055,89,2123692
2015-06-09,13.65,12.55,13.65,12.55,-1.05,-1,334022,121,4367778
2015-06-10,12.0,13.15,13.15,12.0,0.6,1,196000,93,2485700
2015-06-11,13.3,12.85,13.3,12.85,-0.3,-1,77822,49,1012024
2015-06-12,12.9,12.75,13.1,12.75,-0.1,-1,56559,31,732643
2015-06-15,13.1,12.9,13.25,12.8,0.15,1,72052,43,929670
2015-06-16,12.85,12.45,12.9,12.35,-0.45,-1,99009,35,1247062
2015-06-17,12.5,12.45,12.65,12.35,0.0,0,102330,41,1274307
2015-06-18,12.55,12.65,12.7,12.55,0.2,1,300000,42,3781900
2015-06-22,12.7,12.4,12.8,12.4,-0.25,-1,188200,62,2359349
2015-06-23,12.6,12.3,12.6,12.3,-0.1,-1,110000,48,1356100
2015-06-24,12.4,12.25,12.4,12.25,-0.05,-1,32308,25,396922
2015-06-25,12.25,12.2,12.3,12.1,-0.05,-1,125072,58,1522935
2015-06-26,12.2,12.2,12.25,12.05,0.0,0,61038,33,742117
2015-06-29,12.2,12.0,12.2,12.0,-0.2,-1,104280,35,1256116
2015-06-30,12.0,12.0,12.05,11.95,0.0,0,50000,25,600050
2015-07-01,12.05,12.1,12.1,12.0,0.1,1,43030,21,518366
2015-07-02,12.05,12.0,12.1,12.0,-0.1,-1,21000,10,252600
2015-07-03,11.9,11.95,12.0,11.8,-0.05,-1,54100,30,641520
2015-07-06,11.75,11.7,11.95,11.6,-0.25,-1,44000,33,514900
2015-07-07,11.5,11.1,11.55,11.0,-0.6,-1,322099,125,3593388
2015-07-08,11.1,10.35,11.1,10.3,-0.75,-1,269000,84,2859850
2015-07-09,10.3,10.5,10.6,10.1,0.15,1,164000,78,1691950
2015-07-13,10.45,10.85,11.1,10.45,0.35,1,73000,53,783350
2015-07-14,11.0,10.85,11.0,10.65,0.0,0,23160,19,252527
2015-07-15,11.0,10.9,11.0,10.5,0.05,1,71000,38,758650
2015-07-16,10.8,10.6,10.8,10.35,-0.3,-1,197000,92,2066850
2015-07-17,10.6,10.6,10.75,10.45,0.0,0,55110,34,580566
2015-07-20,10.45,10.65,10.65,10.25,0.05,1,130324,67,1366226
2015-07-21,10.5,10.35,10.5,10.1,-0.3,-1,174691,100,1791151
2015-07-22,10.1,10.95,10.95,10.05,0.6,1,134281,78,1415439
2015-07-23,10.9,10.75,11.0,10.5,-0.2,-1,192443,98,2054683
2015-07-24,10.8,10.8,10.8,10.5,0.05,1,156421,73,1668400
2015-07-27,10.7,10.6,10.7,10.15,-0.2,-1,273647,91,2847754
2015-07-28,10.5,10.65,10.7,10.25,0.05,1,469540,93,4962072
2015-07-29,10.7,10.4,10.7,10.4,-0.25,-1,243774,40,2588596
2015-07-30,10.2,10.45,10.45,10.2,0.05,1,47863,26,496016
2015-07-31,10.4,10.4,10.45,10.2,-0.05,-1,133224,48,1379256
2015-08-03,10.3,10.55,10.75,10.2,0.15,1,478169,82,5073624
2015-08-04,10.4,10.55,10.55,10.3,0.0,0,440055,57,4572975
2015-08-05,10.5,10.5,10.55,10.35,-0.05,-1,393319,40,4115549
2015-08-06,10.5,10.5,10.55,10.3,0.0,0,646169,81,6775457
2015-08-07,10.35,10.6,10.6,10.35,0.1,1,803651,77,8439234
2015-08-10,10.5,10.8,10.8,10.5,0.2,1,1036148,103,11021581
2015-08-11,10.75,10.9,10.9,10.65,0.1,1,1108654,112,11991361
2015-08-12,10.5,10.9,10.9,10.5,0.0,0,1154483,139,12434864
2015-08-13,10.9,11.2,11.2,10.75,0.3,1,1162471,150,12768546
2015-08-14,11.4,11.55,12.3,11.3,0.35,1,1140177,318,13417691
2015-08-17,11.6,11.45,11.75,11.25,-0.1,-1,605120,157,6995283
2015-08-18,11.6,11.6,11.6,11.3,0.15,1,292694,78,3370131
2015-08-19,11.6,11.9,11.9,11.4,0.3,1,902157,170,10468299
2015-08-20,11.9,11.9,12.2,11.55,0.0,0,515710,127,6162576
2015-08-21,11.6,11.9,12.05,11.55,0.0,0,362283,102,4295357
2015-08-24,11.8,11.95,11.95,11.4,0.05,1,590589,198,6936502
2015-08-25,11.9,12.35,12.35,11.65,0.4,1,631179,127,7560689
2015-08-26,12.3,12.55,12.6,12.0,0.2,1,319077,89,3942956
2015-08-27,12.55,12.55,12.6,12.35,0.0,0,66667,33,833868
2015-08-28,12.55,12.5,12.55,12.2,-0.05,-1,124104,51,1531586
2015-08-31,12.5,12.4,12.5,12.2,-0.1,-1,172693,48,2135952
2015-09-01,12.2,12.4,12.4,12.0,0.0,0,153148,58,1866666
2015-09-02,12.3,12.4,12.4,12.1,0.0,0,221847,37,2732418
2015-09-03,12.35,12.35,12.35,12.15,-0.05,-1,345099,47,4249061
2015-09-04,12.3,12.85,12.85,12.1,0.5,1,881350,125,10912356
2015-09-07,13.0,13.15,13.3,13.0,0.3,1,422977,115,5560449
2015-09-08,13.3,13.0,13.3,12.85,-0.15,-1,152389,53,2005923
2015-09-09,13.0,13.0,13.1,12.8,0.0,0,163338,42,2112009
2015-09-10,12.7,13.0,13.1,12.7,0.0,0,166662,38,2167271
2015-09-11,13.0,12.9,13.05,12.75,-0.1,-1,330053,59,4269812
2015-09-14,13.0,12.9,13.0,12.75,0.0,0,334000,60,4320200
2015-09-15,13.0,12.9,13.0,12.75,0.0,0,200793,35,2595239
2015-09-16,12.95,12.7,12.95,12.55,-0.2,-1,297323,56,3800134
2015-09-17,12.7,12.7,12.7,12.3,0.0,0,369662,70,4660122
2015-09-18,12.7,13.0,13.1,12.55,0.3,1,376245,53,4771359
2015-09-21,13.0,12.9,13.0,12.7,-0.1,-1,141295,25,1820826
2015-09-22,12.85,12.8,12.85,12.7,-0.1,-1,157236,28,2007759
2015-09-23,12.4,12.45,12.9,12.4,-0.35,-1,286226,53,3667874
2015-09-24,12.45,12.9,12.9,12.35,0.45,1,325206,50,4111547
2015-09-25,12.9,12.9,13.0,12.65,0.0,0,311300,56,4019720
2015-09-30,12.5,12.75,12.8,12.5,-0.15,-1,126814,43,1599787
2015-10-01,12.75,12.55,12.8,12.55,-0.2,-1,229354,51,2911359
2015-10-02,12.4,12.5,12.65,12.4,-0.05,-1,384001,36,4844312
2015-10-05,12.8,12.6,12.8,12.4,0.1,1,171557,81,2148812
2015-10-06,12.6,12.65,12.65,12.35,0.05,1,153984,56,1930445
2015-10-07,12.65,12.6,12.7,12.4,-0.05,-1,43353,34,544311
2015-10-08,12.6,12.1,12.6,12.1,-0.5,-1,81289,35,998775
2015-10-12,12.1,12.3,12.35,12.0,0.2,1,107161,56,1300561
2015-10-13,12.5,12.5,12.7,12.3,0.2,1,77346,42,966825
2015-10-14,12.5,12.45,12.5,12.2,-0.05,-1,76964,43,951352
2015-10-15,12.2,12.45,12.45,12.2,0.0,0,113232,39,1398676
2015-10-16,12.45,12.15,12.45,12.1,-0.3,-1,88967,35,1082945
2015-10-19,12.0,12.2,12.2,11.95,0.05,1,117500,38,1423099
2015-10-20,12.2,12.15,12.2,11.95,-0.05,-1,117000,32,1419450
2015-10-21,12.1,12.15,12.15,12.0,0.0,0,29417,11,356445
2015-10-22,12.15,12.1,12.15,11.9,-0.05,-1,94000,42,1127650
2015-10-23,11.9,12.05,12.1,11.9,-0.05,-1,78231,29,938418
2015-10-26,11.8,12.05,12.05,11.5,0.0,0,107000,47,1274500
2015-10-27,12.0,12.0,12.05,11.7,-0.05,-1,102185,36,1220600
2015-10-28,11.85,12.25,12.3,11.75,0.25,1,172000,65,2075050
2015-10-29,12.25,12.45,12.6,12.2,0.2,1,133910,67,1657983
2015-10-30,12.5,12.4,12.5,12.3,-0.05,-1,66863,27,830014
2015-11-02,12.55,12.15,12.55,12.1,-0.25,-1,73507,29,913433
2015-11-03,11.95,12.4,12.4,11.9,0.25,1,66591,26,799018
2015-11-04,12.4,12.4,12.4,12.0,0.0,0,105694,35,1297086
2015-11-05,12.25,12.3,12.3,12.1,-0.1,-1,44861,23,548739
2015-11-06,12.3,12.3,12.3,12.1,0.0,0,87184,30,1067493
2015-11-09,12.0,12.4,12.4,12.0,0.1,1,108209,28,1319370
2015-11-10,12.05,11.95,12.1,11.95,-0.45,-1,39388,20,473756
2015-11-11,11.85,11.95,12.0,11.8,0.0,0,55846,30,664266
2015-11-12,11.8,12.2,12.2,11.6,0.25,1,138639,53,1661981
2015-11-13,12.25,12.15,12.25,11.5,-0.05,-1,128923,70,1530804
2015-11-16,11.6,12.1,12.15,11.6,-0.05,-1,139000,47,1673250
2015-11-17,12.1,12.0,12.15,11.8,-0.1,-1,140520,53,1677990
2015-11-18,12.05,11.75,12.05,11.75,-0.25,-1,88611,33,1049270
2015-11-19,11.75,11.85,11.95,11.75,0.1,1,132032,50,1560923
2015-11-20,11.95,11.8,12.0,11.8,-0.05,-1,132202,35,1571232
2015-11-23,11.8,11.8,11.85,11.7,0.0,0,116000,21,1364000
2015-11-24,11.9,11.8,11.9,11.7,0.0,0,247214,22,2903064
2015-11-25,11.75,11.75,11.8,11.65,-0.05,-1,105337,23,1236442
2015-11-26,11.7,11.7,11.7,11.6,-0.05,-1,126338,16,1472404
2015-11-27,11.7,11.95,11.95,11.65,0.25,1,210913,36,2473264
2015-11-30,12.05,11.95,12.05,11.8,0.0,0,46346,20,553567
2015-12-01,12.15,11.95,12.15,11.75,0.0,0,39169,15,468511
2015-12-02,12.0,11.95,12.0,11.75,0.0,0,39355,13,466524
2015-12-03,11.9,11.85,11.9,11.7,-0.1,-1,44999,18,529439
2015-12-04,11.9,11.9,11.9,11.65,0.05,1,69977,33,827185
2015-12-07,11.7,11.75,11.8,11.65,-0.15,-1,57984,17,676810
2015-12-08,11.65,11.8,11.85,11.5,0.05,1,196685,53,2290764
2015-12-09,11.55,11.75,11.8,11.55,-0.05,-1,278999,43,3247187
2015-12-10,11.7,11.75,11.75,11.65,0.0,0,49861,16,583973
2015-12-11,11.7,11.7,11.7,10.6,-0.05,-1,131000,31,1492450
2015-12-14,11.6,11.55,11.7,11.5,-0.15,-1,108000,31,1249100
2015-12-15,11.6,11.9,11.95,11.6,0.35,1,173868,55,2038092
2015-12-16,11.85,12.0,12.05,11.7,0.1,1,126338,46,1504972
2015-12-17,12.0,12.0,12.0,11.8,0.0,0,86491,22,1029542
2015-12-18,11.95,11.9,11.95,11.7,-0.1,-1,131500,35,1556000
2015-12-21,11.9,11.9,11.95,11.7,0.0,0,84000,31,996750
2015-12-22,11.9,11.9,11.95,11.75,0.0,0,50338,16,599188
2015-12-23,11.85,11.9,11.9,11.7,0.0,0,95421,24,1129617
2015-12-24,11.9,11.85,11.9,11.75,-0.05,-1,53000,16,627348
2015-12-25,11.8,11.85,11.85,11.65,0.0,0,127807,46,1507522
2015-12-28,11.8,11.85,11.85,11.7,0.0,0,66327,25,782608
2015-12-29,11.85,11.85,11.85,11.8,0.0,0,31000,12,366950
2015-12-30,11.85,11.8,11.85,11.65,-0.05,-1,74000,31,871650
2015-12-31,11.65,11.8,11.8,11.65,0.0,0,28169,17,331677
2016-01-04,11.6,11.85,11.85,11.6,0.05,1,79999,32,934737
2016-01-05,11.85,11.75,11.85,11.65,-0.1,-1,35536,17,417020
2016-01-06,11.7,11.7,11.7,11.6,-0.05,-1,58000,24,675950
2016-01-07,11.7,11.65,11.7,11.45,-0.05,-1,34004,21,395596
2016-01-08,11.65,11.7,11.7,11.5,0.05,1,32259,24,375603
2016-01-11,11.45,11.3,11.65,11.3,-0.4,-1,13000,12,148550
2016-01-12,11.45,11.35,11.45,11.25,0.05,1,51434,31,582204
2016-01-13,11.35,11.45,11.5,11.1,0.1,1,87000,49,981200
2016-01-14,11.4,11.45,11.45,11.05,0.0,0,164000,71,1851650
2016-01-15,11.45,11.5,11.5,11.2,0.05,1,78000,27,887750
2016-01-18,11.3,11.5,11.5,11.3,0.0,0,69000,22,787600
2016-01-19,11.5,11.55,11.6,11.5,0.05,1,38847,15,448082
2016-01-20,11.55,11.55,11.55,11.55,0.0,0,35000,15,404250
2016-01-21,11.25,11.55,11.55,11.25,0.0,0,81488,40,933862
2016-01-22,11.35,11.6,11.6,11.3,0.05,1,86000,40,990000
2016-01-25,11.5,12.0,12.0,11.4,0.4,1,80064,27,928061
2016-01-26,11.6,11.8,11.9,11.6,-0.2,-1,70000,29,821950
2016-01-27,11.75,11.45,11.75,11.45,-0.35,-1,62388,30,719523
2016-01-28,11.8,11.6,11.8,11.3,0.15,1,56744,27,653806
2016-01-29,11.45,11.7,11.7,11.4,0.1,1,40000,18,461900
2016-01-30,11.6,11.7,11.75,11.5,0.0,0,47083,22,547221
2016-02-01,11.6,11.6,11.6,11.5,-0.1,-1,39999,23,461388
2016-02-02,11.7,11.6,11.75,11.5,0.0,0,41847,18,485040
2016-02-03,11.5,11.6,11.6,11.5,0.0,0,45708,19,528792
2016-02-15,11.5,11.75,11.8,11.5,0.15,1,150000,79,1744300
2016-02-16,11.8,11.75,12.4,11.65,0.0,0,102264,39,1213100
2016-02-17,11.9,11.9,11.9,11.65,0.15,1,20002,14,236223
2016-02-18,11.85,11.65,11.85,11.65,-0.25,-1,27694,18,323949
2016-02-19,11.8,11.75,11.8,11.45,0.1,1,56000,29,652000
2016-02-22,11.55,11.7,11.75,11.4,-0.05,-1,77000,28,889950
2016-02-23,11.85,11.8,11.85,11.65,0.1,1,19000,11,223650
2016-02-24,11.6,11.65,11.65,11.45,-0.15,-1,44371,23,512702
2016-02-25,11.6,11.7,11.7,11.4,0.05,1,61940,32,715503
2016-02-26,11.5,11.6,11.6,11.45,-0.1,-1,72914,33,839610
2016-03-01,11.65,11.65,11.65,11.5,0.05,1,44999,25,521588
2016-03-02,11.65,11.65,11.65,11.5,0.0,0,49169,23,568810
2016-03-03,11.65,11.6,11.65,11.5,-0.05,-1,48094,27,555489
2016-03-04,11.6,11.6,11.6,11.4,0.0,0,35524,22,410726
2016-03-07,11.55,11.6,11.6,11.45,0.0,0,35814,20,413560
2016-03-08,11.6,11.45,11.7,11.45,-0.15,-1,33000,17,380650
2016-03-09,11.5,11.55,11.55,11.4,0.1,1,53169,26,610751
2016-03-10,11.55,11.55,11.55,11.4,0.0,0,51006,22,584469
2016-03-11,11.5,11.6,11.6,11.5,0.05,1,30529,17,352539
2016-03-14,11.6,11.65,11.95,11.5,0.05,1,38000,16,439000
2016-03-15,11.7,11.4,11.7,11.4,-0.25,-1,38445,18,440250
2016-03-16,11.4,11.6,11.6,11.4,0.2,1,20901,17,241261
2016-03-17,11.6,11.4,11.6,11.25,-0.2,-1,114152,60,1297414
2016-03-18,11.4,11.4,11.4,11.15,0.0,0,110338,51,1249269
2016-03-21,11.4,11.4,11.4,11.25,0.0,0,70388,24,796984
2016-03-22,11.35,11.4,11.5,11.3,0.0,0,18000,10,204700
2016-03-23,11.25,11.5,11.5,11.25,0.1,1,32350,20,368690
2016-03-24,12.0,11.45,12.0,11.25,-0.05,-1,39338,26,449253
2016-03-25,11.5,11.5,11.6,11.4,0.05,1,47676,25,546756
2016-03-28,11.5,11.5,11.5,11.4,0.0,0,37847,17,433755
2016-03-29,11.55,11.5,11.75,11.3,0.0,0,44847,28,513805
2016-03-30,11.5,11.45,11.5,11.4,-0.05,-1,23626,13,269936
2016-03-31,11.6,11.55,11.6,10.55,0.1,1,97169,50,1091343
2016-04-01,11.55,11.5,11.55,11.4,-0.05,-1,14708,11,168970
2016-04-06,11.35,11.5,11.55,11.25,0.0,0,43453,20,496909
2016-04-07,11.45,11.45,11.45,11.2,-0.05,-1,74999,39,852688
2016-04-08,11.4,11.45,11.45,11.3,0.0,0,46000,14,523500
2016-04-11,11.35,11.5,11.5,11.3,0.05,1,96897,40,1103025
2016-04-12,11.45,11.4,11.45,11.2,-0.1,-1,99306,34,1125972
2016-04-13,11.4,11.4,11.45,11.25,0.0,0,79777,27,906079
2016-04-14,11.4,11.4,11.45,11.2,0.0,0,92687,43,1048463
2016-04-15,11.45,11.4,11.45,11.25,0.0,0,58999,25,670588
2016-04-18,11.35,11.35,11.4,11.3,-0.05,-1,73243,16,831795
2016-04-19,11.3,11.15,11.35,11.15,-0.2,-1,126000,54,1412450
2016-04-20,11.2,11.25,11.4,11.1,0.1,1,70999,36,792688
2016-04-21,11.15,11.25,11.3,11.1,0.0,0,46999,20,526738
2016-04-22,11.1,11.2,11.2,11.05,-0.05,-1,52000,22,579150
2016-04-25,11.2,11.3,11.3,11.2,0.1,1,22327,12,251462
2016-04-26,11.25,11.25,11.3,11.05,-0.05,-1,82236,34,919043
2016-04-27,11.25,11.25,11.25,11.1,0.0,0,31675,15,355259
2016-04-28,11.2,11.2,11.2,11.1,-0.05,-1,62694,14,699353
2016-04-29,11.2,11.1,11.2,11.05,-0.1,-1,57184,24,635424
2016-05-03,11.1,11.25,11.3,11.0,0.15,1,57617,31,641600
2016-05-04,11.3,11.3,11.3,11.15,0.05,1,53312,22,598394
2016-05-05,11.3,11.3,11.3,11.25,0.0,0,19005,10,214106
2016-05-06,11.2,11.1,11.2,11.1,-0.2,-1,29000,9,323150
2016-05-09,11.0,11.25,11.3,11.0,0.15,1,102000,38,1134850
2016-05-10,11.2,11.3,11.3,11.1,0.05,1,65847,23,739436
2016-05-11,11.2,11.2,11.2,11.15,-0.1,-1,38694,17,433053
2016-05-12,11.0,11.3,11.4,11.0,0.1,1,28999,17,325289
2016-05-13,11.2,11.2,11.35,11.1,-0.1,-1,31407,20,350866
2016-05-16,11.2,11.25,11.3,11.15,0.05,1,36112,18,405253
2016-05-17,11.0,11.25,11.25,10.9,0.0,0,145000,47,1606399
2016-05-18,11.2,11.25,11.25,11.15,0.0,0,66677,20,745782
2016-05-19,11.25,11.3,11.45,11.2,0.05,1,70748,24,803975
2016-05-20,11.25,11.25,11.25,11.15,-0.05,-1,46000,16,517400
2016-05-23,11.2,11.25,11.25,11.2,0.0,0,30000,10,336850
2016-05-24,11.2,11.25,11.25,11.1,0.0,0,26822,13,300554
2016-05-25,11.25,11.0,11.35,11.0,-0.25,-1,71000,23,794350
2016-05-26,11.2,11.2,11.2,11.05,0.2,1,28040,15,313548
2016-05-27,11.25,11.1,11.3,11.1,-0.1,-1,81153,21,905398
2016-05-30,11.0,11.2,11.2,11.0,0.1,1,43025,24,479377
2016-05-31,11.15,11.1,11.15,11.0,-0.1,-1,56448,19,625828
2016-06-01,11.1,11.0,11.25,10.7,-0.1,-1,196285,73,2150955
2016-06-02,11.15,11.1,11.15,10.9,0.1,1,54999,23,607889
2016-06-03,11.15,11.0,11.15,10.95,-0.1,-1,37080,20,410621
2016-06-04,11.1,11.1,11.1,11.05,0.1,1,10030,9,111233
2016-06-06,10.85,11.1,11.3,10.8,0.0,0,62000,31,678050
2016-06-07,11.15,11.05,11.15,10.95,-0.05,-1,23169,13,255717
2016-06-08,11.15,11.0,11.15,10.9,-0.05,-1,18493,10,205073
2016-06-13,11.0,10.85,11.0,10.85,-0.15,-1,7000,2,76700
2016-06-14,11.0,11.0,11.0,10.8,0.15,1,42139,16,461315
2016-06-15,10.75,10.9,11.0,10.75,-0.1,-1,28338,19,307550
2016-06-16,11.15,11.0,11.15,10.75,0.1,1,34945,20,382599
2016-06-17,11.0,11.0,11.15,10.8,0.0,0,47693,24,524653
2016-06-20,11.15,11.0,11.15,10.8,0.0,0,30783,21,336313
2016-06-21,10.8,11.0,11.0,10.8,0.0,0,28000,16,304900
2016-06-22,11.0,11.05,11.05,10.8,0.05,1,31508,13,346888
2016-06-23,11.1,10.9,11.15,10.85,-0.15,-1,27000,6,298700
2016-06-24,11.05,11.0,11.05,10.8,0.1,1,88000,28,962800
2016-06-27,11.05,11.05,11.2,10.9,0.05,1,51999,15,577689
2016-06-28,11.0,11.0,11.2,10.95,-0.05,-1,42000,13,467250
2016-06-29,11.25,11.25,11.25,11.25,0.25,1,43299,9,486917
2016-06-30,11.2,11.1,11.2,10.95,-0.15,-1,92999,30,1033039
2016-07-01,11.2,11.15,11.2,11.0,0.05,1,45999,14,513137
2016-07-04,11.25,11.1,11.25,11.0,-0.05,-1,47359,11,528449
2016-07-05,11.15,11.1,11.2,10.9,0.0,0,56000,21,621350
2016-07-06,11.15,11.1,11.15,10.9,0.0,0,48000,15,532300
2016-07-07,11.1,11.05,11.1,10.75,-0.05,-1,110694,42,1212134
2016-07-11,11.0,11.05,11.05,10.95,0.0,0,67839,18,747879
2016-07-12,11.05,11.05,11.05,10.85,0.0,0,112162,15,1239082
2016-07-13,11.05,11.05,11.05,11.05,0.0,0,113000,9,1248650
2016-07-14,11.0,11.05,11.05,10.85,0.0,0,177580,25,1951580
2016-07-15,11.05,11.1,11.15,10.95,0.05,1,194338,20,2159068
2016-07-18,11.05,11.1,11.1,11.0,0.0,0,264677,30,2926047
2016-07-19,11.0,11.05,11.25,11.0,-0.05,-1,308000,44,3417000
2016-07-20,11.0,11.05,11.05,10.9,0.0,0,129708,19,1425338
2016-07-21,11.0,11.0,11.0,10.95,-0.05,-1,184338,22,2026234
2016-07-22,11.0,11.0,11.0,10.95,0.0,0,115169,13,1266692
2016-07-25,11.0,11.05,11.05,10.85,0.05,1,215059,45,2369499
2016-07-26,11.0,11.05,11.05,11.0,0.0,0,251000,26,2769600
2016-07-27,11.05,11.05,11.2,10.6,0.0,0,347082,55,3837222
2016-07-28,10.85,11.05,11.15,10.85,0.0,0,251574,30,2788914
2016-07-29,11.0,11.0,11.0,10.9,-0.05,-1,320000,29,3519400
2016-08-01,11.0,11.05,11.1,10.9,0.05,1,273104,30,3017541
2016-08-02,11.1,11.1,11.1,10.9,0.05,1,261612,36,2898132
2016-08-03,10.95,11.05,11.05,10.9,-0.05,-1,123169,16,1354459
2016-08-04,11.0,11.05,11.05,10.85,0.0,0,120000,27,1318300
2016-08-05,11.0,11.0,11.0,10.9,-0.05,-1,19154,8,210594
2016-08-08,11.0,11.0,11.0,10.7,0.0,0,148000,24,1623300
2016-08-09,10.95,11.0,11.0,10.8,0.0,0,388153,46,4252683
2016-08-10,11.0,11.0,11.0,10.9,0.0,0,224000,16,2463900
2016-08-11,10.9,11.0,11.0,10.9,0.0,0,301000,21,3295900
2016-08-12,10.9,11.0,11.0,10.9,0.0,0,182169,25,1995742
2016-08-15,10.9,11.0,11.0,10.8,0.0,0,226999,35,2479188
2016-08-16,10.95,10.95,11.0,10.85,-0.05,-1,215388,33,2357478
2016-08-17,10.9,10.9,10.9,10.8,-0.05,-1,100856,22,1097444
2016-08-18,10.9,10.9,10.9,10.75,0.0,0,64338,33,697000
2016-08-19,10.9,10.9,10.9,10.85,0.0,0,21632,10,235325
2016-08-22,11.25,11.25,11.9,11.25,0.35,1,208845,110,2414012
2016-08-23,11.25,11.25,11.25,11.25,0.0,0,11000,4,123750
2016-08-24,11.2,11.05,11.6,11.05,-0.2,-1,16001,11,180161
2016-08-25,11.05,11.0,11.05,11.0,-0.05,-1,12056,8,132766
2016-08-26,11.0,11.1,11.1,10.9,0.1,1,16600,13,181700
2016-08-29,11.0,11.0,11.05,11.0,-0.1,-1,26694,9,293849
2016-08-30,11.0,11.0,11.0,10.95,0.0,0,13000,9,142900
2016-08-31,11.0,11.0,11.0,10.9,0.0,0,14677,10,160529
2016-09-01,11.2,11.0,11.2,10.85,0.0,0,24016,11,263224
2016-09-02,11.0,11.0,11.0,10.9,0.0,0,33169,12,362742
2016-09-05,11.0,11.0,11.0,10.95,0.0,0,28000,9,306750
2016-09-06,11.0,11.0,11.0,10.95,0.0,0,10809,7,118418
2016-09-07,11.0,10.95,11.0,10.95,-0.05,-1,7066,6,77419
2016-09-08,11.0,11.0,11.0,10.9,0.05,1,23000,11,251750
2016-09-09,11.0,11.0,11.0,10.9,0.0,0,40169,11,439392
2016-09-10,11.0,11.0,11.0,10.85,0.0,0,53338,11,583084
2016-09-12,10.85,11.0,11.0,10.85,0.0,0,35000,20,382350
2016-09-13,11.0,11.0,11.0,10.95,0.0,0,10000,6,109850
2016-09-14,11.0,11.0,11.0,10.95,0.0,0,23219,9,254387
2016-09-19,11.0,11.0,11.0,10.8,0.0,0,58435,28,634909
2016-09-20,10.95,11.0,11.0,10.85,0.0,0,36711,20,400299
2016-09-21,11.0,11.0,11.0,10.85,0.0,0,33999,19,370438
2016-09-22,11.0,11.0,11.0,10.95,0.0,0,28218,8,309076
2016-09-23,11.0,11.0,11.0,10.9,0.0,0,27796,12,303426
2016-09-26,11.0,11.0,11.0,10.9,0.0,0,85185,33,932616
2016-09-29,10.95,11.0,11.0,10.9,0.0,0,43169,16,471042
2016-09-30,10.95,10.95,11.0,10.75,-0.05,-1,266388,59,2894029
2016-10-03,10.95,11.0,11.0,10.9,0.05,1,40520,13,443668
2016-10-04,10.95,11.0,11.0,10.9,0.0,0,49472,14,540493
2016-10-05,10.95,10.95,11.0,10.9,-0.05,-1,30032,12,328436
2016-10-06,11.0,11.0,11.0,10.9,0.05,1,24338,10,266534
2016-10-07,10.9,10.95,11.0,10.85,-0.05,-1,78542,30,858707
2016-10-11,11.0,11.0,11.0,10.85,0.05,1,85733,34,936139
2016-10-12,11.0,11.0,11.0,10.9,0.0,0,24000,13,262800
2016-10-13,11.0,10.95,11.0,10.9,-0.05,-1,29000,16,317550
2016-10-14,10.95,11.0,11.0,10.85,0.05,1,79200,38,865698
2016-10-17,10.85,11.0,11.0,10.85,0.0,0,16360,13,178873
2016-10-18,11.8,11.0,11.8,10.9,0.0,0,105300,27,1193820
2016-10-19,11.0,11.0,11.0,10.9,0.0,0,41000,14,448650
2016-10-20,11.0,11.0,11.0,10.85,0.0,0,45169,24,494092
2016-10-21,10.9,11.0,11.0,10.9,0.0,0,92497,31,1015666
2016-10-24,10.85,10.95,10.95,10.85,-0.05,-1,86502,12,946071
2016-10-25,10.95,11.0,11.0,10.95,0.05,1,6169,6,67642
2016-10-26,10.95,11.0,11.0,10.9,0.0,0,10421,8,114188
2016-10-27,10.95,11.0,11.0,10.85,0.0,0,37000,14,403750
2016-10-28,10.95,11.0,11.0,10.85,0.0,0,46000,13,504300
2016-10-31,11.0,11.0,11.0,11.0,0.0,0,3421,4,37588
2016-11-01,11.0,11.0,11.0,10.9,0.0,0,33999,9,373389
2016-11-02,11.0,11.0,11.0,10.85,0.0,0,57756,17,629440
2016-11-03,11.0,11.0,11.0,10.8,0.0,0,32999,15,359238
2016-11-04,10.95,11.0,11.0,10.9,0.0,0,32000,14,350400
2016-11-07,10.95,11.0,11.0,10.9,0.0,0,13999,8,153188
2016-11-08,10.95,11.0,11.0,10.85,0.0,0,52999,28,577838
2016-11-09,10.95,11.0,11.0,10.95,0.0,0,15379,11,168731
2016-11-10,10.95,11.0,11.0,10.9,0.0,0,39186,13,428327
2016-11-11,10.95,11.0,11.0,10.9,0.0,0,24017,13,263135
2016-11-14,10.95,10.95,10.95,10.9,-0.05,-1,11000,8,120400
2016-11-15,10.95,11.0,11.0,10.85,0.05,1,75247,17,821742
2016-11-16,10.95,11.0,11.0,10.95,0.0,0,50721,14,555981
2016-11-17,10.95,11.0,11.0,10.95,0.0,0,39513,12,432943
2016-11-18,10.95,11.0,11.0,10.9,0.0,0,38648,17,422463
2016-11-21,10.95,11.0,11.0,10.9,0.0,0,26863,11,294606
2016-11-22,10.95,11.0,11.0,10.9,0.0,0,27979,13,305920
2016-11-23,11.0,10.9,11.0,10.9,-0.1,-1,17000,7,186250
2016-11-24,10.95,10.95,10.95,10.95,0.05,1,3218,5,35225
2016-11-25,10.95,11.0,11.0,10.95,0.05,1,14306,10,156766
2016-11-28,10.95,10.95,11.0,10.95,-0.05,-1,15000,7,164300
2016-11-29,10.95,10.95,11.0,10.95,0.0,0,17727,9,194374
2016-11-30,10.95,11.0,11.0,10.95,0.05,1,59896,21,658306
2016-12-01,10.95,11.0,11.0,10.95,0.0,0,15382,12,168532
2016-12-02,10.95,10.95,11.0,10.85,-0.05,-1,99676,27,1086668
2016-12-05,10.95,10.95,11.0,10.9,0.0,0,39000,12,425550
2016-12-06,10.85,10.95,10.95,10.85,0.0,0,58338,10,636084
2016-12-07,10.95,10.9,11.0,10.85,-0.05,-1,91000,27,989300
2016-12-08,10.9,10.95,11.0,10.9,0.05,1,20261,12,221643
2016-12-09,10.95,10.95,11.0,10.95,0.0,0,39000,13,428550
2016-12-12,11.5,10.95,11.5,10.95,0.0,0,75169,20,839542
2016-12-13,10.95,11.0,11.0,10.9,0.05,1,38202,19,419229
2016-12-14,11.0,11.0,11.0,11.0,0.0,0,7000,2,77000
2016-12-15,11.0,10.95,11.0,10.95,-0.05,-1,4386,4,48057
2016-12-16,11.0,10.95,11.0,10.9,0.0,0,53743,15,589748
2016-12-19,10.95,11.0,11.0,10.9,0.05,1,19169,12,210192
2016-12-20,10.95,10.95,11.0,10.85,-0.05,-1,84995,28,925345
2016-12-21,10.95,10.95,10.95,10.85,0.0,0,37759,16,412022
2016-12-22,10.95,10.95,10.95,10.9,0.0,0,31994,17,349284
2016-12-23,10.95,10.95,10.95,10.9,0.0,0,8169,5,89142
2016-12-26,11.0,10.95,11.0,10.95,0.0,0,7000,4,76750
2016-12-27,11.0,10.95,11.0,10.9,0.0,0,7169,6,78492
2016-12-28,10.95,10.95,10.95,10.95,0.0,0,9000,4,98550
2016-12-29,11.0,10.95,11.0,10.9,0.0,0,8000,7,87600
2016-12-30,10.95,10.95,10.95,10.9,0.0,0,27999,13,305488
2017-01-03,11.0,11.0,11.0,10.95,0.05,1,7000,5,76800
2017-01-04,11.0,11.0,11.0,11.0,0.0,0,15829,7,174035
2017-01-05,10.95,11.0,11.0,10.95,0.0,0,16000,9,175600
2017-01-06,11.0,11.0,11.0,10.95,0.0,0,27338,15,300134
2017-01-09,11.0,11.2,11.2,11.0,0.2,1,13023,7,143654
2017-01-10,11.2,11.0,11.2,11.0,-0.2,-1,47662,15,528982
2017-01-11,11.05,11.0,11.05,11.0,0.0,0,21831,16,240472
2017-01-12,11.0,11.0,11.0,10.95,0.0,0,40000,17,439400
2017-01-13,11.0,11.0,11.0,11.0,0.0,0,12000,3,132000
2017-01-16,10.95,10.85,10.95,10.75,-0.15,-1,387000,41,4204650
2017-01-17,10.9,10.95,11.0,10.85,0.1,1,288000,19,3149300
2017-01-18,11.0,11.0,11.1,10.8,0.05,1,86967,20,955839
2017-01-19,11.0,10.95,11.0,10.9,-0.05,-1,236001,13,2587161
2017-01-20,11.1,10.95,11.1,10.95,0.0,0,355378,24,3919770
2017-01-23,10.95,10.7,10.95,10.7,-0.25,-1,43491,15,471203
2017-01-24,10.85,10.85,11.0,10.8,0.15,1,190169,36,2080325
2017-02-02,10.85,11.0,11.0,10.85,0.15,1,100169,28,1092892
2017-02-03,11.05,11.0,11.1,10.9,0.0,0,104016,24,1140774
2017-02-06,11.0,11.0,11.1,10.95,0.0,0,72999,21,806288
2017-02-07,10.95,10.85,10.95,10.85,-0.15,-1,39186,8,427158
2017-02-08,11.1,11.0,11.1,10.9,0.15,1,111914,19,1227811
2017-02-09,11.0,11.0,11.0,10.85,0.0,0,317999,24,3482938
2017-02-10,11.2,11.1,11.4,11.0,0.1,1,283002,42,3156222
2017-02-13,11.1,10.9,11.1,10.9,-0.2,-1,110000,25,1208400
2017-02-14,10.95,10.95,10.95,10.95,0.05,1,54003,12,591330
2017-02-15,11.0,11.05,11.05,10.95,0.1,1,62999,15,693739
2017-02-16,11.0,11.0,11.05,10.9,-0.05,-1,100645,26,1104495
2017-02-17,10.95,11.0,11.05,10.95,0.0,0,95694,21,1052164
2017-02-18,10.95,11.05,11.05,10.95,0.05,1,85580,24,939330
2017-02-20,10.95,11.0,11.0,10.95,-0.05,-1,130847,30,1436932
2017-02-21,11.0,11.05,11.05,11.0,0.05,1,106590,32,1174240
2017-02-22,11.05,11.05,11.05,11.0,0.0,0,61236,19,675096
2017-02-23,11.3,11.0,11.3,10.85,-0.05,-1,105000,40,1161000
2017-02-24,11.0,11.0,11.0,10.9,0.0,0,103699,30,1137915
2017-03-01,11.0,11.0,11.05,10.9,0.0,0,61000,19,669050
2017-03-02,11.0,11.0,11.0,10.95,0.0,0,26000,7,285650
2017-03-03,11.0,11.0,11.0,10.9,0.0,0,59000,19,647000
2017-03-06,10.95,11.0,11.0,10.9,0.0,0,30601,15,335049
2017-03-07,10.95,10.95,10.95,10.9,-0.05,-1,69670,16,760202
2017-03-08,10.95,10.85,10.95,10.85,-0.1,-1,29677,12,322961
2017-03-09,10.95,10.95,10.95,10.75,0.1,1,56060,26,608904
2017-03-10,10.9,10.95,10.95,10.9,0.0,0,27000,12,295250
2017-03-13,11.0,10.95,11.0,10.9,0.0,0,28338,15,310084
2017-03-14,11.0,11.0,11.0,10.95,0.05,1,27979,15,307220
2017-03-15,10.95,10.95,10.95,10.9,-0.05,-1,21000,7,229700
2017-03-16,10.9,10.9,10.9,10.85,-0.05,-1,18153,10,197610
2017-03-17,10.95,10.8,10.95,10.75,-0.1,-1,45484,28,491474
2017-03-20,10.95,11.0,11.05,10.95,0.2,1,266523,84,2925603
2017-03-21,11.0,10.95,11.0,10.8,-0.05,-1,63934,34,697279
2017-03-22,10.85,11.0,11.0,10.85,0.05,1,16000,7,174700
2017-03-23,10.95,10.95,10.95,10.9,-0.05,-1,25466,22,277976
2017-03-24,11.0,10.9,11.0,10.8,-0.05,-1,31694,20,344794
2017-03-27,10.9,10.95,10.95,10.9,0.05,1,24338,16,266032
2017-03-28,10.9,10.85,10.9,10.7,-0.1,-1,59520,30,641366
2017-03-29,10.85,10.85,10.85,10.7,0.0,0,26001,19,280358
2017-03-30,10.85,10.9,10.9,10.8,0.05,1,19060,12,206397
2017-03-31,10.85,10.8,10.85,10.7,-0.1,-1,23860,21,256499
2017-04-05,10.7,10.7,10.75,10.7,-0.1,-1,39182,23,419827
2017-04-06,10.7,10.7,10.75,10.6,0.0,0,25300,13,271195
2017-04-07,10.7,10.75,10.75,10.65,0.05,1,33562,21,358962
2017-04-10,10.75,10.85,10.85,10.75,0.1,1,24000,12,258950
2017-04-11,10.85,10.9,10.9,10.8,0.05,1,46999,23,510788
2017-04-12,10.95,10.9,10.95,10.75,0.0,0,16640,12,180662
2017-04-13,10.9,10.95,10.95,10.9,0.05,1,12169,7,132692
2017-04-14,10.95,10.95,11.0,10.7,0.0,0,27362,16,297245
2017-04-17,10.75,10.95,10.95,10.75,0.0,0,23000,15,250950
2017-04-18,11.0,10.95,11.0,10.85,0.0,0,32212,17,351709
2017-04-19,11.0,10.85,11.3,10.85,-0.1,-1,244845,57,2696025
2017-04-20,10.8,11.0,11.0,10.75,0.15,1,51808,18,559757
2017-04-21,10.9,10.75,10.9,10.7,-0.25,-1,34000,18,365850
2017-04-24,10.8,10.75,10.8,10.7,0.0,0,30000,10,323550
2017-04-25,10.8,10.8,10.8,10.7,0.05,1,17338,18,185962
2017-04-26,10.75,10.65,10.75,10.65,-0.15,-1,19000,12,203400
2017-04-27,10.65,10.65,10.65,10.65,0.0,0,20847,13,221978
2017-04-28,10.65,10.7,10.7,10.65,0.05,1,18000,11,191800
2017-05-02,10.65,10.5,10.7,10.5,-0.2,-1,69388,29,733874
2017-05-03,10.5,10.55,10.55,10.25,0.05,1,72030,29,751815
2017-05-04,10.5,10.4,10.5,10.3,-0.15,-1,61153,29,633033
2017-05-05,10.4,10.8,10.8,10.25,0.4,1,89169,33,928408
2017-05-08,10.55,10.55,10.6,10.55,-0.25,-1,24000,6,253300
2017-05-09,10.5,10.3,10.5,10.3,-0.25,-1,30100,15,312530
2017-05-10,10.4,10.4,10.4,10.3,0.1,1,39000,11,404300
2017-05-11,10.15,10.4,10.4,10.15,0.0,0,43169,12,443290
2017-05-12,10.3,10.35,10.35,10.2,-0.05,-1,45109,19,464188
2017-05-15,10.7,10.6,10.7,10.6,0.25,1,12616,13,134641
2017-05-16,10.6,10.6,10.6,10.5,0.0,0,17000,10,179800
2017-05-17,10.5,10.45,10.5,10.45,0.0,0,25000,4,261600
2017-05-18,10.45,10.25,10.5,10.25,-0.2,-1,15355,13,158721
2017-05-19,10.35,10.7,10.7,10.25,0.45,1,81350,32,841857
2017-05-22,10.5,10.4,10.5,10.35,-0.3,-1,14228,11,147598
2017-05-23,10.4,10.45,10.45,10.4,0.05,1,5150,6,53731
2017-05-24,10.4,10.4,10.45,10.4,-0.05,-1,8319,8,86585
2017-05-25,10.4,10.2,10.4,10.2,-0.2,-1,71050,36,729310
2017-05-26,10.2,10.25,10.25,10.0,0.05,1,247252,66,2494470
2017-05-31,10.25,10.45,10.6,10.2,0.2,1,37524,25,387649
2017-06-01,10.3,10.45,10.55,10.3,0.0,0,15169,12,158066
2017-06-02,10.3,10.25,10.3,10.25,-0.2,-1,26169,14,269232
2017-06-03,10.25,10.3,10.5,10.2,0.05,1,29000,14,302150
2017-06-05,10.3,10.35,10.35,10.3,0.05,1,19863,11,204888
