date,OP,CP,HP,LP,DF,RD,TV,TC,TO
2004-02-11,13.25,13.15,13.55,13.15,0.05,1,6378442,1309,85039864
2004-02-12,13.3,13.15,13.8,13.15,0.0,0,8869027,1734,119675884
2004-02-13,13.3,13.25,13.4,13.2,0.1,1,3481982,707,46247735
2004-02-16,13.35,13.45,13.7,13.35,0.2,1,6428877,1076,86952320
2004-02-17,13.6,13.3,13.65,13.3,-0.15,-1,4281102,852,57642724
2004-02-18,13.6,13.4,13.75,13.4,0.1,1,7668718,1392,103983884
2004-02-19,13.6,13.45,13.7,13.4,0.05,1,5001344,969,67680619
2004-02-20,13.5,13.6,13.95,13.35,0.15,1,11511673,1822,157886455
2004-02-23,13.65,13.65,13.9,13.6,0.05,1,5650444,1025,77737521
2004-02-24,13.7,13.4,13.8,13.4,-0.25,-1,4291968,729,58401458
2004-02-25,13.45,13.7,14.0,13.4,0.3,1,10850970,1535,149419558
2004-02-26,13.9,13.65,14.0,13.65,-0.05,-1,3994475,872,55189583
2004-02-27,13.8,13.7,14.05,13.7,0.05,1,6568407,1186,91212160
2004-03-01,13.9,13.4,13.9,13.4,-0.3,-1,4810647,967,65593272
2004-03-02,13.55,13.35,13.6,13.3,-0.05,-1,4253103,933,57141348
2004-03-03,13.35,13.3,13.6,13.3,-0.05,-1,3997782,917,53648465
2004-03-04,13.5,13.5,13.55,13.4,0.2,1,4058457,852,54692779
2004-03-05,13.65,13.65,14.1,13.55,0.15,1,10775836,1869,149175131
2004-03-08,13.9,13.65,13.9,13.65,0.0,0,4766681,964,65853834
2004-03-09,13.65,13.75,13.8,13.6,0.1,1,2683531,557,36795023
2004-03-10,13.65,13.6,13.9,13.55,-0.15,-1,2151786,536,29510968
2004-03-11,13.55,13.55,13.6,13.4,-0.05,-1,1930417,442,26106688
2004-03-12,13.4,13.4,13.5,13.3,-0.15,-1,1837414,411,24579837
2004-03-15,13.55,13.0,13.6,13.0,-0.4,-1,1980224,493,26438799
2004-03-16,13.0,12.65,13.2,12.65,-0.35,-1,2223149,581,28426564
2004-03-17,12.8,12.5,12.8,12.5,-0.15,-1,1515901,323,19199639
2004-03-18,12.6,12.85,12.85,12.5,0.35,1,2075463,454,26317236
2004-03-19,12.7,12.7,12.85,12.65,-0.15,-1,1526237,312,19447278
2004-03-22,11.85,11.85,11.85,11.85,-0.85,-1,1188977,105,14094806
2004-03-23,11.05,11.2,11.55,11.05,-0.65,-1,3978309,763,44373959
2004-03-24,11.35,11.6,11.9,11.35,0.4,1,3522695,693,41064406
2004-03-25,11.8,11.65,11.9,11.65,0.05,1,1562915,340,18343408
2004-03-26,11.75,11.45,11.8,11.4,-0.2,-1,1333157,243,15440407
2004-03-29,12.15,12.25,12.25,11.75,0.8,1,2277328,322,27683634
2004-03-30,12.25,12.3,12.45,12.2,0.05,1,1572074,330,19380694
2004-03-31,12.4,12.3,12.45,12.25,0.0,0,1118324,277,13811031
2004-04-01,12.3,12.45,12.5,12.15,0.15,1,1778836,317,21898294
2004-04-02,12.55,12.3,12.55,12.25,-0.15,-1,1480705,310,18378333
2004-04-05,12.4,12.8,12.8,12.3,0.5,1,1985201,428,24796421
2004-04-06,12.9,12.35,12.9,12.35,-0.45,-1,1421694,383,17843578
2004-04-07,12.3,12.3,12.4,12.3,-0.05,-1,556193,193,6860241
2004-04-08,12.2,12.2,12.4,12.1,-0.1,-1,908647,296,11131113
2004-04-09,12.2,12.5,12.7,12.2,0.3,1,2372194,661,29596448
2004-04-12,12.6,12.9,13.1,12.6,0.4,1,2670940,672,34526586
2004-04-13,12.9,13.15,13.55,12.8,0.25,1,4619291,1076,60903560
2004-04-14,13.05,13.65,13.9,13.05,0.5,1,9434440,1665,128718653
2004-04-15,13.7,13.25,13.75,13.2,-0.4,-1,2663938,657,35629250
2004-04-16,13.3,13.4,13.45,13.25,0.15,1,1822164,449,24337241
2004-04-19,13.4,13.0,13.5,13.0,-0.4,-1,2620062,506,34494818
2004-04-20,13.2,13.0,13.3,13.0,0.0,0,2287844,515,30049727
2004-04-21,13.0,13.15,13.3,13.0,0.15,1,2523000,516,33319319
2004-04-22,13.2,12.9,13.35,12.8,-0.25,-1,1826994,465,24003069
2004-04-23,13.0,12.6,13.1,12.6,-0.3,-1,892834,249,11458661
2004-04-26,12.75,12.6,12.9,12.6,0.0,0,1030286,226,13095817
2004-04-27,12.7,12.45,12.7,12.35,-0.15,-1,939537,264,11733400
2004-04-28,12.5,12.45,12.6,12.3,0.0,0,866236,244,10786264
2004-04-29,12.15,12.1,12.4,12.05,-0.35,-1,864813,220,10553758
2004-04-30,12.1,11.45,12.2,11.3,-0.65,-1,1593308,313,18721041
2004-05-03,12.0,11.5,12.0,11.5,0.05,1,1695750,428,19862640
2004-05-04,11.9,11.95,11.95,11.7,0.45,1,1234035,306,14582578
2004-05-05,11.9,11.15,11.9,11.15,-0.8,-1,1841401,426,20899871
2004-05-06,11.2,11.05,11.4,10.7,-0.1,-1,1580912,352,17610249
2004-05-07,11.05,11.4,11.4,11.05,0.35,1,755329,244,8495796
2004-05-10,11.3,10.85,11.3,10.8,-0.55,-1,1063332,250,11630957
2004-05-11,10.9,10.8,11.0,10.4,-0.05,-1,1369450,269,14662543
2004-05-12,11.2,11.15,11.35,11.0,0.35,1,1497168,296,16711293
2004-05-13,11.0,11.0,11.2,10.9,-0.15,-1,664757,163,7323171
2004-05-14,11.2,11.0,11.2,11.0,0.0,0,1004049,262,11136724
2004-05-17,11.0,10.25,11.0,10.25,-0.75,-1,1609890,348,16675562
2004-05-18,10.25,10.1,10.45,10.0,-0.15,-1,1276939,277,12988964
2004-05-19,10.35,10.7,10.75,10.25,0.6,1,1114939,307,11813804
2004-05-20,10.65,10.55,10.8,10.4,-0.15,-1,945647,250,10056872
2004-05-21,10.6,11.2,11.2,10.55,0.65,1,1593666,339,17380273
2004-05-24,10.8,11.15,11.3,10.8,-0.05,-1,1158288,277,12795312
2004-05-25,11.0,11.0,11.25,11.0,-0.15,-1,994375,237,11077908
2004-05-26,11.25,11.3,11.4,11.2,0.3,1,1264875,271,14275348
2004-05-27,11.3,11.3,11.35,11.15,0.0,0,446636,157,5020178
2004-05-28,11.45,11.35,11.5,11.3,0.05,1,582693,174,6615683
2004-05-31,11.35,11.1,11.35,11.0,-0.25,-1,667050,126,7429590
2004-06-01,11.1,11.0,11.1,10.9,-0.1,-1,569314,123,6246555
2004-06-02,10.95,10.7,10.95,10.7,-0.3,-1,264607,85,2863566
2004-06-03,10.75,10.5,10.9,10.5,-0.2,-1,525888,134,5629736
2004-06-04,10.3,10.5,10.55,10.3,0.0,0,594471,153,6196354
2004-06-07,10.7,10.75,10.8,10.6,0.25,1,344139,104,3688840
2004-06-08,10.9,10.8,10.9,10.65,0.05,1,571664,179,6134859
2004-06-09,10.7,10.7,10.8,10.6,-0.1,-1,282827,117,3025034
2004-06-10,10.65,10.7,10.7,10.45,0.0,0,606062,190,6405336
2004-06-11,10.6,10.35,10.6,10.3,-0.35,-1,551283,160,5731278
2004-06-14,10.35,10.1,10.4,10.05,-0.25,-1,606191,160,6186193
2004-06-15,10.1,10.15,10.25,10.05,0.05,1,518992,139,5253508
2004-06-16,10.2,9.45,10.25,9.45,-0.7,-1,2994511,577,28615632
2004-06-17,9.0,9.25,9.55,8.8,-0.2,-1,5226651,866,47793612
2004-06-18,9.25,9.35,9.35,8.95,0.1,1,1778417,453,16163018
2004-06-21,9.4,9.1,9.45,8.7,-0.25,-1,2124372,313,19122352
2004-06-23,9.05,9.25,9.4,9.0,0.15,1,1685968,372,15591498
2004-06-24,9.4,9.7,9.7,9.2,0.45,1,1644544,343,15454796
2004-06-25,9.7,9.65,9.7,9.5,-0.05,-1,753852,175,7251768
2004-06-28,9.6,9.2,9.6,9.1,-0.45,-1,545037,151,5085304
2004-06-29,9.1,9.2,9.2,9.0,0.0,0,735865,172,6676012
2004-06-30,9.1,9.0,9.4,8.7,-0.2,-1,3021276,581,27233618
2004-07-01,9.0,9.2,9.35,8.8,0.2,1,3159001,724,28727439
2004-07-02,9.1,9.15,9.4,8.95,-0.05,-1,1274612,335,11742897
2004-07-05,8.8,9.0,9.1,8.8,-0.15,-1,575089,174,5158847
2004-07-06,8.9,9.45,9.45,8.9,0.45,1,1407958,270,12952766
2004-07-07,9.25,9.45,9.55,9.2,0.0,0,1272823,287,11982028
2004-07-08,9.4,9.5,9.55,9.25,0.05,1,909564,216,8573398
2004-07-09,9.5,9.6,9.65,9.35,0.1,1,1186685,262,11308865
2004-07-12,9.6,9.55,9.65,9.4,-0.05,-1,1008605,179,9650573
2004-07-13,9.5,9.4,9.55,9.35,-0.15,-1,719281,161,6793864
2004-07-14,9.25,9.05,9.35,9.05,-0.35,-1,1505561,226,13780292
2004-07-15,9.05,8.85,9.25,8.85,-0.2,-1,1435621,292,13002339
2004-07-16,8.85,8.9,9.05,8.75,0.05,1,2094264,391,18679322
2004-07-19,9.0,8.75,9.0,8.7,-0.15,-1,1594389,229,14035936
2004-07-20,8.75,8.2,8.75,8.2,-0.55,-1,2841168,319,24545503
2004-07-21,8.3,8.55,8.55,8.25,0.35,1,1587967,313,13344024
2004-07-22,8.35,8.45,8.45,8.2,-0.1,-1,729371,170,6094101
2004-07-23,8.5,8.55,8.65,8.45,0.1,1,1074386,239,9190740
2004-07-26,8.5,8.45,8.5,8.35,-0.1,-1,225414,68,1906218
2004-07-27,8.4,8.55,8.75,8.4,0.1,1,997940,209,8601994
2004-07-28,8.6,8.55,8.7,8.5,0.0,0,811290,175,6965561
2004-07-29,8.5,8.4,8.6,8.4,-0.15,-1,1004882,172,8498895
2004-07-30,8.5,8.5,8.6,8.45,0.1,1,1695802,193,14466994
2004-08-02,8.5,8.25,8.5,8.25,-0.25,-1,1312209,160,11013359
2004-08-03,8.3,8.35,8.55,8.25,0.1,1,1114506,211,9377445
2004-08-04,8.35,8.35,8.35,8.25,0.0,0,472959,96,3935509
2004-08-05,8.35,8.4,8.5,8.25,0.05,1,1642153,304,13721866
2004-08-06,8.4,8.3,8.5,8.3,-0.1,-1,754845,213,6353554
2004-08-09,8.2,8.25,8.35,8.05,-0.05,-1,649688,179,5342324
2004-08-10,8.25,8.3,8.45,8.25,0.05,1,504355,156,4220058
2004-08-11,8.4,8.2,8.4,8.2,-0.1,-1,448922,124,3734252
2004-08-12,8.2,8.2,8.2,8.1,0.0,0,534861,145,4360663
2004-08-13,8.15,8.2,8.25,8.1,0.0,0,409539,95,3350541
2004-08-16,8.1,8.2,8.2,8.1,0.0,0,243294,58,1984544
2004-08-17,8.2,7.85,8.2,7.85,-0.35,-1,1047112,215,8406509
2004-08-18,7.8,7.8,7.8,7.35,-0.05,-1,2305223,412,17428974
2004-08-19,7.75,8.0,8.0,7.6,0.2,1,1384653,344,10871765
2004-08-20,8.05,8.15,8.45,8.0,0.15,1,2085382,391,17122707
2004-08-23,8.2,8.1,8.25,7.95,-0.05,-1,819163,210,6616313
2004-08-26,8.1,8.1,8.3,8.05,0.0,0,2063319,398,16798511
2004-08-27,8.25,8.65,8.65,8.2,0.55,1,5355150,791,45730491
2004-08-30,8.9,9.0,9.15,8.85,0.35,1,6479747,1058,58313864
2004-08-31,8.9,8.8,9.1,8.8,-0.2,-1,3110052,541,27845457
2004-09-01,8.9,9.15,9.25,8.9,0.35,1,3489606,629,31742197
2004-09-02,9.25,9.25,9.25,9.05,0.1,1,1703404,336,15574719
2004-09-03,9.3,9.1,9.45,9.0,-0.15,-1,2927463,503,27119504
2004-09-06,9.0,8.9,9.0,8.8,-0.2,-1,1952548,339,17377745
2004-09-07,8.9,8.95,9.25,8.9,0.05,1,2194374,358,19874402
2004-09-08,9.05,8.9,9.1,8.9,-0.05,-1,1830482,348,16473482
2004-09-09,9.0,9.0,9.1,8.9,0.1,1,693174,188,6234631
2004-09-10,9.15,9.05,9.3,9.05,0.05,1,3152033,572,29003633
2004-09-13,9.2,9.1,9.3,9.1,0.05,1,1994994,321,18309496
2004-09-14,9.15,9.0,9.2,8.95,-0.1,-1,1685172,291,15261242
2004-09-15,9.05,9.15,9.2,9.0,0.15,1,1712014,287,15614766
2004-09-16,9.0,9.05,9.1,8.95,-0.1,-1,1529019,264,13781706
2004-09-17,9.0,8.8,9.0,8.45,-0.25,-1,2834266,533,24560094
2004-09-20,8.8,8.65,8.8,8.45,-0.15,-1,1197782,283,10251638
2004-09-21,8.65,8.45,8.65,8.45,-0.2,-1,1805150,219,15317340
2004-09-22,8.45,8.45,8.45,8.05,0.0,0,3112984,548,26121694
2004-09-23,8.5,8.5,8.5,8.3,0.05,1,1360417,304,11431690
2004-09-24,8.5,8.45,8.5,8.35,-0.05,-1,841217,195,7080366
2004-09-27,8.35,8.3,8.4,8.05,-0.15,-1,1361576,334,11199685
2004-09-29,8.2,8.15,8.3,8.1,-0.15,-1,812882,193,6635017
2004-09-30,8.2,8.05,8.3,8.05,-0.1,-1,817482,198,6678342
2004-10-01,8.05,8.1,8.15,8.05,0.05,1,907764,205,7351612
2004-10-04,8.2,8.3,8.3,8.15,0.2,1,1090532,253,8988020
2004-10-05,8.35,8.3,8.35,8.25,0.0,0,774020,200,6434600
2004-10-06,8.35,8.5,8.7,8.3,0.2,1,1742570,441,14787088
2004-10-07,8.6,8.35,8.6,8.35,-0.15,-1,1149302,249,9710338
2004-10-08,8.35,8.35,8.45,8.3,0.0,0,478282,153,3999930
2004-10-11,8.3,8.4,8.5,8.3,0.05,1,411245,145,3458230
2004-10-12,8.45,8.35,8.45,8.35,-0.05,-1,555571,145,4669209
2004-10-13,8.4,8.4,8.5,8.35,0.05,1,667475,185,5630587
2004-10-14,8.4,8.45,8.5,8.3,0.05,1,1415629,297,11873296
2004-10-15,8.45,8.7,8.85,8.45,0.25,1,5609490,748,48831465
2004-10-18,8.9,8.35,8.9,8.35,-0.35,-1,926093,235,7932501
2004-10-19,8.45,8.4,8.45,8.3,0.05,1,1006079,179,8451401
2004-10-20,8.4,8.3,8.45,8.3,-0.1,-1,459547,132,3833563
2004-10-21,8.3,8.3,8.45,8.3,0.0,0,387398,123,3232981
2004-10-22,8.35,8.3,8.45,8.3,0.0,0,613458,115,5130975
2004-10-26,8.2,8.05,8.2,8.05,-0.25,-1,527500,130,4284372
2004-10-27,8.05,7.85,8.05,7.85,-0.2,-1,551202,129,4371016
2004-10-28,7.85,8.15,8.15,7.85,0.3,1,702609,144,5605113
2004-10-29,8.15,8.1,8.15,8.0,-0.05,-1,1241003,183,10086922
2004-11-01,8.0,7.95,8.1,7.95,-0.15,-1,362167,75,2891543
2004-11-02,7.9,8.1,8.35,7.9,0.15,1,604035,126,4867884
2004-11-03,8.25,8.15,8.3,8.05,0.05,1,883593,155,7283069
2004-11-04,8.2,8.1,8.3,8.1,-0.05,-1,532417,147,4336572
2004-11-05,8.25,8.15,8.3,8.15,0.05,1,644599,114,5287867
2004-11-08,8.15,8.25,8.25,8.15,0.1,1,265787,82,2175419
2004-11-09,8.25,8.1,8.3,8.1,-0.15,-1,312661,78,2560317
2004-11-10,8.1,8.15,8.25,8.1,0.05,1,253671,87,2068797
2004-11-11,8.1,8.05,8.2,8.05,-0.1,-1,142998,77,1158726
2004-11-12,8.1,8.05,8.15,8.05,0.0,0,297937,106,2411446
2004-11-15,8.1,8.0,8.15,8.0,-0.05,-1,488845,90,3930710
2004-11-16,8.0,7.85,8.05,7.85,-0.15,-1,591663,153,4676306
2004-11-17,7.85,8.1,8.1,7.85,0.25,1,938387,197,7501605
2004-11-18,8.1,8.0,8.2,8.0,-0.1,-1,736214,209,5932959
2004-11-19,8.05,7.95,8.05,7.95,-0.05,-1,361202,101,2899138
2004-11-22,7.95,7.8,7.95,7.8,-0.15,-1,313022,94,2463408
2004-11-23,7.85,7.7,7.9,7.7,-0.1,-1,408003,104,3173581
2004-11-24,7.7,7.75,7.85,7.7,0.05,1,366090,145,2842254
2004-11-25,7.75,7.75,7.85,7.65,0.0,0,420475,126,3247585
2004-11-26,7.65,7.5,7.8,7.45,-0.25,-1,659685,192,5033313
2004-11-29,7.5,7.0,7.5,7.0,-0.5,-1,1624248,256,11531448
2004-11-30,7.0,6.9,7.1,6.8,-0.1,-1,1397928,209,9627758
2004-12-01,6.8,6.85,7.05,6.8,-0.05,-1,490634,109,3380615
2004-12-02,7.15,7.3,7.3,7.05,0.45,1,1827727,433,13187366
2004-12-03,7.3,7.2,7.3,7.15,-0.1,-1,679005,197,4904593
2004-12-06,7.2,7.35,7.35,7.15,0.15,1,515419,158,3737476
2004-12-07,7.35,7.35,7.5,7.25,0.0,0,550875,140,4073345
2004-12-08,7.25,7.35,7.35,7.25,0.0,0,249778,65,1822585
2004-12-09,7.4,7.4,7.65,7.3,0.05,1,701814,191,5237397
2004-12-10,7.5,7.45,7.5,7.35,0.05,1,259887,79,1928661
2004-12-13,7.45,7.4,7.6,7.35,-0.05,-1,726150,122,5435009
2004-12-14,7.4,7.5,7.5,7.35,0.1,1,340595,81,2528813
2004-12-15,7.5,7.45,7.5,7.35,-0.05,-1,519156,120,3851662
2004-12-16,7.4,7.4,7.5,7.35,-0.05,-1,576405,145,4276603
2004-12-17,7.4,7.45,7.45,7.35,0.05,1,406886,117,3008614
2004-12-20,7.3,7.35,7.35,7.2,-0.1,-1,317143,76,2311167
2004-12-21,7.3,7.35,7.35,7.25,0.0,0,321606,90,2343718
2004-12-22,7.35,7.3,7.45,7.25,-0.05,-1,235000,55,1724750
2004-12-23,7.3,7.35,7.5,7.25,0.05,1,326388,109,2414855
2004-12-24,7.4,7.45,7.45,7.35,0.1,1,256564,72,1895055
2004-12-27,7.35,7.45,7.45,7.3,0.0,0,355731,86,2617715
2004-12-28,7.35,7.3,7.45,7.3,-0.15,-1,305001,74,2243407
2004-12-29,7.3,7.6,7.7,7.3,0.3,1,1380552,261,10419316
2004-12-30,7.45,7.55,7.65,7.45,-0.05,-1,325250,145,2461439
2004-12-31,7.5,7.6,7.6,7.5,0.05,1,307996,74,2327403
2005-01-03,7.6,7.75,7.8,7.6,0.15,1,960000,127,7402800
2005-01-04,7.65,7.65,7.75,7.55,-0.1,-1,249581,62,1903078
2005-01-05,7.5,7.45,7.65,7.45,-0.2,-1,296996,90,2237404
2005-01-06,7.5,7.55,7.55,7.4,0.1,1,193817,73,1449966
2005-01-07,7.55,7.5,7.6,7.35,-0.05,-1,210000,59,1565200
2005-01-10,7.35,7.45,7.55,7.35,-0.05,-1,247091,96,1841023
2005-01-11,7.4,7.65,7.7,7.35,0.2,1,395287,137,2988926
2005-01-12,7.5,7.4,7.55,7.4,-0.25,-1,405000,75,3035500
2005-01-13,7.4,7.35,7.4,7.25,-0.05,-1,303928,82,2235544
2005-01-14,7.25,7.35,7.4,7.25,0.0,0,112800,34,829848
2005-01-17,7.3,7.4,7.4,7.3,0.05,1,194801,71,1433403
2005-01-18,7.3,7.4,7.45,7.3,0.0,0,297250,76,2191690
2005-01-19,7.35,7.3,7.4,7.2,-0.1,-1,209287,81,1524844
2005-01-20,7.25,7.3,7.35,7.2,0.0,0,143000,55,1040200
2005-01-21,7.3,7.2,7.4,7.2,-0.1,-1,202978,70,1477840
2005-01-24,7.2,7.0,7.25,7.0,-0.2,-1,371271,137,2630467
2005-01-25,7.0,6.95,7.05,6.85,-0.05,-1,278002,71,1926213
2005-01-26,7.0,6.9,7.0,6.8,-0.05,-1,357000,87,2461800
2005-01-27,6.9,6.8,6.95,6.8,-0.1,-1,355000,89,2434100
2005-01-28,6.8,6.85,6.9,6.7,0.05,1,533000,126,3622650
2005-01-31,7.0,7.3,7.3,7.0,0.45,1,1276728,333,9167348
2005-02-01,7.3,7.3,7.4,7.2,0.0,0,617322,151,4497778
2005-02-02,7.4,7.1,7.4,7.1,-0.2,-1,650575,137,4727072
2005-02-03,7.1,7.1,7.1,6.95,0.0,0,506968,161,3567482
2005-02-14,7.1,7.0,7.25,7.0,-0.1,-1,692000,170,4928400
2005-02-15,7.0,7.1,7.25,6.9,0.1,1,471372,138,3351976
2005-02-16,7.05,7.3,7.35,7.05,0.2,1,711057,189,5142979
2005-02-17,7.3,7.25,7.45,7.15,-0.05,-1,971164,208,7122691
2005-02-18,7.2,7.75,7.75,7.2,0.5,1,3378647,610,26021699
2005-02-21,7.95,7.8,8.2,7.8,0.05,1,3423378,671,27369377
2005-02-22,7.8,7.5,7.8,7.45,-0.3,-1,1320435,298,9995119
2005-02-23,7.5,7.65,7.65,7.35,0.15,1,802284,240,6008176
2005-02-24,7.6,7.55,7.75,7.5,-0.1,-1,773150,229,5902396
2005-02-25,7.6,7.45,7.7,7.45,-0.1,-1,918922,229,6954246
2005-03-01,7.55,7.21,7.55,7.21,-0.24,-1,979105,215,7200349
2005-03-02,7.22,7.26,7.32,7.22,0.05,1,685219,206,4981127
2005-03-03,7.3,7.31,7.31,7.22,0.05,1,834965,163,6075431
2005-03-04,7.23,7.34,7.36,7.23,0.03,1,701834,172,5123342
2005-03-07,7.41,7.32,7.41,7.31,-0.02,-1,574283,119,4218639
2005-03-08,7.32,6.81,7.39,6.81,-0.51,-1,797478,165,5809033
2005-03-09,6.85,7.28,7.28,6.85,0.47,1,1472254,276,10422242
2005-03-10,7.48,7.78,7.78,7.41,0.5,1,3393263,694,25972965
2005-03-11,7.8,7.65,7.84,7.55,-0.13,-1,1573175,363,12101619
2005-03-14,7.68,7.73,8.0,7.56,0.08,1,2127286,444,16680333
2005-03-15,7.78,7.5,7.85,7.42,-0.23,-1,1204715,277,9145305
2005-03-16,7.4,7.5,7.54,7.4,0.0,0,394784,118,2958814
2005-03-17,7.4,7.39,7.5,7.3,-0.11,-1,532789,147,3929221
2005-03-18,7.33,7.39,7.39,7.31,0.0,0,259088,85,1903401
2005-03-21,7.39,7.5,7.51,7.39,0.11,1,353390,114,2637853
2005-03-22,7.55,7.49,7.55,7.4,-0.01,-1,251861,77,1878866
2005-03-23,7.42,7.34,7.45,7.29,-0.15,-1,414671,108,3046122
2005-03-24,7.34,7.36,7.42,7.34,0.02,1,203610,72,1503058
2005-03-25,7.36,7.36,7.39,7.25,0.0,0,287333,95,2107779
2005-03-28,7.45,7.36,7.45,7.27,0.0,0,325880,83,2398292
2005-03-29,7.32,7.22,7.32,7.22,-0.14,-1,259006,94,1880590
2005-03-30,7.1,7.13,7.25,7.1,-0.09,-1,284258,62,2031969
2005-03-31,7.15,7.23,7.3,7.15,0.1,1,663829,140,4791571
2005-04-01,7.28,7.12,7.28,7.1,-0.11,-1,306479,92,2192526
2005-04-04,7.1,7.1,7.18,7.1,-0.02,-1,231131,87,1647234
2005-04-06,7.15,7.1,7.16,7.1,0.0,0,251519,82,1790069
2005-04-07,7.13,6.9,7.13,6.85,-0.2,-1,384935,122,2698442
2005-04-08,6.9,7.0,7.18,6.9,0.1,1,327292,101,2290946
2005-04-11,6.95,6.85,6.95,6.8,-0.15,-1,318080,84,2180953
2005-04-12,6.8,6.65,6.85,6.6,-0.2,-1,420618,145,2818396
2005-04-13,6.65,6.71,6.74,6.61,0.06,1,320157,130,2134290
2005-04-14,6.6,6.59,6.75,6.51,-0.12,-1,753351,176,4993253
2005-04-15,6.31,6.2,6.5,6.2,-0.39,-1,1224931,278,7698534
2005-04-18,6.05,5.81,6.1,5.81,-0.39,-1,641565,183,3845494
2005-04-19,5.85,5.95,5.99,5.85,0.14,1,511264,138,3025762
2005-04-20,5.95,5.72,5.95,5.66,-0.23,-1,474624,133,2766992
2005-04-21,5.51,5.79,5.79,5.5,0.07,1,544228,159,3100044
2005-04-22,5.9,5.8,5.9,5.71,0.01,1,299003,89,1734772
2005-04-25,5.9,6.2,6.2,5.9,0.4,1,1526006,295,9404543
2005-04-26,6.3,6.29,6.3,6.1,0.09,1,612101,165,3804389
2005-04-27,6.29,6.41,6.49,6.12,0.12,1,608106,171,3844390
2005-04-28,6.41,6.46,6.48,6.26,0.05,1,629295,153,4022044
2005-04-29,6.45,6.3,6.45,6.21,-0.16,-1,393632,119,2479744
2005-05-03,6.4,6.35,6.42,6.3,0.05,1,473124,103,3010340
2005-05-04,6.42,6.48,6.49,6.29,0.13,1,566986,151,3625595
2005-05-05,6.45,6.49,6.55,6.41,0.01,1,502461,117,3253307
2005-05-06,6.45,6.49,6.6,6.36,0.0,0,1014287,166,6637460
2005-05-09,6.5,6.49,6.54,6.36,0.0,0,614743,93,3979484
2005-05-10,6.37,6.45,6.49,6.35,-0.04,-1,279011,69,1787940
2005-05-11,6.3,6.4,6.45,6.3,-0.05,-1,359579,88,2300792
2005-05-12,6.35,6.35,6.39,6.3,-0.05,-1,194665,67,1234523
2005-05-13,6.26,6.3,6.35,6.21,-0.05,-1,297308,87,1865266
2005-05-16,6.3,6.23,6.33,6.14,-0.07,-1,320685,89,2001763
2005-05-17,6.17,6.23,6.29,6.16,0.0,0,190964,69,1185364
2005-05-18,6.23,6.2,6.3,6.15,-0.03,-1,359447,88,2241476
2005-05-19,6.2,6.21,6.38,6.2,0.01,1,371183,139,2329900
2005-05-20,6.3,6.29,6.3,6.18,0.08,1,218531,94,1362548
2005-05-23,6.2,6.28,6.28,6.18,-0.01,-1,120000,44,749570
2005-05-24,6.26,6.24,6.32,6.18,-0.04,-1,406322,92,2535708
2005-05-25,6.2,6.29,6.29,6.2,0.05,1,553900,82,3464999
2005-05-26,6.34,6.32,6.34,6.22,0.03,1,461636,70,2893394
2005-05-27,6.33,6.35,6.4,6.3,0.03,1,428000,105,2719560
2005-05-30,6.35,6.79,6.79,6.35,0.44,1,2393001,407,16120526
2005-05-31,6.85,7.1,7.15,6.85,0.31,1,3260425,739,22882474
2005-06-01,7.1,7.06,7.1,6.81,-0.04,-1,1071304,299,7436062
2005-06-02,7.09,7.11,7.34,7.05,0.05,1,1187010,309,8509050
2005-06-03,7.11,7.22,7.35,7.11,0.11,1,1148665,266,8361627
2005-06-06,7.25,7.22,7.35,7.17,0.0,0,812101,205,5880227
2005-06-07,7.22,7.24,7.32,7.17,0.02,1,621257,153,4491368
2005-06-08,7.23,7.74,7.74,7.2,0.5,1,4795433,466,36893198
2005-06-09,8.1,7.74,8.1,7.59,0.0,0,4899482,908,39074199
2005-06-10,7.6,7.46,7.88,7.35,-0.28,-1,2221913,506,16823540
2005-06-13,7.46,7.7,7.7,7.25,0.24,1,2946367,465,21897632
2005-06-14,7.7,7.4,7.74,7.4,-0.3,-1,1041750,225,7882502
2005-06-15,7.45,7.52,7.79,7.45,0.12,1,2130988,411,16241499
2005-06-16,7.65,7.61,7.69,7.54,0.09,1,922073,247,7030559
2005-06-17,7.65,7.67,7.89,7.65,0.06,1,2942220,470,22936565
2005-06-20,7.82,7.68,7.86,7.68,0.01,1,1236868,249,9633503
2005-06-21,7.68,7.57,7.7,7.55,-0.11,-1,714762,162,5440575
2005-06-22,7.6,7.57,7.77,7.57,0.0,0,773839,171,5920228
2005-06-23,7.67,7.63,7.82,7.61,0.06,1,1113654,264,8615196
2005-06-24,7.59,7.68,7.85,7.59,0.05,1,1529774,305,11880297
2005-06-27,7.68,7.8,8.21,7.66,0.12,1,2088546,343,16502050
2005-06-28,7.83,7.78,7.83,7.71,-0.02,-1,1187500,179,9190589
2005-06-29,7.83,7.69,7.85,7.68,-0.09,-1,694075,174,5383484
2005-06-30,7.69,7.78,7.97,7.69,0.09,1,1950722,379,15320335
2005-07-01,7.77,7.86,7.88,7.69,0.08,1,827250,222,6438078
2005-07-04,7.95,7.89,8.06,7.83,0.03,1,1716428,372,13631309
2005-07-05,7.92,8.02,8.05,7.81,0.13,1,1985889,382,15836029
2005-07-06,8.15,8.26,8.55,8.08,0.24,1,3415025,779,28385424
2005-07-07,8.26,7.87,8.26,7.87,-0.39,-1,1732475,398,14007915
2005-07-08,8.0,7.84,8.07,7.83,-0.03,-1,1648489,281,13106375
2005-07-11,8.06,8.06,8.06,7.85,0.22,1,1016085,230,8108790
2005-07-12,8.05,8.06,8.2,8.0,0.0,0,1479258,367,11992445
2005-07-13,8.05,8.2,8.34,8.02,0.14,1,3029064,481,24915600
2005-07-14,8.27,8.71,8.73,8.26,0.51,1,3978951,868,33904562
2005-07-15,8.85,8.5,8.9,8.5,-0.21,-1,2746816,677,23811235
2005-07-19,8.51,8.3,8.69,8.3,-0.2,-1,2483594,479,20917127
2005-07-20,8.3,8.22,8.5,8.22,-0.08,-1,2010111,419,16819507
2005-07-21,8.35,8.1,8.4,8.08,-0.12,-1,1659055,331,13709354
2005-07-22,8.13,7.9,8.14,7.9,-0.2,-1,1207532,298,9703603
2005-07-25,7.66,7.72,8.03,7.66,-0.18,-1,1029350,273,8107337
2005-07-26,7.8,7.78,7.98,7.75,0.06,1,889583,210,6950532
2005-07-27,7.78,7.65,7.84,7.65,-0.13,-1,521305,147,4019373
2005-07-28,7.76,7.73,7.88,7.71,0.08,1,870072,180,6777723
2005-07-29,7.83,7.64,7.87,7.4,-0.09,-1,676750,191,5151202
2005-08-01,7.64,7.6,7.8,7.52,-0.04,-1,635943,146,4889541
2005-08-02,7.52,7.46,7.68,7.27,-0.14,-1,586645,174,4387771
2005-08-03,7.1,7.3,7.46,7.1,-0.16,-1,1127909,268,8203659
2005-08-04,7.3,7.44,7.51,7.16,0.14,1,1075660,251,7947100
2005-08-08,7.39,7.25,7.39,7.25,-0.19,-1,380207,130,2770886
2005-08-09,7.25,7.18,7.34,7.18,-0.07,-1,300148,121,2170438
2005-08-10,7.18,7.1,7.32,7.02,-0.08,-1,652195,208,4661784
2005-08-11,7.11,6.91,7.11,6.9,-0.19,-1,582687,171,4077218
2005-08-12,7.05,6.9,7.05,6.86,-0.01,-1,598000,147,4140600
2005-08-15,6.9,6.9,6.99,6.72,0.0,0,811000,178,5527820
2005-08-16,6.69,6.7,6.74,6.65,0.0,0,919000,124,6163330
2005-08-17,6.7,6.71,6.75,6.61,0.01,1,146205,68,980305
2005-08-18,6.68,6.61,6.8,6.61,-0.1,-1,353908,96,2364079
2005-08-19,6.65,6.63,6.67,6.51,0.02,1,312160,94,2055155
2005-08-22,6.55,6.56,6.7,6.55,-0.07,-1,488412,89,3239142
2005-08-23,6.58,6.62,6.73,6.58,0.06,1,585922,107,3887696
2005-08-24,6.58,6.51,6.7,6.51,-0.11,-1,398248,112,2629507
2005-08-25,6.59,6.16,6.59,6.16,-0.35,-1,389687,105,2488421
2005-08-26,6.2,6.15,6.23,6.09,-0.01,-1,442050,106,2716154
2005-08-29,6.15,6.13,6.18,6.06,-0.02,-1,156633,70,962042
2005-08-30,6.2,6.24,6.48,6.2,0.11,1,713649,167,4523669
2005-08-31,6.44,5.91,6.44,5.91,-0.33,-1,371681,125,2320486
2005-09-02,6.21,6.05,6.21,6.0,0.14,1,391229,119,2378933
2005-09-05,6.1,6.07,6.25,6.07,0.02,1,683434,107,4178137
2005-09-06,6.12,6.1,6.17,6.07,0.03,1,274525,78,1674132
2005-09-07,6.23,6.12,6.23,6.11,0.02,1,591826,124,3639163
2005-09-08,6.22,6.08,6.22,6.05,-0.04,-1,524796,115,3237917
2005-09-09,6.08,6.06,6.14,6.06,-0.02,-1,226142,80,1379924
2005-09-12,6.06,6.03,6.07,6.01,-0.03,-1,421627,101,2549649
2005-09-13,6.03,6.0,6.03,5.9,-0.03,-1,330373,96,1966970
2005-09-14,5.9,5.91,5.99,5.86,-0.09,-1,290819,67,1722985
2005-09-15,5.85,5.71,5.93,5.71,-0.2,-1,321218,105,1862223
2005-09-16,5.65,5.65,5.72,5.62,-0.06,-1,267587,105,1514103
2005-09-19,5.65,5.56,5.75,5.56,-0.09,-1,152264,60,856130
2005-09-20,5.56,5.58,5.7,5.5,0.02,1,347873,82,1937366
2005-09-21,5.61,5.65,5.68,5.6,0.07,1,249809,75,1406884
2005-09-22,5.61,5.63,5.68,5.58,-0.02,-1,324613,91,1820971
2005-09-23,5.6,5.58,5.67,5.53,-0.05,-1,249498,57,1389427
2005-09-26,5.55,5.58,5.67,5.55,0.0,0,212175,45,1192809
2005-09-27,5.68,5.57,5.68,5.54,-0.01,-1,142832,48,798861
2005-09-28,5.66,5.52,5.66,5.52,-0.05,-1,157760,54,877648
2005-09-29,5.62,5.55,5.62,5.53,0.03,1,205558,62,1144110
2005-09-30,5.64,5.69,5.9,5.62,0.14,1,601824,203,3456354
2005-10-03,5.73,5.89,5.89,5.69,0.2,1,395832,124,2290905
2005-10-04,5.9,5.86,5.91,5.81,-0.03,-1,262005,67,1532379
2005-10-05,5.82,5.75,5.88,5.75,-0.11,-1,296606,95,1725538
2005-10-06,5.72,5.7,5.8,5.7,-0.05,-1,112587,65,644606
2005-10-07,5.65,5.78,5.89,5.65,0.08,1,344475,98,1977137
2005-10-11,5.79,5.76,5.89,5.76,-0.02,-1,181918,47,1055494
2005-10-12,5.7,5.5,5.71,5.5,-0.26,-1,254290,64,1427367
2005-10-13,5.5,5.5,5.62,5.45,0.0,0,242965,67,1342477
2005-10-14,5.5,5.55,5.6,5.5,0.05,1,251692,55,1389585
2005-10-17,5.55,5.44,5.61,5.44,-0.11,-1,265780,39,1460304
2005-10-18,5.45,5.35,5.45,5.28,-0.09,-1,250000,74,1330940
2005-10-19,5.0,5.13,5.29,5.0,-0.22,-1,270000,86,1371960
2005-10-20,5.02,5.06,5.1,4.83,-0.07,-1,377250,124,1889585
2005-10-21,4.83,4.99,4.99,4.83,-0.07,-1,418348,130,2050071
2005-10-24,4.9,4.91,4.99,4.9,-0.08,-1,210224,69,1040369
2005-10-25,4.95,5.01,5.02,4.95,0.1,1,312676,78,1554083
2005-10-26,5.0,5.0,5.09,4.9,-0.01,-1,85799,53,429293
2005-10-27,4.83,4.7,5.0,4.7,-0.3,-1,315325,81,1526682
2005-10-28,4.7,4.59,4.75,4.38,-0.11,-1,703390,166,3182477
2005-10-31,4.57,4.64,4.66,4.47,0.05,1,482784,155,2209563
2005-11-01,4.7,4.52,4.76,4.52,-0.12,-1,257000,85,1201420
2005-11-02,4.57,4.55,4.66,4.52,0.03,1,228907,106,1044491
2005-11-03,4.6,4.6,4.67,4.6,0.05,1,167657,76,773507
2005-11-04,4.52,4.68,4.7,4.52,0.08,1,249520,82,1160908
2005-11-07,4.74,4.84,4.93,4.74,0.16,1,821647,187,4000176
2005-11-08,5.17,5.17,5.17,5.01,0.33,1,798303,247,4098548
2005-11-09,5.3,5.2,5.3,5.14,0.03,1,626817,161,3258997
2005-11-10,5.2,5.06,5.27,5.06,-0.14,-1,670518,159,3465284
2005-11-11,5.15,5.2,5.24,5.1,0.14,1,949775,209,4894653
2005-11-14,5.2,5.18,5.2,5.11,-0.02,-1,226281,95,1166238
2005-11-15,5.16,5.4,5.45,5.16,0.22,1,801590,235,4261944
2005-11-16,5.48,5.42,5.48,5.34,0.02,1,290142,96,1569571
2005-11-17,5.42,5.48,5.48,5.35,0.06,1,471226,85,2554046
2005-11-18,5.48,5.56,5.6,5.46,0.08,1,588998,168,3257721
2005-11-21,5.61,5.74,5.74,5.61,0.18,1,554975,157,3145273
2005-11-22,5.74,5.67,5.75,5.6,-0.07,-1,412493,124,2350843
2005-11-23,5.72,5.72,5.72,5.6,0.05,1,412810,112,2339404
2005-11-24,5.7,5.66,5.75,5.6,-0.06,-1,358060,77,2037331
2005-11-25,5.66,5.71,5.8,5.66,0.05,1,484635,115,2772696
2005-11-28,5.79,5.76,5.8,5.66,0.05,1,367661,131,2105730
2005-11-29,5.76,5.8,5.84,5.71,0.04,1,322705,92,1858464
2005-11-30,5.76,5.8,5.85,5.7,0.0,0,441000,115,2541520
2005-12-01,5.79,5.8,5.84,5.73,0.0,0,230044,105,1334599
2005-12-02,5.8,5.81,5.83,5.75,0.01,1,284161,99,1644994
2005-12-05,5.75,6.0,6.05,5.75,0.19,1,597431,174,3549732
2005-12-06,6.05,6.07,6.15,5.93,0.07,1,461843,130,2793665
2005-12-07,6.09,6.07,6.1,5.96,0.0,0,724318,184,4383178
2005-12-08,6.1,6.1,6.17,6.0,0.03,1,718165,139,4376652
2005-12-09,6.01,6.24,6.24,6.01,0.14,1,724516,165,4471949
2005-12-12,6.3,6.31,6.33,6.2,0.07,1,472575,134,2974239
2005-12-13,6.25,6.27,6.34,6.25,-0.04,-1,390004,108,2455376
2005-12-14,6.28,6.32,6.38,6.28,0.05,1,553962,148,3504661
2005-12-15,6.31,6.14,6.37,6.14,-0.18,-1,366114,107,2293711
2005-12-16,6.15,6.11,6.23,6.11,-0.03,-1,320789,126,1972391
2005-12-19,6.27,6.18,6.3,6.12,0.07,1,444981,111,2766946
2005-12-20,6.19,6.14,6.2,6.11,-0.04,-1,274863,89,1694875
2005-12-21,6.14,6.27,6.32,6.14,0.13,1,760692,152,4739845
2005-12-22,6.28,6.28,6.33,6.27,0.01,1,591598,156,3727029
2005-12-23,6.3,6.32,6.42,6.3,0.04,1,454015,119,2881669
2005-12-26,6.49,6.68,6.76,6.4,0.36,1,1629735,414,10826283
2005-12-27,6.65,6.51,6.8,6.51,-0.17,-1,932697,230,6208789
2005-12-28,6.45,6.42,6.54,6.42,-0.09,-1,496125,112,3207835
2005-12-29,6.42,6.54,6.57,6.42,0.12,1,487223,154,3156459
2005-12-30,6.57,6.94,6.94,6.54,0.4,1,1825255,360,12309591
2006-01-02,7.0,7.23,7.41,6.95,0.29,1,2109364,506,15313299
2006-01-03,7.48,7.11,7.48,7.11,-0.12,-1,1643694,418,11908355
2006-01-04,7.11,7.0,7.18,7.0,-0.11,-1,927245,280,6579437
2006-01-05,7.1,7.04,7.1,7.0,0.04,1,700543,207,4945650
2006-01-06,7.04,7.01,7.14,7.01,-0.03,-1,690457,210,4883917
2006-01-09,7.0,7.24,7.3,7.0,0.23,1,1609864,393,11565703
2006-01-10,7.3,7.06,7.3,7.05,-0.18,-1,860603,276,6165401
2006-01-11,7.05,7.11,7.12,7.05,0.05,1,530461,165,3756780
2006-01-12,7.18,7.0,7.2,6.82,-0.11,-1,708382,221,4986103
2006-01-13,7.0,6.7,7.0,6.7,-0.3,-1,660864,166,4518371
2006-01-16,6.7,6.52,6.7,6.51,-0.18,-1,495532,140,3273616
2006-01-17,6.62,6.52,6.65,6.5,0.0,0,335921,143,2204164
2006-01-18,6.5,6.39,6.52,6.25,-0.13,-1,494728,146,3155846
2006-01-19,6.39,6.3,6.4,6.21,-0.09,-1,324217,86,2052150
2006-01-20,6.3,6.34,6.39,6.29,0.04,1,274283,75,1734451
2006-01-23,6.16,6.22,6.26,6.06,-0.12,-1,290619,89,1802493
2006-01-24,6.25,6.3,6.35,6.2,0.08,1,359255,80,2260890
2006-01-25,6.3,6.36,6.42,6.21,0.06,1,351811,85,2221195
2006-02-03,6.46,6.3,6.46,6.25,-0.06,-1,158150,56,998195
2006-02-06,6.29,6.31,6.34,6.29,0.01,1,171003,57,1079502
2006-02-07,6.34,6.45,6.48,6.26,0.14,1,543872,115,3470425
2006-02-08,6.45,6.4,6.5,6.32,-0.05,-1,583506,123,3752848
2006-02-09,6.45,6.41,6.5,6.36,0.01,1,443122,105,2853048
2006-02-10,6.4,6.33,6.41,6.31,-0.08,-1,195593,62,1245018
2006-02-13,6.39,6.3,6.39,6.21,-0.03,-1,317196,111,1989354
2006-02-14,6.22,6.33,6.33,6.2,0.03,1,369443,81,2316325
2006-02-15,6.28,6.33,6.38,6.2,0.0,0,474510,98,2990258
2006-02-16,6.21,6.33,6.37,6.21,0.0,0,784402,132,4927277
2006-02-17,6.33,6.29,6.33,6.23,-0.04,-1,471327,99,2956932
2006-02-20,6.25,6.43,6.45,6.23,0.14,1,444650,123,2821682
2006-02-21,6.49,6.43,6.49,6.34,0.0,0,740925,150,4751177
2006-02-22,6.43,6.22,6.45,6.21,-0.21,-1,592995,135,3766111
2006-02-23,6.22,6.1,6.34,6.1,-0.12,-1,135952,60,842807
2006-02-24,6.06,6.02,6.17,6.02,-0.08,-1,223218,72,1359984
2006-02-27,5.8,5.89,5.98,5.65,-0.13,-1,214351,64,1241748
2006-03-01,5.8,5.96,6.05,5.8,0.07,1,335262,72,1987427
2006-03-02,5.98,5.87,6.05,5.82,-0.09,-1,208634,68,1241098
2006-03-03,5.9,5.78,5.9,5.78,-0.09,-1,164407,53,956304
2006-03-06,5.78,5.79,5.79,5.68,0.01,1,80125,48,459180
2006-03-07,5.82,5.61,5.82,5.6,-0.18,-1,417424,94,2361030
2006-03-08,5.61,5.59,5.63,5.59,-0.02,-1,121587,49,682447
2006-03-09,5.6,5.55,5.6,5.45,-0.04,-1,308076,84,1712170
2006-03-10,5.57,5.49,5.58,5.46,-0.06,-1,125523,53,694962
2006-03-13,5.5,5.55,5.59,5.45,0.06,1,118430,56,657109
2006-03-14,5.5,5.51,5.55,5.46,-0.04,-1,164026,63,901707
2006-03-15,5.51,5.89,5.89,5.48,0.38,1,1971230,177,11224836
2006-03-16,6.0,5.89,6.1,5.84,0.0,0,568476,198,3388244
2006-03-17,5.91,5.89,5.91,5.71,0.0,0,190544,67,1105402
2006-03-20,5.89,5.76,5.89,5.75,-0.13,-1,208111,79,1205815
2006-03-21,5.75,6.16,6.16,5.7,0.4,1,1705736,422,10470543
2006-03-22,6.16,6.09,6.28,6.05,-0.07,-1,627509,183,3860952
2006-03-23,6.15,6.08,6.15,5.97,-0.01,-1,465393,131,2822668
2006-03-24,6.0,5.98,6.15,5.98,-0.1,-1,277065,89,1672212
2006-03-27,5.98,6.0,6.15,5.95,0.02,1,318386,83,1911701
2006-03-28,6.0,5.94,6.0,5.82,-0.06,-1,295451,92,1743238
2006-03-29,6.0,5.9,6.02,5.82,-0.04,-1,324542,110,1933374
2006-03-30,6.1,5.98,6.15,5.91,0.08,1,503124,142,3031984
2006-03-31,5.92,6.04,6.06,5.92,0.06,1,258768,100,1553000
2006-04-03,6.04,5.96,6.04,5.93,-0.08,-1,240151,85,1434702
2006-04-04,5.91,5.8,5.92,5.76,-0.16,-1,319455,134,1862940
2006-04-06,5.81,5.85,5.85,5.78,0.05,1,346004,154,2009673
2006-04-07,5.83,5.9,5.94,5.81,0.05,1,293740,125,1729820
2006-04-10,5.9,6.05,6.1,5.88,0.15,1,672830,199,4042958
2006-04-11,6.1,6.07,6.1,6.0,0.02,1,229641,84,1387633
2006-04-12,5.8,6.07,6.09,5.8,0.0,0,549996,181,3319836
2006-04-13,6.01,6.02,6.09,6.01,-0.05,-1,486038,134,2938558
2006-04-14,6.02,6.11,6.29,6.02,0.09,1,1271322,286,7804877
2006-04-17,6.06,6.11,6.2,6.06,0.0,0,917275,217,5615726
2006-04-18,6.12,6.2,6.27,6.11,0.09,1,998718,311,6178667
2006-04-19,6.29,6.2,6.4,6.18,0.0,0,1083971,254,6775982
2006-04-20,6.22,6.22,6.3,6.22,0.02,1,719247,169,4499719
2006-04-21,6.25,6.4,6.45,6.21,0.18,1,1145983,265,7263898
2006-04-24,6.4,6.25,6.4,6.24,-0.15,-1,565982,157,3563340
2006-04-25,6.3,6.45,6.68,6.3,0.2,1,3519643,559,22936132
2006-04-26,6.44,6.5,6.5,6.31,0.05,1,820153,174,5281775
2006-04-27,6.42,6.31,6.58,6.31,-0.19,-1,980354,206,6302375
2006-04-28,6.32,6.4,6.48,6.26,0.09,1,1281153,236,8156111
2006-05-02,6.68,6.67,6.7,6.46,0.27,1,1568428,321,10392774
2006-05-03,6.7,6.7,6.8,6.61,0.03,1,1689105,313,11319871
2006-05-04,6.7,6.65,6.8,6.63,-0.05,-1,1225963,309,8238598
2006-05-05,6.65,6.75,6.88,6.65,0.1,1,1516389,350,10262631
2006-05-08,6.96,6.99,7.0,6.76,0.24,1,1620232,354,11194597
2006-05-09,6.99,7.45,7.47,6.93,0.46,1,3473256,729,25455990
2006-05-10,7.5,7.46,7.69,7.35,0.01,1,2629902,476,19778413
2006-05-11,7.4,7.54,7.55,7.22,0.08,1,1881201,340,13841816
2006-05-12,7.58,7.94,8.06,7.51,0.4,1,6474359,1054,50730296
2006-05-15,7.94,7.7,8.05,7.7,-0.24,-1,2097244,474,16387154
2006-05-16,7.75,7.64,8.03,7.62,-0.06,-1,2120852,464,16585518
2006-05-17,7.79,7.5,7.9,7.45,-0.14,-1,2370010,475,18231842
2006-05-18,7.4,7.42,7.42,7.2,-0.08,-1,1248378,295,9116455
2006-05-19,7.4,7.24,7.4,7.24,-0.18,-1,804228,228,5885465
2006-05-22,7.24,7.01,7.35,7.01,-0.23,-1,1131917,292,8151719
2006-05-23,6.95,6.9,7.04,6.8,-0.11,-1,1037841,238,7148514
2006-05-24,7.1,6.99,7.11,6.86,0.09,1,956300,214,6711213
2006-05-25,7.01,7.0,7.15,6.93,0.01,1,615204,131,4316420
2006-05-26,7.06,7.03,7.37,7.02,0.03,1,865099,262,6196611
2006-05-29,7.07,7.06,7.18,7.03,0.03,1,335728,106,2384586
2006-05-30,7.16,7.18,7.27,7.05,0.12,1,692823,185,4955960
2006-06-01,7.1,7.0,7.21,7.0,-0.18,-1,883602,194,6264061
2006-06-02,7.05,6.9,7.05,6.8,-0.1,-1,732606,163,5076843
2006-06-05,6.9,6.46,7.15,6.45,-0.44,-1,879029,206,5968359
2006-06-06,6.4,6.51,6.63,6.4,0.05,1,717891,140,4650202
2006-06-07,6.44,6.4,6.56,6.4,-0.11,-1,209033,84,1350055
2006-06-08,6.39,5.96,6.46,5.96,-0.44,-1,514770,132,3163834
2006-06-09,6.0,6.03,6.03,5.89,0.07,1,508885,103,3039055
2006-06-12,6.15,6.16,6.38,6.05,0.13,1,926992,233,5762649
2006-06-13,6.11,6.2,6.39,6.03,0.04,1,547387,135,3400472
2006-06-14,6.21,6.36,6.44,6.21,0.16,1,283048,100,1799426
2006-06-15,6.36,6.31,6.47,6.31,-0.05,-1,250882,79,1601460
2006-06-16,6.45,6.4,6.55,6.35,0.09,1,614436,140,3958453
2006-06-19,6.5,6.49,6.5,6.35,0.09,1,178694,59,1153656
2006-06-20,6.48,6.21,6.53,6.2,-0.28,-1,482500,124,3073954
2006-06-21,6.22,6.16,6.32,6.15,-0.05,-1,242540,62,1507024
2006-06-22,6.18,6.4,6.42,6.18,0.24,1,438029,96,2779090
2006-06-23,6.37,6.37,6.46,6.36,-0.03,-1,333341,55,2138597
2006-06-26,6.36,6.58,6.65,6.31,0.21,1,1064186,182,6918339
2006-06-27,6.6,6.62,6.83,6.5,0.04,1,523506,143,3513543
2006-06-28,6.51,6.63,6.76,6.46,0.01,1,389041,107,2587017
2006-06-29,6.63,6.7,6.84,6.63,0.07,1,645378,136,4358800
2006-06-30,6.75,6.84,7.02,6.75,0.14,1,679168,177,4699272
2006-07-03,6.8,6.81,6.95,6.77,-0.03,-1,70140,25,482067
2006-07-04,6.84,6.79,7.09,6.79,-0.02,-1,489517,135,3409794
2006-07-05,6.76,6.87,7.08,6.76,0.08,1,517849,160,3598509
2006-07-06,6.8,6.99,7.05,6.8,0.12,1,757435,144,5307562
2006-07-07,6.96,6.93,7.03,6.93,-0.06,-1,1071301,136,7489453
2006-07-10,6.9,6.9,7.02,6.87,-0.03,-1,525098,113,3651171
2006-07-11,6.9,6.85,6.95,6.8,-0.05,-1,537132,109,3693781
2006-07-12,6.83,6.38,6.9,6.38,-0.47,-1,728143,156,4745120
2006-07-13,6.15,6.3,6.38,6.15,-0.08,-1,12052205,160,75893299
2006-07-14,6.35,6.74,6.74,6.35,0.44,1,1293388,327,8653314
2006-07-17,6.89,6.77,7.05,6.7,0.03,1,1192650,316,8138906
2006-07-18,6.9,6.85,7.0,6.8,0.08,1,886668,221,6123472
2006-07-19,6.85,6.52,6.94,6.5,-0.33,-1,743686,159,5051878
2006-07-20,6.6,6.54,6.77,6.41,0.02,1,1080669,258,7095615
2006-07-21,6.54,6.51,6.6,6.46,-0.03,-1,268149,83,1745803
2006-07-24,6.74,6.48,6.74,6.48,-0.03,-1,290824,98,1899953
2006-07-25,6.57,6.48,6.58,6.42,0.0,0,160999,62,1043432
2006-07-26,6.43,6.51,6.64,6.33,0.03,1,342353,147,2243733
2006-07-27,6.5,6.54,6.55,6.44,0.03,1,99101,52,645646
2006-07-28,6.52,6.59,6.72,6.52,0.05,1,420016,108,2764541
2006-07-31,6.6,6.67,6.71,6.6,0.08,1,280812,112,1868667
2006-08-01,6.69,6.65,6.76,6.63,-0.02,-1,285240,96,1910702
2006-08-02,6.56,6.63,6.64,6.55,-0.02,-1,185569,48,1222562
2006-08-03,6.63,6.62,6.72,6.6,-0.01,-1,327432,103,2179386
2006-08-04,6.6,6.64,6.7,6.59,0.02,1,91850,55,607387
2006-08-07,6.59,6.51,6.63,6.49,-0.13,-1,194557,65,1274270
2006-08-08,6.46,6.5,6.55,6.45,-0.01,-1,263531,75,1709752
2006-08-09,6.41,6.45,6.5,6.38,-0.05,-1,292958,99,1884084
2006-08-10,6.4,6.45,6.57,6.4,0.0,0,333691,143,2158542
2006-08-11,6.55,6.41,6.55,6.4,-0.04,-1,214313,85,1382850
2006-08-14,6.43,6.31,6.47,6.3,-0.1,-1,205932,84,1310398
2006-08-15,6.31,6.33,6.4,6.26,0.02,1,409332,113,2582806
2006-08-16,6.4,6.38,6.43,6.35,0.05,1,321710,109,2055348
2006-08-17,6.41,6.34,6.45,6.34,-0.04,-1,226378,92,1445503
2006-08-18,6.4,6.2,6.4,6.2,-0.14,-1,271998,114,1702661
2006-08-21,6.2,5.92,6.2,5.91,-0.28,-1,484771,124,2920871
2006-08-22,5.93,5.83,5.97,5.8,-0.09,-1,363161,111,2134092
2006-08-23,5.83,5.8,5.88,5.7,-0.03,-1,463440,139,2688621
2006-08-24,5.84,5.8,5.88,5.76,0.0,0,158700,48,922375
2006-08-25,5.83,5.81,5.86,5.8,0.01,1,247892,49,1444704
2006-08-28,5.81,5.8,5.97,5.8,-0.01,-1,235853,91,1377719
2006-08-29,5.9,5.87,5.9,5.78,0.07,1,124404,54,723871
2006-08-30,5.78,5.86,5.9,5.69,-0.01,-1,120333,69,701848
2006-08-31,5.83,5.91,5.95,5.79,0.05,1,127087,81,745271
2006-09-01,5.82,5.8,5.88,5.74,-0.11,-1,64701,44,376113
2006-09-04,5.9,6.0,6.0,5.79,0.2,1,488116,125,2885440
2006-09-05,6.0,6.06,6.25,5.91,0.06,1,2537569,294,15539194
2006-09-06,6.0,5.86,6.06,5.82,-0.2,-1,307244,121,1825023
2006-09-07,5.8,5.8,5.89,5.76,-0.06,-1,146443,61,850626
2006-09-08,5.99,5.82,5.99,5.81,0.02,1,164995,57,963906
2006-09-11,5.85,5.78,5.89,5.78,-0.04,-1,141977,57,827597
2006-09-12,5.8,5.73,5.8,5.6,-0.05,-1,351292,82,2010057
2006-09-13,5.75,5.64,5.75,5.56,-0.09,-1,243000,80,1372045
2006-09-14,5.64,5.3,5.64,5.25,-0.34,-1,538377,149,2910367
2006-09-15,5.3,5.29,5.3,5.2,-0.01,-1,181831,54,958207
2006-09-18,5.3,5.5,5.54,5.3,0.21,1,339018,106,1843499
2006-09-19,5.41,5.43,5.54,5.41,-0.07,-1,192500,72,1049439
2006-09-20,5.45,5.5,5.52,5.38,0.07,1,116198,59,635030
2006-09-21,5.5,5.5,5.52,5.44,0.0,0,210889,70,1155726
2006-09-22,5.51,5.5,5.55,5.45,0.0,0,120097,51,660376
2006-09-25,5.41,5.5,5.55,5.41,0.0,0,118697,40,647470
2006-09-26,5.55,5.51,5.55,5.48,0.01,1,128223,61,707972
2006-09-27,5.82,5.89,5.89,5.75,0.38,1,865832,271,5084723
2006-09-28,5.99,6.19,6.2,5.98,0.3,1,1642358,401,10054727
2006-09-29,6.3,6.26,6.35,6.2,0.07,1,1243989,309,7844556
2006-10-02,6.05,6.19,6.26,6.0,-0.07,-1,618076,188,3816686
2006-10-03,6.12,6.28,6.3,6.11,0.09,1,517209,168,3225123
2006-10-04,6.35,6.43,6.53,6.19,0.15,1,722523,218,4650349
2006-10-05,6.56,6.59,6.68,6.45,0.16,1,731798,202,4815108
2006-10-11,6.42,6.67,6.77,6.42,0.08,1,747149,183,4996145
2006-10-12,6.58,6.8,6.89,6.58,0.13,1,594152,177,4031709
2006-10-13,6.89,7.0,7.0,6.81,0.2,1,680503,210,4698141
2006-10-14,7.0,6.87,7.09,6.85,-0.13,-1,578022,203,4039238
2006-10-16,6.87,6.98,7.06,6.86,0.11,1,627370,181,4359334
2006-10-17,6.88,6.98,7.0,6.88,0.0,0,519129,165,3618979
2006-10-18,6.63,6.94,6.98,6.63,-0.04,-1,583181,111,4019317
2006-10-19,6.92,6.94,7.08,6.83,0.0,0,547232,131,3821918
2006-10-20,6.94,7.03,7.06,6.94,0.09,1,526643,163,3690564
2006-10-23,7.01,7.13,7.14,6.94,0.1,1,684317,177,4846641
2006-10-24,7.13,7.3,7.37,7.13,0.17,1,921153,310,6734638
2006-10-25,7.31,7.29,7.42,7.28,-0.01,-1,662911,163,4885723
2006-10-26,7.3,7.3,7.41,7.25,0.01,1,662557,176,4861941
2006-10-27,7.31,7.29,7.44,7.26,-0.01,-1,579141,175,4262290
2006-10-30,7.29,7.29,7.34,7.22,0.0,0,517579,146,3769404
2006-10-31,7.25,7.29,7.34,7.13,0.0,0,731713,146,5323111
2006-11-01,7.28,7.12,7.29,7.08,-0.17,-1,347298,112,2510279
2006-11-02,6.96,6.99,7.24,6.93,-0.13,-1,575458,154,4094662
2006-11-03,6.99,6.99,7.04,6.78,0.0,0,430022,153,2984066
2006-11-06,6.84,7.1,7.1,6.84,0.11,1,319261,118,2230241
2006-11-07,7.1,7.0,7.21,7.0,-0.1,-1,699918,219,4974442
2006-11-08,7.0,6.96,7.1,6.95,-0.04,-1,524971,114,3689760
2006-11-09,6.96,6.95,7.06,6.95,-0.01,-1,643197,167,4510232
2006-11-10,6.95,6.94,6.95,6.91,-0.01,-1,123248,60,854432
2006-11-13,6.82,6.95,7.0,6.82,0.01,1,406998,116,2814460
2006-11-14,6.95,7.1,7.12,6.95,0.15,1,627919,181,4435693
2006-11-15,7.1,7.07,7.23,7.07,-0.03,-1,402038,136,2881069
2006-11-16,7.08,7.56,7.56,7.08,0.49,1,1521701,431,11336849
2006-11-17,7.8,7.46,7.88,7.44,-0.1,-1,1466795,435,11261356
2006-11-20,7.5,7.6,7.79,7.47,0.14,1,693679,203,5244433
2006-11-21,7.6,7.46,7.6,7.28,-0.14,-1,337527,142,2523653
2006-11-22,7.5,7.38,7.54,7.37,-0.08,-1,335017,119,2495012
2006-11-23,7.42,7.35,7.43,7.33,-0.03,-1,289429,118,2134498
2006-11-24,7.33,7.35,7.41,7.33,0.0,0,489402,187,3612872
2006-11-27,7.35,7.4,7.46,7.35,0.05,1,380098,148,2810127
2006-11-28,7.4,7.33,7.4,7.23,-0.07,-1,262869,107,1921398
2006-11-29,7.33,7.42,7.42,7.23,0.09,1,349993,146,2577076
2006-11-30,7.42,7.73,7.87,7.3,0.31,1,934637,321,7168414
2006-12-01,7.71,7.68,7.83,7.55,-0.05,-1,816054,229,6303289
2006-12-04,7.68,7.98,7.98,7.61,0.3,1,755897,250,5922728
2006-12-05,8.52,8.2,8.52,8.03,0.22,1,1685294,452,13951303
2006-12-06,8.3,8.17,8.32,8.04,-0.03,-1,656559,176,5373434
2006-12-07,8.1,8.0,8.12,7.95,-0.17,-1,538050,195,4321853
2006-12-08,7.8,7.79,7.95,7.76,-0.21,-1,496945,186,3884922
2006-12-11,7.79,7.79,7.89,7.77,0.0,0,453799,132,3548259
2006-12-12,7.99,7.77,7.99,7.74,-0.02,-1,304757,145,2388857
2006-12-13,7.76,7.76,7.87,7.67,-0.01,-1,466181,128,3625211
2006-12-14,7.8,7.7,7.8,7.68,-0.06,-1,461650,136,3572639
2006-12-15,7.75,7.61,7.81,7.61,-0.09,-1,429166,150,3319126
2006-12-18,7.65,7.65,7.77,7.62,0.04,1,1070468,247,8215496
2006-12-19,7.65,7.72,7.8,7.65,0.07,1,395020,135,3057143
2006-12-20,7.73,8.01,8.18,7.73,0.29,1,1086585,281,8681234
2006-12-21,8.11,8.02,8.3,7.98,0.01,1,1104460,344,8966056
2006-12-22,8.02,7.92,8.13,7.9,-0.1,-1,501633,157,3994103
2006-12-25,7.94,8.3,8.35,7.94,0.38,1,1621954,383,13189554
2006-12-26,8.36,8.22,8.46,8.2,-0.08,-1,1348272,403,11261082
2006-12-27,8.34,8.2,8.4,8.2,-0.02,-1,1434791,313,11901752
2006-12-28,8.22,8.07,8.32,8.05,-0.13,-1,555705,201,4528581
2006-12-29,8.07,8.15,8.24,8.07,0.08,1,636643,222,5197842
2007-01-02,8.15,8.2,8.27,8.12,0.05,1,916956,237,7489799
2007-01-03,8.25,8.18,8.28,8.15,-0.02,-1,1061163,283,8720309
2007-01-04,8.18,8.36,8.36,8.1,0.18,1,1353407,403,11214020
2007-01-05,8.42,8.65,8.73,8.42,0.29,1,4650705,905,39952254
2007-01-08,8.65,9.25,9.25,8.53,0.6,1,3464099,971,31680715
2007-01-09,9.4,9.1,9.55,9.0,-0.15,-1,2313301,842,21426359
2007-01-10,9.05,8.6,9.08,8.6,-0.5,-1,1757348,538,15408071
2007-01-11,8.7,8.11,8.82,8.11,-0.49,-1,1632998,481,13855576
2007-01-12,8.2,8.3,8.38,8.2,0.19,1,891420,234,7382629
2007-01-15,8.33,8.4,8.4,8.15,0.1,1,1052683,280,8695341
2007-01-16,8.42,8.52,8.69,8.42,0.12,1,3062026,540,26238819
2007-01-17,8.5,8.51,8.58,8.46,-0.01,-1,472389,160,4023082
2007-01-18,8.57,8.52,8.63,8.46,0.01,1,553399,190,4716779
2007-01-19,8.5,8.52,8.67,8.5,0.0,0,1253397,245,10778876
2007-01-22,8.52,8.4,8.6,8.37,-0.12,-1,560255,193,4721279
2007-01-23,8.44,8.6,8.6,8.35,0.2,1,792049,247,6688744
2007-01-24,8.7,8.71,8.95,8.65,0.11,1,3289622,677,28917378
2007-01-25,8.81,8.45,8.82,8.45,-0.26,-1,803745,254,6954294
2007-01-26,8.4,8.3,8.49,8.3,-0.15,-1,683244,230,5706863
2007-01-29,8.3,8.01,8.3,8.01,-0.29,-1,856278,250,7010574
2007-01-30,8.0,7.97,8.07,7.95,-0.04,-1,643378,170,5149293
2007-01-31,7.98,7.81,8.0,7.75,-0.16,-1,511867,168,4043761
2007-02-01,7.82,7.67,7.9,7.64,-0.14,-1,665899,218,5156043
2007-02-02,7.8,7.95,7.95,7.7,0.28,1,550819,158,4304583
2007-02-05,7.99,8.0,8.3,7.97,0.05,1,4149961,612,33798492
2007-02-06,8.05,7.95,8.1,7.9,-0.05,-1,563994,177,4494875
2007-02-07,8.0,7.87,8.05,7.86,-0.08,-1,418977,136,3315551
2007-02-08,7.87,7.81,7.97,7.8,-0.06,-1,167367,83,1311608
2007-02-09,7.81,7.81,7.9,7.8,0.0,0,343794,136,2694182
2007-02-12,7.81,7.83,7.95,7.76,0.02,1,329491,142,2598921
2007-02-13,7.85,7.87,7.95,7.83,0.04,1,192913,90,1520163
2007-02-14,7.9,7.9,7.92,7.87,0.03,1,279487,89,2207695
2007-02-26,8.0,7.91,8.0,7.91,0.01,1,248118,97,1966539
2007-02-27,7.92,8.0,8.1,7.92,0.09,1,390785,166,3123919
2007-03-01,7.88,8.1,8.1,7.81,0.1,1,612175,148,4883385
2007-03-02,8.15,8.38,8.5,8.12,0.28,1,5254376,793,43567972
2007-03-03,8.38,8.24,8.43,8.21,-0.14,-1,956771,244,7961812
2007-03-05,8.1,7.83,8.19,7.82,-0.41,-1,773092,195,6202404
2007-03-06,7.8,7.93,7.96,7.8,0.1,1,485504,98,3834588
2007-03-07,7.95,7.83,8.05,7.82,-0.1,-1,801509,154,6370277
2007-03-08,7.85,7.94,8.02,7.85,0.11,1,617125,146,4890432
2007-03-09,8.01,7.93,8.01,7.91,-0.01,-1,451324,100,3593816
2007-03-12,7.93,7.97,8.1,7.9,0.04,1,975884,212,7792588
2007-03-13,7.98,8.12,8.2,7.98,0.15,1,1097705,253,8890169
2007-03-14,8.05,8.2,8.2,8.03,0.08,1,1101785,257,8961430
2007-03-15,8.3,8.22,8.45,8.22,0.02,1,1646780,367,13762145
2007-03-16,8.25,8.25,8.38,8.21,0.03,1,716326,165,5926504
2007-03-19,8.3,8.82,8.82,8.3,0.57,1,3654179,711,31904028
2007-03-20,9.0,8.58,9.1,8.58,-0.24,-1,2891464,676,25639064
2007-03-21,8.58,8.51,8.68,8.42,-0.07,-1,1134678,324,9687076
2007-03-22,8.6,8.71,8.88,8.56,0.2,1,1949589,506,16974299
2007-03-23,8.78,8.63,8.95,8.63,-0.08,-1,1590769,467,14004732
2007-03-26,8.6,8.88,8.93,8.6,0.25,1,2072403,509,18241564
2007-03-27,8.98,8.75,8.98,8.73,-0.13,-1,925687,298,8215643
2007-03-28,8.8,9.36,9.36,8.71,0.61,1,6213665,938,57142422
2007-03-29,9.38,10.0,10.0,9.38,0.64,1,3939026,729,38886230
2007-03-30,10.35,9.83,10.35,9.75,-0.17,-1,5096522,1133,51292752
2007-04-02,9.83,9.84,10.15,9.83,0.01,1,1701512,483,16953697
2007-04-03,9.88,9.7,10.1,9.65,-0.14,-1,1709981,460,16842307
2007-04-04,9.73,9.52,9.81,9.47,-0.18,-1,1862302,415,17847851
2007-04-09,9.52,9.52,9.6,9.3,0.0,0,1263715,340,11943185
2007-04-10,9.4,9.29,9.45,9.25,-0.23,-1,623159,199,5802269
2007-04-11,9.31,9.45,9.55,9.31,0.16,1,658533,241,6202103
2007-04-12,9.45,9.6,9.64,9.45,0.15,1,570888,206,5449097
2007-04-13,9.7,9.71,9.95,9.67,0.11,1,2041140,533,20035306
2007-04-14,9.81,9.87,10.1,9.8,0.16,1,1956540,434,19468860
2007-04-16,9.9,10.55,10.55,9.9,0.68,1,5434639,1063,56455166
2007-04-17,10.6,9.82,10.6,9.82,-0.73,-1,3203600,699,32418857
2007-04-18,10.15,9.9,10.15,9.75,0.08,1,1137152,325,11223983
2007-04-19,9.63,9.72,9.92,9.63,-0.18,-1,846227,258,8256892
2007-04-20,9.78,9.83,9.95,9.78,0.11,1,566483,182,5576394
2007-04-23,9.92,9.77,10.0,9.75,-0.06,-1,708749,208,7021401
2007-04-24,9.88,9.76,9.88,9.75,-0.01,-1,630921,199,6171546
2007-04-25,10.0,10.15,10.4,9.92,0.39,1,5224674,1105,53701090
2007-04-26,9.89,10.0,10.15,9.81,-0.15,-1,1887719,455,18823892
2007-04-27,10.0,10.0,10.15,9.91,0.0,0,1089914,289,10910276
2007-04-30,10.1,10.1,10.45,9.95,0.1,1,2081030,532,21211477
2007-05-02,10.2,10.45,10.8,10.15,0.35,1,3675046,863,38866460
2007-05-03,10.45,9.72,10.45,9.72,-0.73,-1,3158000,691,31367460
2007-05-04,9.73,9.78,9.94,9.7,0.06,1,1083696,337,10608867
2007-05-07,9.81,9.84,9.96,9.75,0.06,1,580249,177,5726955
2007-05-08,9.84,10.5,10.5,9.81,0.66,1,4710479,997,49093491
2007-05-09,10.8,11.2,11.2,10.65,0.7,1,6898833,928,76390155
2007-05-10,11.4,11.4,11.7,11.0,0.2,1,13421376,2589,152966534
2007-05-11,11.4,11.9,12.1,11.3,0.5,1,11224254,2479,131914336
2007-05-14,11.5,11.45,11.8,11.45,-0.45,-1,2627513,729,30404165
2007-05-15,11.5,11.5,11.8,11.4,0.05,1,2532887,694,29296004
2007-05-16,11.5,11.15,11.75,11.05,-0.35,-1,2515997,707,28743109
2007-05-17,11.3,10.9,11.45,10.9,-0.25,-1,2945117,723,32726311
2007-05-18,10.9,10.7,11.0,10.6,-0.2,-1,2230822,548,23993207
2007-05-21,10.75,11.15,11.3,10.7,0.45,1,2276046,704,25249540
2007-05-22,11.4,10.95,11.4,10.9,-0.2,-1,1892482,552,20977262
2007-05-23,10.95,11.15,11.35,10.9,0.2,1,2248267,571,24988431
2007-05-24,11.3,11.0,11.3,10.9,-0.15,-1,1290666,413,14281125
2007-05-25,11.0,11.1,11.2,10.85,0.1,1,1543281,411,17087341
2007-05-28,11.2,11.2,11.55,11.15,0.1,1,2581041,641,29311998
2007-05-29,11.25,10.95,11.3,10.95,-0.25,-1,1401690,366,15551673
2007-05-30,10.95,11.7,11.7,10.95,0.75,1,5063908,1093,58961504
2007-05-31,11.8,12.0,12.05,11.6,0.3,1,5854508,1523,69332629
2007-06-01,12.1,11.6,12.2,11.6,-0.4,-1,2851846,751,33755557
2007-06-04,11.75,11.6,11.9,11.5,0.0,0,2699617,714,31554991
2007-06-05,11.6,11.65,12.1,11.55,0.05,1,3034121,868,35925987
2007-06-06,11.8,11.85,12.45,11.7,0.2,1,7027757,1323,85797606
2007-06-07,11.75,12.1,12.1,11.7,0.25,1,2463114,662,29501618
2007-06-08,11.9,12.1,12.5,11.9,0.0,0,2819543,758,34471038
2007-06-11,12.35,11.95,12.35,11.9,-0.15,-1,1872236,590,22640185
2007-06-12,12.05,12.15,12.3,12.0,0.2,1,2660213,683,32346247
2007-06-13,12.3,12.05,12.3,12.0,-0.1,-1,1659208,420,20016275
2007-06-14,12.15,11.65,12.2,11.65,-0.4,-1,2509290,667,29898304
2007-06-15,11.75,11.7,12.2,11.7,0.05,1,3217648,749,38320909
2007-06-20,12.2,11.75,12.2,11.7,0.05,1,1548414,428,18287580
2007-06-21,11.75,11.8,12.15,11.75,0.05,1,2639998,632,31573961
2007-06-22,11.8,12.6,12.6,11.8,0.8,1,6607947,1398,81891004
2007-06-23,12.9,13.45,13.45,12.9,0.85,1,5058897,843,66882792
2007-06-25,14.2,13.75,14.35,13.7,0.3,1,13299976,2853,187566699
2007-06-26,13.7,13.2,13.75,12.9,-0.55,-1,4589942,1285,60900396
2007-06-27,13.2,13.4,13.95,13.2,0.2,1,6782942,1441,92375263
2007-06-28,13.6,13.5,13.9,13.3,0.1,1,3849651,924,52512325
2007-06-29,13.6,13.6,13.95,13.55,0.1,1,5357709,686,73180611
2007-07-02,13.95,13.75,13.95,13.6,0.15,1,1846994,460,25411607
2007-07-03,13.9,14.0,14.3,13.7,0.25,1,3951608,953,55391182
2007-07-04,13.95,13.7,14.1,13.6,-0.3,-1,2996982,659,41488645
2007-07-05,13.7,13.8,13.9,13.7,0.1,1,1538820,445,21194917
2007-07-06,13.85,13.8,14.2,13.75,0.0,0,2450235,663,34153652
2007-07-09,13.85,13.8,14.05,13.8,0.0,0,2383684,622,33087489
2007-07-10,13.8,14.75,14.75,13.8,0.95,1,8299835,1556,118586328
2007-07-11,14.8,14.3,15.0,14.15,-0.45,-1,4567872,1056,66600366
2007-07-12,14.35,14.4,14.75,14.3,0.1,1,2821166,666,41031357
2007-07-13,14.5,14.6,15.15,14.3,0.2,1,4127341,1048,60856884
2007-07-16,15.0,14.4,15.0,14.4,-0.2,-1,2427939,598,35825559
2007-07-17,14.45,14.25,14.65,14.15,-0.15,-1,1810517,489,25859145
2007-07-18,14.25,14.0,14.55,14.0,-0.25,-1,2552077,628,36495542
2007-07-19,14.05,14.2,14.75,14.05,0.2,1,2770485,660,39949613
2007-07-20,14.25,14.25,14.55,14.25,0.05,1,1528858,405,21973918
2007-07-23,14.35,14.75,14.75,14.3,0.5,1,2604654,571,37988961
2007-07-24,14.8,14.9,15.35,14.75,0.15,1,3903342,980,58614650
2007-07-25,14.9,15.15,15.5,14.85,0.25,1,4048499,972,61779585
2007-07-26,15.3,14.2,15.4,14.2,-0.95,-1,3298323,777,48951741
2007-07-27,14.0,13.8,14.5,13.7,-0.4,-1,2192271,621,30861913
2007-07-30,13.8,13.4,14.0,13.2,-0.4,-1,1349844,367,18437555
2007-07-31,13.5,13.9,14.3,13.5,0.5,1,4696818,664,66301070
2007-08-01,13.6,12.95,13.9,12.95,-0.95,-1,2048539,501,27700377
2007-08-02,13.1,12.5,13.45,12.05,-0.45,-1,2394385,506,30431684
2007-08-03,12.7,12.65,12.95,12.55,0.15,1,844140,264,10729605
2007-08-06,12.1,12.45,12.6,12.1,-0.2,-1,447519,136,5547056
2007-08-07,12.8,12.4,12.8,12.4,-0.05,-1,610462,164,7633650
2007-08-08,12.6,12.5,12.8,12.4,0.1,1,712341,237,8987358
2007-08-09,12.7,12.8,13.35,12.7,0.3,1,2495462,549,32763507
2007-08-10,12.45,12.85,13.1,12.45,0.05,1,827544,274,10549054
2007-08-13,13.0,12.75,13.15,12.65,-0.1,-1,523069,186,6691915
2007-08-14,12.75,12.6,13.35,12.6,-0.15,-1,2340096,488,30409651
2007-08-15,12.5,11.75,12.75,11.75,-0.85,-1,1789110,484,21472442
2007-08-16,11.5,10.95,11.7,10.95,-0.8,-1,1616000,316,17879500
2007-08-17,10.3,10.2,10.9,10.2,-0.75,-1,1261880,297,13142925
2007-08-20,10.8,10.9,10.9,10.45,0.7,1,964850,341,10370014
2007-08-21,11.2,10.45,11.2,10.45,-0.45,-1,437118,166,4719268
2007-08-22,10.45,10.5,10.65,10.35,0.05,1,410060,164,4289571
2007-08-23,10.6,11.2,11.2,10.6,0.7,1,783621,168,8742102
2007-08-24,11.2,11.15,11.4,10.8,-0.05,-1,978369,326,10903272
2007-08-27,11.4,11.3,11.6,11.1,0.15,1,710319,244,8023733
2007-08-28,11.3,11.25,11.3,11.0,-0.05,-1,394991,139,4422646
2007-08-29,10.8,11.25,11.4,10.7,0.0,0,918964,289,10209090
2007-08-30,11.4,11.4,11.55,11.35,0.15,1,685864,202,7845096
2007-08-31,11.5,11.4,11.5,10.9,0.0,0,325316,133,3668467
2007-09-03,11.4,11.3,11.5,11.2,-0.1,-1,627838,181,7126731
2007-09-04,11.2,11.5,11.8,11.2,0.2,1,1958233,375,22780362
2007-09-05,11.8,11.5,11.8,11.5,0.0,0,650321,201,7549220
2007-09-06,11.45,11.4,11.7,11.3,-0.1,-1,461471,159,5277422
2007-09-07,11.75,12.1,12.15,11.65,0.7,1,2219238,579,26635856
2007-09-10,11.5,12.0,12.05,11.5,-0.1,-1,862110,246,10258150
2007-09-11,12.0,12.0,12.1,11.8,0.0,0,816608,247,9741299
2007-09-12,12.2,11.75,12.2,11.7,-0.25,-1,635824,194,7578187
2007-09-13,11.8,11.5,11.9,11.5,-0.25,-1,784337,245,9154055
2007-09-14,11.5,11.45,11.7,11.45,-0.05,-1,678558,202,7839608
2007-09-17,11.4,11.4,11.7,11.3,-0.05,-1,475799,157,5429513
2007-09-19,11.6,11.2,11.65,11.2,-0.2,-1,378317,145,4309665
2007-09-20,11.25,11.2,11.45,11.15,0.0,0,321061,99,3612781
2007-09-21,11.2,11.7,11.95,11.2,0.5,1,1727427,349,20278543
2007-09-26,11.75,11.6,11.9,11.45,-0.1,-1,620147,247,7164974
2007-09-27,11.65,11.75,11.85,11.5,0.15,1,892850,311,10429501
2007-09-28,11.85,11.65,11.85,11.6,-0.1,-1,593064,163,6922031
2007-09-29,11.65,12.0,12.3,11.65,0.35,1,1489063,346,17859188
2007-10-01,12.0,11.85,12.2,11.8,-0.15,-1,764546,252,9198856
2007-10-02,12.2,11.4,12.2,11.4,-0.45,-1,1078606,326,12803534
2007-10-03,11.45,11.6,11.75,11.45,0.2,1,839202,263,9693215
2007-10-04,11.45,11.6,11.6,11.45,0.0,0,234562,101,2707003
2007-10-05,11.6,11.6,11.75,11.45,0.0,0,419420,150,4848578
2007-10-08,11.7,11.45,11.75,11.45,-0.15,-1,289869,121,3351407
2007-10-09,11.45,11.5,11.6,11.4,0.05,1,333047,125,3828631
2007-10-11,11.5,11.35,11.55,11.35,-0.15,-1,265536,138,3033570
2007-10-12,11.35,10.9,11.4,10.9,-0.45,-1,432383,155,4841052
2007-10-15,11.0,11.0,11.15,10.95,0.1,1,310598,129,3421713
2007-10-16,10.9,11.0,11.05,10.85,0.0,0,201343,93,2205934
2007-10-17,11.0,11.0,11.0,10.75,0.0,0,459119,133,4994792
2007-10-18,11.05,11.2,11.3,11.0,0.2,1,463294,195,5171202
2007-10-19,11.15,11.05,11.3,11.0,-0.15,-1,198160,93,2198660
2007-10-22,10.8,10.6,10.9,10.6,-0.45,-1,413127,141,4444882
2007-10-23,10.75,10.7,11.2,10.7,0.1,1,430851,186,4678869
2007-10-24,10.85,10.65,11.0,10.65,-0.05,-1,336823,142,3636970
2007-10-25,10.7,10.7,11.15,10.7,0.05,1,343207,137,3740641
2007-10-26,10.7,10.7,10.85,10.6,0.0,0,374466,155,4000811
2007-10-29,10.7,10.9,11.2,10.7,0.2,1,1130682,321,12439208
2007-10-30,11.0,10.8,11.15,10.8,-0.1,-1,275493,115,3010373
2007-10-31,10.8,10.65,10.95,10.6,-0.15,-1,294997,126,3161065
2007-11-01,10.65,10.75,10.95,10.6,0.1,1,1084831,254,11662380
2007-11-02,10.6,10.65,10.8,10.5,-0.1,-1,482088,154,5160534
2007-11-05,10.55,10.3,10.65,10.3,-0.35,-1,274700,132,2866658
2007-11-06,10.3,10.35,10.8,10.3,0.05,1,546976,222,5703697
2007-11-07,10.35,10.45,10.5,10.3,0.1,1,198847,106,2069855
2007-11-08,10.3,9.73,10.3,9.72,-0.72,-1,669300,181,6704620
2007-11-09,9.7,9.3,9.72,9.3,-0.43,-1,433924,193,4118685
2007-11-12,9.0,9.1,9.29,8.7,-0.2,-1,868731,249,7812949
2007-11-13,9.1,9.25,9.3,8.81,0.15,1,430143,165,3901820
2007-11-14,9.4,9.4,9.66,9.4,0.15,1,292917,115,2782745
2007-11-15,9.41,9.25,9.5,9.22,-0.15,-1,99529,59,927422
2007-11-16,9.2,9.21,9.31,9.1,-0.04,-1,202682,73,1861102
2007-11-19,9.41,9.23,9.41,9.21,0.02,1,124522,60,1152591
2007-11-20,9.15,9.4,9.6,9.01,0.17,1,357344,106,3255729
2007-11-21,9.38,9.17,9.38,9.12,-0.23,-1,237953,105,2192868
2007-11-22,9.17,9.15,9.2,9.04,-0.02,-1,150803,57,1378245
2007-11-23,9.08,8.97,9.08,8.85,-0.18,-1,210691,79,1893964
2007-11-26,9.0,9.0,9.19,8.98,0.03,1,155012,66,1402585
2007-11-27,8.85,9.1,9.17,8.41,0.1,1,293862,130,2566201
2007-11-28,9.0,8.9,9.12,8.82,-0.2,-1,144190,55,1291579
2007-11-29,9.01,8.91,9.1,8.9,0.01,1,214809,87,1923642
2007-11-30,8.93,9.05,9.14,8.93,0.14,1,209429,82,1890141
2007-12-03,9.08,9.08,9.09,8.96,0.03,1,107068,48,967505
2007-12-04,9.1,9.2,9.4,9.02,0.12,1,134182,62,1228594
2007-12-05,9.2,9.3,9.39,9.13,0.1,1,210857,80,1953163
2007-12-06,9.6,9.6,9.7,9.43,0.3,1,479087,191,4586655
2007-12-07,9.78,9.73,9.88,9.66,0.13,1,413268,143,4042028
2007-12-10,9.73,9.87,9.99,9.72,0.14,1,302753,110,2985905
2007-12-11,9.95,9.66,9.95,9.64,-0.21,-1,272148,98,2669737
2007-12-12,9.6,9.74,9.76,9.53,0.08,1,279970,100,2711676
2007-12-13,9.7,9.62,9.87,9.44,-0.12,-1,430486,130,4163921
2007-12-14,9.63,10.25,10.25,9.4,0.63,1,470080,170,4590722
2007-12-17,9.8,9.55,9.99,9.55,-0.7,-1,509600,178,4986262
2007-12-18,9.2,9.2,9.32,8.89,-0.35,-1,581743,181,5278081
2007-12-19,9.1,9.05,9.4,9.02,-0.15,-1,1071650,169,9787316
2007-12-20,9.1,8.85,9.11,8.8,-0.2,-1,396949,115,3582260
2007-12-21,8.9,8.83,8.99,8.61,-0.02,-1,491368,152,4334643
2007-12-24,8.63,9.09,9.1,8.63,0.26,1,323080,121,2902338
2007-12-25,9.38,9.25,9.38,9.09,0.16,1,313649,157,2898891
2007-12-26,9.1,9.24,9.29,9.02,-0.01,-1,249042,104,2290764
2007-12-27,9.25,9.4,9.55,9.2,0.16,1,269718,109,2536659
2007-12-28,9.01,9.48,9.48,9.01,0.08,1,287208,102,2697561
2007-12-31,9.33,9.5,9.67,9.33,0.02,1,297289,115,2836292
2008-01-02,9.49,9.5,9.66,9.4,0.0,0,261000,89,2491810
2008-01-03,9.4,9.29,9.4,9.01,-0.21,-1,298656,104,2728023
2008-01-04,9.1,9.35,9.37,9.1,0.06,1,170676,62,1579834
2008-01-07,9.25,9.33,9.42,9.03,-0.02,-1,164563,80,1520355
2008-01-08,9.15,9.15,9.2,9.12,-0.18,-1,41675,28,381385
2008-01-09,9.05,9.24,9.29,9.05,0.09,1,139670,58,1286490
2008-01-10,9.12,9.29,9.3,9.12,0.05,1,138696,46,1280894
2008-01-11,9.18,9.28,9.36,9.11,-0.01,-1,819504,86,7593223
2008-01-14,9.27,9.28,9.38,9.14,0.0,0,984702,117,9169485
2008-01-15,9.37,9.21,9.38,9.21,-0.07,-1,214099,110,1987579
2008-01-16,9.11,9.17,9.34,9.01,-0.04,-1,228956,99,2102175
2008-01-17,9.1,9.0,9.17,8.91,-0.17,-1,225809,67,2034038
2008-01-18,8.93,8.78,8.93,8.77,-0.22,-1,284203,99,2503664
2008-01-21,8.78,8.8,8.93,8.75,0.02,1,302960,85,2677019
2008-01-22,8.7,8.25,8.7,8.19,-0.55,-1,256077,104,2129811
2008-01-23,8.25,7.68,8.36,7.68,-0.57,-1,404340,134,3196020
2008-01-24,7.7,7.5,7.97,7.26,-0.18,-1,389463,122,2986364
2008-01-25,7.51,7.72,7.84,7.4,0.22,1,321658,117,2450654
2008-01-28,7.81,7.62,7.81,7.51,-0.1,-1,83000,31,628970
2008-01-29,7.5,7.66,7.78,7.5,0.04,1,351418,97,2672105
2008-01-30,7.74,7.66,7.74,7.5,0.0,0,217891,99,1651830
2008-01-31,7.59,7.5,7.6,7.13,-0.16,-1,430261,111,3185640
2008-02-01,7.43,7.55,7.6,7.4,0.05,1,313209,94,2347737
2008-02-12,7.43,7.33,7.49,7.33,-0.22,-1,85000,29,628710
2008-02-13,7.4,7.33,7.4,7.3,0.0,0,91822,54,676559
2008-02-14,7.47,7.45,7.47,7.36,0.12,1,164911,68,1221544
2008-02-15,7.4,7.47,7.47,7.34,0.02,1,177308,49,1316696
2008-02-18,7.4,7.6,7.67,7.4,0.13,1,206394,83,1554441
2008-02-19,7.6,8.0,8.0,7.6,0.4,1,502499,155,3920409
2008-02-20,7.97,7.72,7.97,7.7,-0.28,-1,134631,55,1055427
2008-02-21,7.77,7.81,7.96,7.77,0.09,1,151036,68,1187077
2008-02-22,7.81,7.87,8.03,7.8,0.06,1,283041,93,2229789
2008-02-25,7.91,7.98,8.05,7.91,0.11,1,230800,89,1841115
2008-02-26,8.03,8.01,8.18,7.95,0.03,1,434212,123,3486245
2008-02-27,8.19,8.07,8.19,8.01,0.06,1,240200,95,1937224
2008-02-29,8.02,8.3,8.3,8.02,0.23,1,349729,129,2868725
2008-03-03,8.07,8.02,8.11,7.99,-0.28,-1,201480,66,1617020
2008-03-04,8.06,8.37,8.37,8.0,0.35,1,538979,184,4399159
2008-03-05,8.4,8.49,8.68,8.37,0.12,1,589099,170,5006995
2008-03-06,8.69,8.6,8.69,8.5,0.11,1,355949,181,3061581
2008-03-07,8.69,8.53,8.69,8.5,-0.07,-1,251619,126,2157209
2008-03-10,8.5,8.22,8.5,8.2,-0.31,-1,184999,90,1539051
2008-03-11,8.2,8.25,8.28,8.2,0.03,1,97823,40,805658
2008-03-12,8.5,8.25,8.5,8.25,0.0,0,187418,100,1564175
2008-03-13,8.31,8.12,8.31,8.12,-0.13,-1,131180,55,1081137
2008-03-14,8.12,7.99,8.22,7.98,-0.13,-1,194359,91,1571092
2008-03-17,7.91,7.9,7.91,7.79,-0.09,-1,97150,38,760402
2008-03-18,7.9,7.85,7.9,7.7,-0.05,-1,55967,28,436362
2008-03-19,7.95,7.8,8.05,7.8,-0.05,-1,148170,78,1178712
2008-03-20,8.0,8.12,8.29,8.0,0.32,1,242329,119,1972953
2008-03-21,8.2,8.24,8.27,8.12,0.12,1,223933,121,1840860
2008-03-24,8.55,8.39,8.58,8.35,0.15,1,287240,130,2425959
2008-03-25,8.58,8.41,8.58,8.4,0.02,1,220740,102,1874931
2008-03-26,8.41,8.55,8.55,8.3,0.14,1,326766,91,2753945
2008-03-27,8.56,8.8,9.14,8.56,0.25,1,2725850,441,24325053
2008-03-28,8.85,8.85,8.85,8.57,0.05,1,275870,125,2424350
2008-03-31,8.75,8.7,8.8,8.63,-0.15,-1,248999,107,2166627
2008-04-01,8.66,8.51,8.7,8.51,-0.19,-1,160508,71,1383936
2008-04-02,8.61,8.6,8.67,8.54,0.09,1,335824,118,2888772
2008-04-03,8.56,8.61,8.79,8.56,0.01,1,606111,135,5274383
2008-04-07,8.71,8.66,8.76,8.64,0.05,1,259441,104,2260273
2008-04-08,8.69,8.51,8.69,8.51,-0.15,-1,336490,102,2883889
2008-04-09,8.52,8.55,8.55,8.45,0.04,1,278128,81,2366882
2008-04-10,8.55,8.55,8.62,8.48,0.0,0,230724,98,1974891
2008-04-11,8.63,8.52,8.63,8.52,-0.03,-1,187162,93,1604006
2008-04-14,8.49,8.32,8.49,8.32,-0.2,-1,148906,72,1249928
2008-04-15,8.33,8.33,8.4,8.3,0.01,1,169657,81,1416500
2008-04-16,8.4,8.44,8.47,8.33,0.11,1,238911,113,2003645
2008-04-17,8.61,8.76,8.89,8.54,0.32,1,1497045,450,13082321
2008-04-18,8.76,8.8,8.8,8.75,0.04,1,486826,144,4271715
2008-04-21,8.9,9.1,9.25,8.9,0.3,1,817809,288,7438421
2008-04-22,9.1,8.92,9.18,8.92,-0.18,-1,311835,98,2809425
2008-04-23,8.92,8.85,9.1,8.82,-0.07,-1,229834,122,2068195
2008-04-24,8.94,8.9,9.0,8.86,0.05,1,181353,68,1616896
2008-04-25,8.9,8.85,8.95,8.85,-0.05,-1,217778,76,1937694
2008-04-28,8.85,8.81,8.9,8.76,-0.04,-1,93612,44,824937
2008-04-29,8.73,8.65,8.8,8.6,-0.16,-1,185676,72,1615152
2008-04-30,8.63,8.86,8.89,8.63,0.21,1,242505,100,2127610
2008-05-02,9.46,9.48,9.48,9.15,0.62,1,1228363,343,11566663
2008-05-05,10.05,9.7,10.1,9.7,0.22,1,3916416,838,39205450
2008-05-06,9.5,9.41,9.7,9.26,-0.29,-1,1037257,248,9740725
2008-05-07,9.41,9.62,9.64,9.4,0.21,1,875416,228,8354023
2008-05-08,9.54,9.54,9.63,9.41,-0.08,-1,242706,95,2313030
2008-05-09,9.56,9.6,9.78,9.45,0.06,1,296629,104,2843964
2008-05-12,9.46,9.37,9.55,9.34,-0.23,-1,236650,91,2232349
2008-05-13,9.37,9.39,9.43,9.3,0.02,1,307506,98,2875579
2008-05-14,9.25,9.35,9.35,9.25,-0.04,-1,297134,127,2763364
2008-05-15,9.3,9.36,9.39,9.22,0.01,1,443043,139,4127547
2008-05-16,9.39,9.5,9.55,9.37,0.14,1,387157,186,3664700
2008-05-19,9.5,9.42,9.57,9.39,-0.08,-1,322960,124,3052491
2008-05-20,9.51,9.44,9.8,9.43,0.02,1,817667,253,7826457
2008-05-21,9.42,9.4,9.5,9.23,-0.04,-1,476359,127,4469768
2008-05-22,9.37,9.33,9.4,9.28,-0.07,-1,245999,87,2304337
2008-05-23,9.33,9.36,9.5,9.29,0.03,1,332060,98,3105017
2008-05-26,9.45,9.34,9.45,9.23,-0.02,-1,247360,81,2307806
2008-05-27,9.35,8.7,9.35,8.7,-0.64,-1,225383,81,2065420
2008-05-28,9.02,8.79,9.02,8.79,0.09,1,199635,96,1772369
2008-05-29,8.9,8.83,9.01,8.8,0.04,1,163030,81,1450793
2008-05-30,8.88,8.8,8.9,8.71,-0.03,-1,259231,56,2284282
2008-06-02,8.85,8.89,8.89,8.72,0.09,1,77669,30,683411
2008-06-03,8.85,8.95,8.97,8.75,0.06,1,164600,63,1462712
2008-06-04,8.9,9.09,9.1,8.9,0.14,1,178360,78,1604870
2008-06-05,8.94,9.18,9.18,8.94,0.09,1,146556,71,1332835
2008-06-06,9.2,9.08,9.3,9.08,-0.1,-1,182401,70,1678909
2008-06-09,9.08,8.85,9.08,8.82,-0.23,-1,147646,47,1326627
2008-06-10,8.98,8.75,9.05,8.75,-0.1,-1,185067,73,1634864
2008-06-11,8.58,8.6,8.78,8.55,-0.15,-1,110399,50,952995
2008-06-12,8.0,8.0,8.3,8.0,-0.6,-1,478220,123,3844340
2008-06-13,7.9,7.9,8.0,7.75,-0.1,-1,219705,81,1731006
2008-06-16,7.9,7.89,8.15,7.85,-0.01,-1,139861,53,1110708
2008-06-17,7.8,7.82,7.89,7.66,-0.07,-1,78382,28,611919
2008-06-18,7.82,7.85,8.06,7.82,0.03,1,127507,59,1006849
2008-06-19,7.85,7.7,7.93,7.61,-0.15,-1,130783,76,1007335
2008-06-20,7.7,7.8,7.83,7.7,0.1,1,244323,82,1893440
2008-06-23,7.35,7.72,7.75,7.35,-0.08,-1,66511,54,504539
2008-06-24,7.75,7.65,7.8,7.53,-0.07,-1,350677,56,2680114
2008-06-25,7.46,7.86,7.92,7.46,0.21,1,204599,82,1594111
2008-06-26,7.86,7.65,8.0,7.65,-0.21,-1,169560,65,1326080
2008-06-27,7.25,7.12,7.35,7.12,-0.53,-1,643268,124,4619142
2008-06-30,7.12,6.65,7.12,6.65,-0.47,-1,477427,133,3296607
2008-07-01,6.65,6.19,6.65,6.19,-0.46,-1,568000,141,3616070
2008-07-02,5.76,6.45,6.62,5.76,0.26,1,1349784,334,8361335
2008-07-03,6.35,6.8,6.84,6.2,0.35,1,499004,160,3244904
2008-07-04,6.8,6.66,6.94,6.66,-0.14,-1,320002,101,2182122
2008-07-07,6.66,6.79,6.88,6.6,0.13,1,443464,82,2994080
2008-07-08,6.61,6.32,6.85,6.32,-0.47,-1,425022,142,2820997
2008-07-09,6.32,6.37,6.47,6.32,0.05,1,577272,109,3675931
2008-07-10,6.28,6.4,6.69,6.28,0.03,1,156506,78,998867
2008-07-11,6.35,6.5,6.55,6.35,0.1,1,210491,79,1361656
2008-07-14,6.48,6.42,6.6,6.4,-0.08,-1,270000,55,1770150
2008-07-15,6.53,6.12,6.53,6.1,-0.3,-1,337000,54,2073860
2008-07-16,6.13,6.0,6.24,5.88,-0.12,-1,378472,105,2280376
2008-07-17,6.0,6.4,6.42,6.0,0.4,1,908273,212,5690644
2008-07-18,6.35,6.2,6.62,5.96,-0.2,-1,548184,122,3455548
2008-07-21,6.0,6.4,6.45,6.0,0.2,1,509010,118,3188833
2008-07-22,6.3,6.2,6.36,6.15,-0.2,-1,281416,83,1751442
2008-07-23,6.2,6.5,6.6,6.2,0.3,1,462820,128,2978649
2008-07-24,6.52,6.5,6.59,6.38,0.0,0,274275,109,1774477
2008-07-25,6.31,6.38,6.38,6.24,-0.12,-1,151012,55,953082
2008-07-29,6.21,6.13,6.21,6.12,-0.25,-1,450401,54,2769786
2008-07-30,6.4,6.19,6.4,6.18,0.06,1,146597,53,912260
2008-07-31,6.21,6.13,6.45,6.13,-0.06,-1,447002,111,2829072
2008-08-01,6.13,6.01,6.15,5.92,-0.12,-1,414019,114,2498064
2008-08-04,6.01,6.01,6.13,5.91,0.0,0,308489,86,1857774
2008-08-05,6.05,6.01,6.12,5.9,0.0,0,224386,76,1347326
2008-08-06,6.02,6.36,6.41,6.02,0.35,1,455876,134,2874567
2008-08-07,6.36,6.5,6.68,6.36,0.14,1,447877,115,2921017
2008-08-08,6.35,6.81,6.94,6.35,0.31,1,643274,231,4342393
2008-08-11,7.28,7.05,7.28,7.0,0.24,1,498288,124,3598736
2008-08-12,7.05,6.9,7.05,6.86,-0.15,-1,332457,75,2318089
2008-08-13,6.99,7.0,7.0,6.86,0.1,1,193429,56,1339495
2008-08-14,7.0,6.87,7.1,6.87,-0.13,-1,164849,54,1152783
2008-08-15,6.89,6.72,6.9,6.72,-0.15,-1,129109,54,878052
2008-08-18,6.62,6.51,6.7,6.51,-0.21,-1,165416,46,1092853
2008-08-19,6.55,6.47,6.55,6.41,-0.04,-1,146001,57,945536
2008-08-20,6.4,6.49,6.52,6.32,0.02,1,157785,66,1010743
2008-08-21,6.49,6.33,6.49,6.31,-0.16,-1,85002,60,538882
2008-08-22,6.44,6.28,6.44,6.25,-0.05,-1,59011,34,371618
2008-08-25,6.44,6.34,6.57,6.29,0.06,1,182920,52,1163529
2008-08-26,6.26,6.26,6.33,6.24,-0.08,-1,61214,30,383352
2008-08-27,6.31,6.4,6.45,6.22,0.14,1,217184,52,1375387
2008-08-28,6.43,6.35,6.43,6.32,-0.05,-1,40188,20,256797
2008-08-29,6.45,6.34,6.45,6.33,-0.01,-1,122918,37,781883
2008-09-01,6.3,6.12,6.65,6.12,-0.22,-1,257591,82,1618284
2008-09-02,6.21,6.16,6.21,6.07,0.04,1,152866,50,935141
2008-09-03,6.0,5.82,6.1,5.82,-0.34,-1,212889,77,1272745
2008-09-04,5.82,5.42,5.87,5.42,-0.4,-1,367001,125,2042055
2008-09-05,5.4,5.05,5.4,5.05,-0.37,-1,632001,202,3214795
2008-09-08,5.16,5.32,5.4,5.16,0.27,1,484883,102,2590769
2008-09-09,5.4,5.05,5.4,4.95,-0.27,-1,258578,99,1317550
2008-09-10,4.7,5.15,5.15,4.7,0.1,1,191001,71,954505
2008-09-11,5.29,5.0,5.29,4.81,-0.15,-1,251658,101,1262110
2008-09-12,5.0,5.06,5.21,4.92,0.06,1,380678,107,1908265
2008-09-15,5.0,4.86,5.0,4.71,-0.2,-1,237009,86,1147719
2008-09-16,4.52,4.52,4.67,4.52,-0.34,-1,298219,71,1349360
2008-09-17,4.23,4.21,4.56,4.21,-0.31,-1,490000,128,2103580
2008-09-18,3.92,3.92,3.99,3.92,-0.29,-1,872104,136,3419386
2008-09-19,3.99,4.12,4.19,3.99,0.2,1,628068,157,2580677
2008-09-22,4.35,4.4,4.4,4.3,0.28,1,375332,72,1646790
2008-09-23,4.24,4.58,4.6,4.24,0.18,1,224537,80,1019565
2008-09-24,4.5,4.9,4.9,4.5,0.32,1,4926227,106,21145177
2008-09-25,5.1,5.01,5.19,4.9,0.11,1,246341,94,1250656
2008-09-26,5.15,4.99,5.15,4.66,-0.02,-1,273320,117,1316424
2008-09-30,4.65,4.65,4.65,4.65,-0.34,-1,128320,31,596686
2008-10-01,4.71,4.86,4.86,4.61,0.21,1,119481,54,566737
2008-10-02,4.52,4.99,5.06,4.52,0.13,1,216828,73,1050200
2008-10-03,4.99,4.99,5.0,4.7,0.0,0,245882,69,1189331
2008-10-06,4.95,4.85,4.95,4.75,-0.14,-1,96813,46,464221
2008-10-07,4.75,4.9,4.9,4.7,0.05,1,119139,51,572807
2008-10-08,4.9,4.77,4.9,4.56,-0.13,-1,172145,66,805101
2008-10-09,4.77,4.45,4.77,4.45,-0.32,-1,192178,71,875146
2008-10-13,4.3,4.3,4.3,4.3,-0.15,-1,65000,12,279500
2008-10-14,4.21,4.57,4.57,4.21,0.27,1,320206,89,1405789
2008-10-15,4.6,4.41,4.6,4.41,-0.16,-1,228569,66,1013878
2008-10-16,4.26,4.51,4.62,4.26,0.1,1,485449,140,2127749
2008-10-17,4.51,4.61,4.69,4.4,0.1,1,349416,115,1587082
2008-10-20,4.51,4.59,4.59,4.45,-0.02,-1,373849,110,1680078
2008-10-21,4.6,4.7,4.8,4.6,0.11,1,170960,57,801124
2008-10-22,4.62,4.69,4.84,4.56,-0.01,-1,379057,148,1768826
2008-10-23,4.54,4.66,4.7,4.53,-0.03,-1,329462,171,1519282
2008-10-24,4.5,4.55,4.66,4.5,-0.11,-1,454354,142,2075792
2008-10-27,4.33,4.55,4.65,4.33,0.0,0,477758,130,2155954
2008-10-28,4.3,4.63,4.66,4.3,0.08,1,513218,131,2323882
2008-10-29,4.81,4.7,4.84,4.45,0.07,1,276451,91,1292776
2008-10-30,4.41,4.85,4.97,4.41,0.15,1,398689,128,1904431
2008-10-31,4.9,4.98,5.0,4.81,0.13,1,412883,114,2033392
2008-11-03,5.0,5.21,5.26,5.0,0.23,1,416467,163,2148151
2008-11-04,5.21,5.21,5.26,5.1,0.0,0,281990,93,1465245
2008-11-05,5.28,5.32,5.4,5.21,0.11,1,295393,83,1564045
2008-11-06,5.3,5.25,5.39,5.02,-0.07,-1,403177,157,2105508
2008-11-07,5.05,5.28,5.37,5.05,0.03,1,323508,73,1701556
2008-11-10,5.1,5.43,5.48,5.1,0.15,1,261262,71,1400367
2008-11-11,5.38,5.43,5.53,5.3,0.0,0,400228,105,2163321
2008-11-12,5.38,5.5,5.63,5.38,0.07,1,294756,88,1625130
2008-11-13,5.5,5.38,5.5,5.25,-0.12,-1,226536,70,1212990
2008-11-14,5.35,5.38,5.54,5.27,0.0,0,278022,70,1506744
2008-11-17,5.23,5.31,5.49,5.2,-0.07,-1,262239,74,1393555
2008-11-18,5.2,5.09,5.36,5.03,-0.22,-1,267124,67,1404038
2008-11-19,5.29,5.08,5.29,4.75,-0.01,-1,260901,91,1298775
2008-11-20,4.9,4.95,4.96,4.8,-0.13,-1,130004,48,637134
2008-11-21,4.95,4.99,5.1,4.84,0.04,1,208472,53,1038342
2008-11-24,4.89,5.0,5.09,4.72,0.01,1,145402,41,726537
2008-11-25,5.01,5.0,5.14,5.0,0.0,0,107624,49,543653
2008-11-26,4.98,4.99,5.12,4.88,-0.01,-1,129601,46,651438
2008-11-27,4.98,5.11,5.12,4.97,0.12,1,209647,60,1061879
2008-11-28,5.1,5.0,5.19,5.0,-0.11,-1,232107,69,1187249
2008-12-01,5.05,5.09,5.21,5.0,0.09,1,344772,86,1774610
2008-12-02,4.99,5.09,5.11,4.86,0.0,0,166725,52,839425
2008-12-03,5.1,4.8,5.1,4.8,-0.29,-1,127000,39,634370
2008-12-04,5.13,5.13,5.13,4.9,0.33,1,723693,200,3661791
2008-12-05,5.21,5.11,5.21,4.97,-0.02,-1,226696,76,1157609
2008-12-08,5.13,5.2,5.22,5.03,0.09,1,366379,112,1898367
2008-12-09,5.21,5.15,5.21,5.02,-0.05,-1,189923,65,978406
2008-12-10,5.1,5.21,5.23,5.1,0.06,1,407481,83,2118496
2008-12-11,5.21,5.07,5.21,5.07,-0.14,-1,187351,66,964525
2008-12-12,4.9,5.09,5.15,4.9,0.02,1,132000,55,659870
2008-12-15,5.09,5.1,5.2,4.91,0.01,1,143769,61,731063
2008-12-16,4.96,5.06,5.06,4.95,-0.04,-1,35801,23,178831
2008-12-17,5.06,5.0,5.13,5.0,-0.06,-1,120412,63,608267
2008-12-18,5.0,5.0,5.0,5.0,0.0,0,68647,18,343195
2008-12-19,5.0,5.04,5.19,5.0,0.04,1,190252,57,970560
2008-12-22,5.05,4.94,5.05,4.94,-0.1,-1,46003,27,228852
2008-12-23,4.86,4.9,4.9,4.86,-0.04,-1,18000,10,87920
2008-12-24,4.91,4.83,4.93,4.81,-0.07,-1,54310,28,262704
2008-12-25,4.87,4.83,4.98,4.78,0.0,0,44990,26,219451
2008-12-26,4.83,4.84,4.95,4.83,0.01,1,41740,21,203931
2008-12-29,4.81,4.85,4.85,4.81,0.01,1,34850,19,168637
2008-12-30,4.89,4.91,5.16,4.89,0.06,1,114650,57,581002
2008-12-31,5.06,5.1,5.1,4.93,0.19,1,115153,38,580386
2009-01-05,5.21,5.09,5.21,5.06,-0.01,-1,154850,50,797736
2009-01-06,5.19,5.05,5.19,5.03,-0.04,-1,156056,67,794245
2009-01-07,5.06,5.1,5.18,5.02,0.05,1,163423,53,836902
2009-01-08,5.0,5.0,5.2,4.95,-0.1,-1,98002,44,494808
2009-01-09,4.98,5.04,5.07,4.87,0.04,1,66893,29,334505
2009-01-10,4.99,5.04,5.04,4.79,0.0,0,147362,69,726794
2009-01-12,5.04,5.0,5.08,4.84,-0.04,-1,71214,51,352387
2009-01-13,5.0,5.04,5.1,4.91,0.04,1,51629,29,259000
2009-01-14,5.04,5.0,5.19,5.0,-0.04,-1,76184,41,388419
2009-01-15,4.9,4.97,4.98,4.9,-0.03,-1,27386,13,135319
2009-01-16,4.91,4.97,5.0,4.78,0.0,0,79231,37,388987
2009-01-17,5.0,5.03,5.03,4.93,0.06,1,56154,15,280910
2009-01-19,5.03,5.03,5.03,5.03,0.0,0,4000,2,20120
2009-01-20,4.91,4.89,4.93,4.89,-0.14,-1,24003,15,117662
2009-01-21,4.71,4.95,4.95,4.71,0.06,1,49126,26,237829
2009-02-02,4.93,4.95,4.95,4.85,0.0,0,136030,50,669258
2009-02-03,5.05,5.05,5.05,5.0,0.1,1,164337,52,826695
2009-02-04,5.1,5.09,5.1,5.05,0.04,1,108906,45,552639
2009-02-05,5.01,5.06,5.07,5.0,-0.03,-1,119351,48,602018
2009-02-06,5.03,5.05,5.05,4.71,-0.01,-1,157307,58,779415
2009-02-09,4.98,5.04,5.08,4.95,-0.01,-1,144488,62,727530
2009-02-10,5.0,5.02,5.03,4.92,-0.02,-1,111999,26,562535
2009-02-11,4.93,5.01,5.03,4.9,-0.01,-1,32506,19,160930
2009-02-12,4.93,5.0,5.0,4.93,-0.01,-1,58060,18,289480
2009-02-13,4.92,5.0,5.0,4.91,0.0,0,142252,47,707939
2009-02-16,5.0,4.95,5.0,4.95,-0.05,-1,23011,12,113955
2009-02-17,4.93,5.17,5.17,4.87,0.22,1,218553,95,1097739
2009-02-18,5.05,5.2,5.5,5.05,0.03,1,1185000,239,6271288
2009-02-19,5.13,5.19,5.28,5.09,-0.01,-1,140462,65,724799
2009-02-20,5.1,5.19,5.19,5.0,0.0,0,184245,69,936557
2009-02-23,5.17,5.17,5.17,5.02,-0.02,-1,115999,41,590213
2009-02-24,5.02,5.01,5.17,5.01,-0.16,-1,163020,63,826992
2009-02-25,5.05,5.05,5.11,5.01,0.04,1,225936,70,1142050
2009-02-26,5.01,4.93,5.05,4.92,-0.12,-1,178769,54,891019
2009-02-27,5.01,5.06,5.06,4.93,0.13,1,219375,61,1098115
2009-03-02,5.06,5.04,5.11,4.95,-0.02,-1,208243,62,1042705
2009-03-03,4.99,5.04,5.06,4.96,0.0,0,132001,26,663815
2009-03-04,5.09,5.05,5.15,5.01,0.01,1,275459,88,1399625
2009-03-05,5.15,5.2,5.4,5.1,0.15,1,998218,231,5270255
2009-03-06,5.18,5.22,5.33,5.16,0.02,1,399199,89,2083734
2009-03-09,5.18,5.23,5.28,5.17,0.01,1,194000,64,1013640
2009-03-10,5.23,5.44,5.45,5.23,0.21,1,459667,134,2470741
2009-03-11,5.45,5.75,5.82,5.34,0.31,1,1809411,317,10218580
2009-03-12,5.76,5.63,5.76,5.55,-0.12,-1,351759,153,1986770
2009-03-13,5.7,5.74,5.8,5.61,0.11,1,302999,95,1719713
2009-03-16,5.65,5.7,5.74,5.63,-0.04,-1,259938,88,1477009
2009-03-17,5.7,5.69,5.75,5.62,-0.01,-1,218250,69,1245700
2009-03-18,5.7,5.77,5.8,5.63,0.08,1,260070,101,1487722
2009-03-19,5.95,5.76,6.0,5.75,-0.01,-1,236294,81,1390222
2009-03-20,5.76,5.69,5.76,5.56,-0.07,-1,251056,82,1408858
2009-03-23,5.56,5.73,5.78,5.56,0.04,1,223152,69,1262564
2009-03-24,5.73,5.77,5.87,5.68,0.04,1,246095,72,1423099
2009-03-25,5.73,5.9,5.9,5.72,0.13,1,298674,96,1727028
2009-03-26,5.95,6.1,6.15,5.9,0.2,1,786578,227,4761677
2009-03-27,6.18,6.1,6.2,6.0,0.0,0,215013,85,1313276
2009-03-30,6.07,5.7,6.07,5.7,-0.4,-1,222264,76,1301454
2009-03-31,5.7,5.67,5.8,5.67,-0.03,-1,2846612,75,15250058
2009-04-01,5.66,5.97,6.05,5.66,0.3,1,827710,225,4901536
2009-04-02,6.0,5.99,6.02,5.87,0.02,1,340648,102,2028827
2009-04-03,6.04,6.03,6.2,6.0,0.04,1,292453,95,1765209
2009-04-06,6.1,6.13,6.26,6.1,0.1,1,422999,136,2620212
2009-04-07,6.03,6.08,6.08,6.0,-0.05,-1,336646,87,2028925
2009-04-08,6.0,6.1,6.31,6.0,0.02,1,451036,155,2773175
2009-04-09,6.12,6.3,6.3,6.12,0.2,1,268106,116,1668486
2009-04-10,6.35,6.46,6.5,6.31,0.16,1,576061,213,3688717
2009-04-13,6.5,6.34,6.5,6.31,-0.12,-1,400969,112,2557694
2009-04-14,6.48,6.3,6.48,6.28,-0.04,-1,448888,133,2854972
2009-04-15,6.3,6.31,6.4,6.3,0.01,1,129357,55,820226
2009-04-16,6.4,6.5,6.53,6.32,0.19,1,363250,153,2351415
2009-04-17,6.61,6.07,6.7,6.05,-0.43,-1,728000,248,4729010
2009-04-20,6.01,6.15,6.29,5.75,0.08,1,404331,149,2460923
2009-04-21,5.95,6.53,6.58,5.95,0.38,1,2121583,324,13712028
2009-04-22,6.71,6.61,6.83,6.5,0.08,1,1746154,257,11685553
2009-04-23,6.8,6.6,6.8,6.5,-0.01,-1,616475,141,4099374
2009-04-24,6.6,6.4,6.76,6.35,-0.2,-1,528515,155,3461701
2009-04-27,6.5,6.07,6.5,6.05,-0.33,-1,436252,126,2732049
2009-04-28,5.9,5.65,6.15,5.65,-0.42,-1,502483,141,2883147
2009-04-29,5.7,5.4,5.7,5.35,-0.25,-1,354302,110,1915380
2009-04-30,5.51,5.77,5.77,5.51,0.37,1,421904,115,2410887
2009-05-04,6.0,5.97,6.06,5.73,0.2,1,365121,116,2170575
2009-05-05,6.01,5.84,6.1,5.84,-0.13,-1,313586,106,1862381
2009-05-06,5.84,5.95,5.97,5.84,0.11,1,177837,78,1053651
2009-05-07,5.96,5.95,6.08,5.9,0.0,0,370093,108,2211598
2009-05-08,6.0,6.01,6.05,5.91,0.06,1,182997,68,1097332
2009-05-11,5.98,6.08,6.2,5.91,0.07,1,1314498,254,8022463
2009-05-12,6.08,5.9,6.18,5.85,-0.18,-1,363845,111,2171814
2009-05-13,5.91,6.19,6.31,5.88,0.29,1,2741614,314,16978806
2009-05-14,6.18,6.05,6.19,6.03,-0.14,-1,541351,135,3295096
2009-05-15,6.06,6.05,6.2,6.03,0.0,0,544611,188,3328007
2009-05-18,6.02,6.1,6.23,6.0,0.05,1,802637,137,4926064
2009-05-19,6.12,6.29,6.52,6.12,0.19,1,2354073,348,15065706
2009-05-20,6.14,6.17,6.24,6.12,-0.12,-1,566966,132,3489129
2009-05-21,6.17,6.11,6.2,6.07,-0.06,-1,356145,117,2185222
2009-05-22,6.11,6.15,6.22,6.07,0.04,1,367847,139,2261721
2009-05-25,6.2,6.4,6.4,6.08,0.25,1,839428,179,5271663
2009-05-26,6.35,6.3,6.47,6.18,-0.1,-1,2332037,266,14915809
2009-05-27,6.3,6.38,6.48,6.22,0.08,1,1278980,253,8130777
2009-06-01,6.45,6.35,6.52,6.19,-0.03,-1,1457823,192,9325228
2009-06-02,6.35,6.25,6.38,6.12,-0.1,-1,833682,262,5209761
2009-06-03,6.12,6.01,6.19,6.0,-0.24,-1,471031,124,2861161
2009-06-04,6.01,5.95,6.1,5.95,-0.06,-1,204500,73,1229783
2009-06-05,6.0,6.11,6.18,5.96,0.16,1,556163,131,3378391
2009-06-06,6.05,6.21,6.3,6.05,0.1,1,571836,163,3566853
2009-06-08,6.28,6.0,6.29,6.0,-0.21,-1,450293,121,2754745
2009-06-09,6.01,5.58,6.07,5.58,-0.42,-1,448167,135,2613335
2009-06-10,5.58,5.75,5.75,5.58,0.17,1,560106,102,3157826
2009-06-11,5.7,5.91,5.92,5.63,0.16,1,319692,96,1853490
2009-06-12,5.81,6.0,6.09,5.77,0.09,1,359001,125,2139745
2009-06-15,5.88,5.84,5.98,5.7,-0.16,-1,193485,62,1132066
2009-06-16,5.84,5.82,5.97,5.77,-0.02,-1,301000,51,1769400
2009-06-17,5.82,5.88,5.88,5.81,0.06,1,118936,31,692316
2009-06-18,5.8,5.83,5.94,5.8,-0.05,-1,282663,46,1661537
2009-06-19,5.84,5.85,5.94,5.64,0.02,1,256430,49,1490565
2009-06-22,5.85,5.85,5.95,5.8,0.0,0,202544,39,1186120
2009-06-23,5.84,5.78,5.93,5.77,-0.07,-1,291199,60,1699150
2009-06-24,5.73,5.8,5.97,5.73,0.02,1,349289,91,2043350
2009-06-25,5.8,5.83,5.96,5.78,0.03,1,778353,116,4592857
2009-06-26,5.83,5.81,5.87,5.8,-0.02,-1,127039,36,741893
2009-06-29,5.8,5.85,5.85,5.75,0.04,1,69427,26,402246
2009-06-30,5.87,5.81,5.88,5.8,-0.04,-1,84070,29,488901
2009-07-01,5.82,5.83,5.87,5.8,0.02,1,94861,45,552363
2009-07-02,5.83,5.88,5.91,5.83,0.05,1,225974,60,1324377
2009-07-03,5.91,5.92,6.04,5.84,0.04,1,281139,73,1676159
2009-07-06,5.98,5.93,6.06,5.93,0.01,1,226286,57,1353305
2009-07-07,5.93,6.0,6.06,5.93,0.07,1,332685,57,1997014
2009-07-08,5.98,5.99,6.0,5.95,-0.01,-1,161278,37,962025
2009-07-09,6.0,6.32,6.4,6.0,0.33,1,3446022,366,21769172
2009-07-10,6.32,6.28,6.36,6.2,-0.04,-1,232476,62,1458019
2009-07-13,6.3,6.05,6.3,6.05,-0.23,-1,230290,71,1409870
2009-07-14,6.05,6.06,6.13,6.04,0.01,1,99398,36,601954
2009-07-15,6.15,6.18,6.32,6.12,0.12,1,297293,82,1850365
2009-07-16,6.23,6.12,6.34,6.12,-0.06,-1,288996,84,1798335
2009-07-17,6.12,6.14,6.2,6.1,0.02,1,342887,86,2103057
2009-07-20,6.16,6.18,6.23,6.14,0.04,1,465253,91,2877907
2009-07-21,6.2,5.92,6.2,5.84,-0.26,-1,880613,246,5339453
2009-07-22,5.95,5.97,6.0,5.88,0.05,1,369256,161,2196685
2009-07-23,6.0,6.02,6.08,5.96,0.05,1,317959,82,1909588
2009-07-24,6.05,5.9,6.13,5.9,-0.12,-1,404789,142,2449759
2009-07-27,5.93,6.06,6.13,5.93,0.16,1,645134,151,3882273
2009-07-28,6.09,6.15,6.19,6.06,0.09,1,481612,147,2944393
2009-07-29,6.2,6.19,6.3,6.17,0.04,1,542425,146,3374952
2009-07-30,6.29,6.16,6.29,6.1,-0.03,-1,354691,84,2193233
2009-07-31,6.19,6.16,6.26,6.11,0.0,0,560409,125,3475922
2009-08-03,6.16,6.36,6.44,6.16,0.2,1,941701,229,5947286
2009-08-04,6.42,6.22,6.49,6.2,-0.14,-1,407200,114,2565864
2009-08-05,6.27,6.06,6.27,6.06,-0.16,-1,171063,68,1054608
2009-08-06,6.06,6.05,6.13,5.94,-0.01,-1,277293,76,1667570
2009-08-10,5.95,5.96,6.03,5.95,-0.09,-1,150316,49,896215
2009-08-11,5.96,5.99,6.0,5.93,0.03,1,154333,43,920084
2009-08-12,6.04,5.99,6.07,5.95,0.0,0,151552,53,909876
2009-08-13,6.01,6.05,6.1,6.01,0.06,1,217553,72,1317846
2009-08-14,6.1,6.12,6.15,6.05,0.07,1,257476,79,1567784
2009-08-17,6.12,6.05,6.12,6.02,-0.07,-1,250680,73,1523253
2009-08-18,6.05,5.92,6.05,5.91,-0.13,-1,262536,64,1568822
2009-08-19,5.93,5.9,6.0,5.9,-0.02,-1,164201,48,972109
2009-08-20,5.9,5.79,5.9,5.75,-0.11,-1,196781,65,1140260
2009-08-21,5.8,5.77,5.91,5.76,-0.02,-1,161137,67,941193
2009-08-24,5.81,5.84,5.9,5.8,0.07,1,165813,44,969601
2009-08-25,5.87,5.81,5.87,5.8,-0.03,-1,256437,55,1491581
2009-08-26,5.8,5.69,5.85,5.68,-0.12,-1,149389,51,857565
2009-08-27,5.69,5.75,5.77,5.69,0.06,1,76746,27,439151
2009-08-28,5.71,5.73,5.75,5.68,-0.02,-1,155874,40,891270
2009-08-31,5.71,5.75,5.76,5.69,0.02,1,85304,29,488064
2009-09-01,5.75,5.81,5.85,5.75,0.06,1,152724,54,888052
2009-09-02,5.79,5.91,5.98,5.78,0.1,1,185999,66,1097111
2009-09-03,5.91,5.95,5.97,5.9,0.04,1,138856,39,823447
2009-09-04,5.95,5.98,6.01,5.92,0.03,1,199035,54,1186292
2009-09-07,6.0,6.04,6.19,6.0,0.06,1,352635,139,2152397
2009-09-08,6.2,6.13,6.2,6.08,0.09,1,396667,119,2430464
2009-09-09,6.14,6.02,6.14,6.02,-0.11,-1,245214,66,1488524
2009-09-10,6.1,6.02,6.13,5.98,0.0,0,336297,103,2033609
2009-09-11,6.44,6.44,6.44,6.24,0.42,1,2532432,500,16290218
2009-09-14,6.89,6.89,6.89,6.89,0.45,1,1863503,392,12839529
2009-09-15,7.37,7.37,7.37,7.37,0.48,1,1113512,253,8206580
2009-09-16,7.88,7.88,7.88,7.88,0.51,1,777775,190,6128861
2009-09-17,8.43,8.43,8.43,8.43,0.55,1,1139822,271,9608685
2009-09-18,8.9,8.88,9.0,8.53,0.45,1,8495724,1808,74936245
2009-09-21,8.76,8.7,8.88,8.6,-0.18,-1,3139558,759,27445001
2009-09-22,8.8,9.3,9.3,8.7,0.6,1,3617958,884,32624038
2009-09-23,9.5,8.65,9.78,8.65,-0.65,-1,4893155,1182,45254855
2009-09-24,8.65,8.25,8.65,8.1,-0.4,-1,1686425,512,13891764
2009-09-25,8.01,8.37,8.6,8.01,0.12,1,1628420,498,13665342
2009-09-28,8.37,8.15,8.38,8.09,-0.22,-1,1316743,271,10788660
2009-09-29,8.2,7.9,8.29,7.79,-0.25,-1,1175984,310,9353573
2009-09-30,7.9,8.45,8.45,7.9,0.55,1,1244965,287,10397058
2009-10-01,8.88,8.52,8.89,8.5,0.07,1,2225703,608,19278188
2009-10-02,8.32,8.28,8.55,8.13,-0.24,-1,545994,187,4583676
2009-10-05,8.2,8.41,8.52,8.2,0.13,1,633986,211,5342481
2009-10-06,8.61,8.32,8.61,8.32,-0.09,-1,924108,252,7833510
2009-10-07,8.4,8.36,8.5,8.33,0.04,1,619901,206,5213961
2009-10-08,8.31,8.02,8.5,8.02,-0.34,-1,928063,262,7666434
2009-10-09,8.1,8.26,8.48,8.1,0.24,1,566352,232,4712711
2009-10-12,8.4,8.32,8.42,8.21,0.06,1,426741,172,3542175
2009-10-13,8.32,8.39,8.51,8.18,0.07,1,1092881,292,9158377
2009-10-14,8.55,8.5,8.59,8.42,0.11,1,583368,221,4960911
2009-10-15,8.55,8.31,8.55,8.31,-0.19,-1,535267,211,4481033
2009-10-16,8.33,8.4,8.5,8.33,0.09,1,535519,181,4493719
2009-10-19,8.22,8.35,8.47,8.22,-0.05,-1,1126574,243,9458241
2009-10-20,8.25,8.34,8.43,8.25,-0.01,-1,705249,213,5874981
2009-10-21,8.3,8.57,8.67,8.27,0.23,1,1169643,394,9926303
2009-10-22,8.6,8.67,9.0,8.58,0.1,1,1781452,551,15623777
2009-10-23,8.8,8.45,8.8,8.41,-0.22,-1,785830,266,6790038
2009-10-26,8.6,8.31,8.6,8.31,-0.14,-1,912022,216,7708020
2009-10-27,8.31,8.42,8.5,8.28,0.11,1,895871,190,7521617
2009-10-28,8.8,8.37,8.8,8.36,-0.05,-1,789421,193,6727885
2009-10-29,8.17,8.1,8.17,7.79,-0.27,-1,1005297,286,7933886
2009-10-30,8.1,8.01,8.35,7.91,-0.09,-1,1574220,285,12911161
2009-11-02,7.8,7.8,7.96,7.78,-0.21,-1,418231,129,3271259
2009-11-03,7.85,7.8,7.95,7.72,0.0,0,375476,114,2937827
2009-11-04,7.85,8.34,8.34,7.85,0.54,1,2034181,392,16740010
2009-11-05,8.48,8.4,8.6,8.3,0.06,1,1305735,358,11065156
2009-11-06,8.45,8.45,8.5,8.25,0.05,1,646457,184,5401027
2009-11-09,8.5,8.65,8.7,8.33,0.2,1,1879132,356,16170351
2009-11-10,8.8,8.5,8.8,8.48,-0.15,-1,640611,176,5530202
2009-11-11,8.49,8.28,8.5,8.28,-0.22,-1,809843,213,6768130
2009-11-12,8.28,8.33,8.4,8.25,0.05,1,362794,125,3023248
2009-11-13,8.44,8.33,8.44,8.29,0.0,0,270269,106,2260428
2009-11-16,8.33,8.35,8.4,8.32,0.02,1,580194,168,4838285
2009-11-17,8.4,8.69,8.84,8.3,0.34,1,3006226,701,25888707
2009-11-18,8.7,8.76,9.0,8.7,0.07,1,2277306,544,20166102
2009-11-19,8.77,8.88,9.18,8.77,0.12,1,2008330,520,18052571
2009-11-20,9.0,9.5,9.5,8.77,0.62,1,4496178,869,41714576
2009-11-23,9.99,10.15,10.15,9.91,0.65,1,1337088,304,13463355
2009-11-24,10.85,9.83,10.85,9.82,-0.32,-1,7175152,1742,75229318
2009-11-25,9.8,9.7,10.2,9.6,-0.13,-1,2020710,630,19899670
2009-11-26,9.7,9.3,9.9,9.26,-0.4,-1,1420272,472,13556096
2009-11-27,9.31,9.6,9.95,8.86,0.3,1,3398906,990,32271060
2009-11-30,9.9,10.25,10.25,9.7,0.65,1,1690456,452,17020325
2009-12-01,10.95,10.75,10.95,10.4,0.5,1,6407458,1664,69309666
2009-12-02,10.65,11.5,11.5,10.45,0.75,1,6183534,1286,68609235
2009-12-03,12.3,12.3,12.3,12.3,0.8,1,1585812,418,19505475
2009-12-04,13.15,13.15,13.15,13.15,0.85,1,626516,271,8238673
2009-12-07,14.05,14.05,14.05,14.0,0.9,1,19145983,3219,268982736
2009-12-08,14.25,14.45,14.75,13.5,0.4,1,18860670,4756,267741856
2009-12-09,14.25,14.15,14.65,13.85,-0.3,-1,8780777,2429,125268428
2009-12-10,13.7,14.15,15.1,13.7,0.0,0,11520951,3244,167121597
2009-12-11,14.2,14.05,14.6,13.9,-0.1,-1,6533445,1740,92652096
2009-12-14,13.8,13.6,14.3,13.55,-0.45,-1,5464405,1637,76348459
2009-12-15,13.6,13.6,14.05,13.6,0.0,0,3243582,1070,44679755
2009-12-16,13.6,13.6,14.05,13.5,0.0,0,4035814,1208,55730374
2009-12-17,13.9,13.35,14.05,13.25,-0.25,-1,6344002,1565,86932570
2009-12-18,13.05,12.85,13.5,12.5,-0.5,-1,3186697,1044,41220320
2009-12-21,12.85,12.5,13.0,12.5,-0.35,-1,2478071,755,31557124
2009-12-22,12.65,12.7,13.0,12.4,0.2,1,2948682,920,37656591
2009-12-23,13.0,13.15,13.5,12.95,0.45,1,3243317,973,42853359
2009-12-24,13.2,12.7,13.35,12.65,-0.45,-1,2319368,737,29977879
2009-12-25,12.7,12.7,13.0,12.4,0.0,0,2704791,823,34243601
2009-12-28,12.8,12.7,12.9,12.6,0.0,0,2119588,610,26973004
2009-12-29,12.85,12.9,13.2,12.6,0.2,1,2543958,787,32820505
2009-12-30,13.0,13.1,13.25,12.7,0.2,1,4045318,1084,52888592
2009-12-31,13.25,14.0,14.0,13.15,0.9,1,4454643,1019,61731402
2010-01-04,14.55,13.3,14.55,13.3,-0.7,-1,6796734,1653,94532979
2010-01-05,13.45,12.65,13.55,12.5,-0.65,-1,2766707,893,35792052
2010-01-06,12.65,12.65,12.85,12.45,0.0,0,2137857,695,27019393
2010-01-07,12.7,12.35,13.0,12.35,-0.3,-1,1798190,571,22756181
2010-01-08,12.35,12.5,12.85,11.9,0.15,1,3923270,975,48620492
2010-01-11,12.5,12.35,12.75,12.35,-0.15,-1,1087048,362,13589384
2010-01-12,12.4,12.2,12.7,12.1,-0.15,-1,1529509,494,19000580
2010-01-13,12.2,12.45,12.6,12.15,0.25,1,1051039,338,13042427
2010-01-14,12.7,12.55,12.7,12.4,0.1,1,1423020,479,17895437
2010-01-15,12.6,12.9,13.1,12.6,0.35,1,3207050,758,41465132
2010-01-18,12.65,12.7,13.05,12.65,-0.2,-1,1192218,358,15220902
2010-01-19,12.9,12.9,13.0,12.65,0.2,1,1415411,458,18123648
2010-01-20,13.0,13.8,13.8,12.9,0.9,1,4530550,1149,61871323
2010-01-21,13.85,12.9,13.85,12.85,-0.9,-1,5753785,1562,76305082
2010-01-22,12.2,12.3,12.9,12.2,-0.6,-1,1816210,556,22634229
2010-01-25,11.9,12.15,12.55,11.9,-0.15,-1,1760956,493,21592266
2010-01-26,12.15,11.3,12.4,11.3,-0.85,-1,2152498,564,25315224
2010-01-27,11.5,10.55,11.5,10.55,-0.75,-1,1816072,518,19937258
2010-01-28,10.8,11.0,11.2,10.6,0.45,1,1382173,406,15099441
2010-01-29,10.8,11.2,11.35,10.5,0.2,1,2383375,534,26498010
2010-02-01,11.5,10.9,11.5,10.75,-0.3,-1,854100,301,9368983
2010-02-02,10.9,10.35,11.2,10.3,-0.55,-1,1128820,342,12094778
2010-02-03,10.45,10.6,10.9,10.4,0.25,1,776828,302,8260825
2010-02-04,10.6,10.7,10.8,10.35,0.1,1,677073,263,7143221
2010-02-05,10.1,9.96,10.3,9.96,-0.74,-1,918013,306,9210149
2010-02-06,9.96,9.27,9.96,9.27,-0.69,-1,1287013,382,12087151
2010-02-08,9.27,9.15,9.47,9.0,-0.12,-1,1174390,358,10800273
2010-02-09,9.0,9.52,9.65,9.0,0.37,1,860012,297,8115244
2010-02-10,9.8,10.15,10.15,9.64,0.63,1,1470069,436,14648177
2010-02-22,10.3,10.0,10.35,9.92,-0.15,-1,1117990,296,11310737
2010-02-23,10.1,10.2,10.25,9.85,0.2,1,778304,243,7888689
2010-02-24,10.2,10.15,10.4,10.05,-0.05,-1,707180,226,7231317
2010-02-25,10.3,10.0,10.35,10.0,-0.15,-1,670547,233,6808912
2010-02-26,10.0,10.05,10.3,10.0,0.05,1,806392,210,8195170
2010-03-01,10.1,10.1,10.2,9.85,0.05,1,863948,262,8676860
2010-03-02,10.15,10.1,10.3,10.05,0.0,0,864186,239,8784910
2010-03-03,10.15,10.2,10.35,10.1,0.1,1,1200047,305,12254470
2010-03-04,10.25,10.1,10.3,9.93,-0.1,-1,929322,275,9440806
2010-03-05,10.2,10.8,10.8,10.15,0.7,1,2911274,805,31172598
2010-03-08,11.55,11.55,11.55,11.55,0.75,1,1704734,439,19689672
2010-03-09,12.35,11.85,12.35,11.7,0.3,1,6927285,1877,82994657
2010-03-10,11.85,11.9,12.4,11.6,0.05,1,4196840,1168,50631759
2010-03-11,12.0,11.7,12.1,11.7,-0.2,-1,1904994,581,22573877
2010-03-12,11.75,11.35,11.75,11.35,-0.35,-1,1501678,452,17314708
2010-03-15,11.5,11.1,11.5,11.1,-0.25,-1,1194403,387,13407083
2010-03-16,11.1,11.85,11.85,11.1,0.75,1,2951578,724,34742198
2010-03-17,12.0,11.9,12.2,11.65,0.05,1,3788081,1017,45105055
2010-03-18,12.0,11.9,12.3,11.9,0.0,0,2388433,765,28870604
2010-03-19,12.0,12.25,12.4,11.95,0.35,1,2680500,781,32750770
2010-03-22,12.3,12.2,12.7,12.05,-0.05,-1,2618677,758,32399822
2010-03-23,12.4,12.2,12.7,12.15,0.0,0,2690640,756,33489039
2010-03-24,12.4,12.0,12.45,11.9,-0.2,-1,1828005,517,22220504
2010-03-25,12.1,12.0,12.15,11.7,0.0,0,1648878,436,19672087
2010-03-26,12.0,11.85,12.2,11.85,-0.15,-1,1293183,376,15493956
2010-03-29,11.9,11.95,12.2,11.8,0.1,1,1490557,416,17881196
2010-03-30,11.95,11.95,12.4,11.9,0.0,0,1621480,484,19683008
2010-03-31,12.05,12.0,12.4,11.85,0.05,1,1999257,529,24244652
2010-04-01,12.0,12.05,12.4,11.9,0.05,1,2397366,666,29049592
2010-04-02,12.15,12.05,12.15,11.9,0.0,0,1535444,379,18407028
2010-04-06,12.05,12.05,12.3,11.95,0.0,0,1746388,483,21128779
2010-04-07,12.1,11.9,12.15,11.85,-0.15,-1,1912151,466,22811331
2010-04-08,11.95,11.7,11.95,11.65,-0.2,-1,1689031,460,19927005
2010-04-09,11.7,12.35,12.5,11.7,0.65,1,6860423,1457,84763400
2010-04-12,12.4,12.7,12.9,12.1,0.35,1,6029310,1551,75872716
2010-04-13,12.7,12.4,13.0,12.35,-0.3,-1,3085607,836,39123255
2010-04-14,12.5,12.4,12.55,12.2,0.0,0,1737379,475,21471027
2010-04-15,12.5,12.35,12.6,12.3,-0.05,-1,1629954,475,20226133
2010-04-16,12.35,12.4,12.6,12.35,0.05,1,1685918,500,21000482
2010-04-19,12.3,12.2,12.65,11.9,-0.2,-1,1981240,554,24397354
2010-04-20,12.2,12.25,12.65,12.05,0.05,1,2282295,686,28311282
2010-04-21,12.25,12.2,12.4,12.1,-0.05,-1,1575680,520,19266609
2010-04-22,12.25,12.8,12.8,12.0,0.6,1,6605259,1844,83108908
2010-04-23,13.0,13.65,13.65,13.0,0.85,1,16423823,3327,222422264
2010-04-26,13.75,13.0,13.75,13.0,-0.65,-1,6720277,1695,89774727
2010-04-27,13.0,13.05,13.35,12.9,0.05,1,3424288,986,44971571
2010-04-28,12.2,13.05,13.1,12.2,0.0,0,3355496,980,42482571
2010-04-29,13.15,12.85,13.5,12.8,-0.2,-1,2727306,833,36084314
2010-04-30,13.05,12.4,13.1,12.2,-0.45,-1,2901121,840,36529734
2010-05-03,12.1,12.0,12.5,12.0,-0.4,-1,1688308,507,20488996
2010-05-04,12.15,11.7,12.2,11.7,-0.3,-1,2286984,586,27195962
2010-05-05,11.25,10.95,11.45,10.9,-0.75,-1,1884564,581,20907294
2010-05-06,10.95,10.85,11.4,10.8,-0.1,-1,2233578,624,24935270
2010-05-07,10.15,10.6,11.0,10.1,-0.25,-1,2173283,618,22807999
2010-05-10,10.7,11.3,11.3,10.7,0.7,1,1810283,526,20002745
2010-05-11,11.5,11.3,11.95,11.3,0.0,0,3014324,724,35013158
2010-05-12,11.4,11.45,11.55,11.15,0.15,1,1316266,386,14869932
2010-05-13,11.6,11.6,11.95,11.55,0.15,1,2152438,640,25345007
2010-05-14,11.55,11.9,11.95,11.55,0.3,1,1633157,522,19361916
2010-05-17,11.75,11.7,12.1,11.6,-0.2,-1,1247401,403,14849371
2010-05-18,12.05,11.45,12.05,11.45,-0.25,-1,1703212,474,19820076
2010-05-19,11.45,11.65,11.9,11.35,0.2,1,1013548,383,11833806
2010-05-20,11.65,11.2,11.7,11.2,-0.45,-1,751786,241,8606331
2010-05-21,10.6,11.0,11.2,10.45,-0.2,-1,1816161,474,19650421
2010-05-24,10.8,11.0,11.45,10.8,0.0,0,816734,280,9084235
2010-05-25,10.65,10.35,10.95,10.3,-0.65,-1,852010,274,8975951
2010-05-26,10.4,10.55,10.75,10.2,0.2,1,1207589,332,12678634
2010-05-27,10.55,10.85,10.85,10.45,0.3,1,784568,249,8439133
2010-05-28,11.0,10.85,11.15,10.75,0.0,0,1322643,362,14386544
2010-05-31,10.9,10.95,11.15,10.8,0.1,1,1187482,300,13064378
2010-06-01,11.1,10.85,11.1,10.65,-0.1,-1,1325999,353,14468088
2010-06-02,10.85,10.8,11.2,10.7,-0.05,-1,1495902,405,16436951
2010-06-03,11.05,11.55,11.55,10.9,0.75,1,3751000,1001,42887045
2010-06-04,11.55,11.5,11.75,11.35,-0.05,-1,2651966,711,30613360
2010-06-07,10.9,11.15,11.4,10.9,-0.35,-1,1217559,444,13488054
2010-06-08,11.15,11.1,11.4,11.05,-0.05,-1,817217,264,9187287
2010-06-09,11.15,10.45,11.15,10.35,-0.65,-1,1603136,458,17310163
2010-06-10,10.65,10.7,10.7,10.25,0.25,1,1109667,326,11658969
2010-06-11,10.95,11.1,11.1,10.6,0.4,1,1829335,426,19835635
2010-06-14,11.4,11.4,11.6,11.2,0.3,1,2354820,647,26872629
2010-06-15,11.4,11.4,11.6,11.2,0.0,0,1354416,376,15454300
2010-06-17,11.45,11.25,11.5,11.25,-0.15,-1,1395648,362,15809154
2010-06-18,11.3,11.3,11.5,11.05,0.05,1,1949737,447,22084390
2010-06-21,11.5,11.5,11.7,11.4,0.2,1,1832948,430,21185003
2010-06-22,11.5,11.55,11.6,11.4,0.05,1,1133385,310,13052603
2010-06-23,11.55,11.65,11.95,11.45,0.1,1,3868719,896,45328972
2010-06-24,11.65,11.6,11.85,11.5,-0.05,-1,1209464,324,14074208
2010-06-25,11.4,11.4,11.8,11.35,-0.2,-1,1957199,464,22700217
2010-06-28,11.5,11.25,11.5,11.2,-0.15,-1,1352029,360,15260023
2010-06-29,11.4,11.1,11.4,11.1,-0.15,-1,1308999,364,14644188
2010-06-30,10.95,11.1,11.25,10.95,0.0,0,1760187,400,19572766
2010-07-01,11.3,11.0,11.35,11.0,-0.1,-1,1285429,339,14338947
2010-07-02,11.0,10.95,11.1,10.85,-0.05,-1,1794431,425,19692297
2010-07-05,11.0,11.0,11.2,10.85,0.05,1,1431511,347,15772567
2010-07-06,10.9,11.1,11.3,10.9,0.1,1,1252527,334,13955823
2010-07-07,11.2,11.05,11.25,11.0,-0.05,-1,1030599,294,11459565
2010-07-08,11.2,11.4,11.75,11.2,0.35,1,2664349,716,30616340
2010-07-09,11.5,11.45,11.7,11.2,0.05,1,1467835,395,16846815
2010-07-12,11.45,11.3,11.6,11.3,-0.15,-1,1916100,362,21920330
2010-07-13,11.5,11.2,11.5,11.2,-0.1,-1,1347331,334,15278087
2010-07-14,11.35,11.4,11.6,11.25,0.2,1,1643187,411,18841260
2010-07-15,11.5,11.4,11.55,11.35,0.0,0,1413376,284,16137793
2010-07-16,11.5,11.4,11.65,11.3,0.0,0,2688453,595,30966966
2010-07-19,11.4,11.2,11.4,11.05,-0.2,-1,1063882,262,11923031
2010-07-20,11.25,11.25,11.45,11.05,0.05,1,1889642,485,21257139
2010-07-21,11.25,12.0,12.0,11.25,0.75,1,12168660,1894,145523720
2010-07-22,12.05,11.7,12.25,11.7,-0.3,-1,4475590,1204,53691188
2010-07-23,11.8,11.7,11.95,11.55,0.0,0,2524689,620,29536590
2010-07-26,11.8,11.75,12.15,11.75,0.05,1,3208318,772,38373300
2010-07-27,11.8,11.7,12.0,11.65,-0.05,-1,1601766,431,18792822
2010-07-28,11.7,11.7,12.0,11.7,0.0,0,2299168,603,27190903
2010-07-29,11.7,11.7,11.95,11.7,0.0,0,1394222,388,16441733
2010-07-30,11.85,11.65,11.9,11.6,-0.05,-1,1803006,430,21152517
2010-08-02,11.8,11.9,12.05,11.75,0.25,1,1657977,413,19717025
2010-08-03,12.0,11.8,12.2,11.75,-0.1,-1,2208142,528,26401563
2010-08-04,11.95,11.7,11.95,11.6,-0.1,-1,1369950,352,16040663
2010-08-05,11.8,11.7,11.9,11.5,0.0,0,2054549,507,24077314
2010-08-06,11.85,11.7,11.85,11.6,0.0,0,855869,280,10001367
2010-08-09,11.7,11.7,12.0,11.7,0.0,0,2660454,598,31620383
2010-08-10,11.7,11.7,11.8,11.55,0.0,0,1993864,454,23242662
2010-08-11,11.8,11.65,11.85,11.65,-0.05,-1,1370500,352,16077645
2010-08-12,11.6,11.85,12.15,11.6,0.2,1,4941729,1048,58800200
2010-08-13,11.85,11.9,12.15,11.8,0.05,1,3545639,771,42580817
2010-08-16,12.0,12.05,12.4,11.9,0.15,1,3052696,856,37189556
2010-08-17,12.2,11.75,12.2,11.75,-0.3,-1,1539203,467,18344331
2010-08-18,11.75,11.65,11.9,11.6,-0.1,-1,1814318,468,21209737
2010-08-19,11.7,11.95,12.0,11.7,0.3,1,2519597,524,29921121
2010-08-20,12.0,12.0,12.2,11.75,0.05,1,4944427,950,59610479
2010-08-23,12.0,11.95,12.3,11.85,-0.05,-1,1982999,469,23911487
2010-08-24,11.95,11.65,11.95,11.65,-0.3,-1,1743998,469,20506773
2010-08-25,11.6,11.15,11.9,11.0,-0.5,-1,3284102,805,37755634
2010-08-26,11.25,10.9,11.25,10.65,-0.25,-1,1659000,498,18129750
2010-08-27,10.9,10.85,11.2,10.8,-0.05,-1,1179180,318,12966643
2010-08-30,10.9,10.65,11.0,10.65,-0.2,-1,1279024,338,13778001
2010-08-31,10.5,10.0,10.85,9.91,-0.65,-1,2139112,597,22021140
2010-09-01,10.1,10.35,10.45,10.1,0.35,1,1465090,316,15110477
2010-09-02,10.45,10.3,10.55,10.25,-0.05,-1,840653,248,8762892
2010-09-03,10.3,10.5,10.65,10.3,0.2,1,1569190,312,16500223
2010-09-06,10.6,10.5,10.65,10.35,0.0,0,707649,217,7399430
2010-09-07,10.5,10.6,10.75,10.4,0.1,1,1126061,293,11977791
2010-09-08,10.6,10.45,10.7,10.4,-0.15,-1,532777,171,5597479
2010-09-09,10.6,10.65,10.7,10.4,0.2,1,679873,222,7164052
2010-09-10,10.65,10.65,10.85,10.5,0.0,0,1625025,388,17426112
2010-09-13,10.85,11.1,11.3,10.8,0.45,1,3382383,764,37474213
2010-09-14,11.05,11.0,11.3,10.95,-0.1,-1,821011,246,9083016
2010-09-15,11.0,10.95,11.2,10.85,-0.05,-1,1367052,263,15041516
2010-09-16,11.0,10.95,11.05,10.8,0.0,0,1018499,221,11088937
2010-09-17,11.0,11.15,11.3,10.85,0.2,1,1833576,386,20341388
2010-09-20,11.3,11.3,11.6,11.1,0.15,1,2163049,627,24730549
2010-09-21,11.5,11.25,11.5,11.15,-0.05,-1,649495,227,7330693
2010-09-23,11.25,11.45,11.6,11.25,0.2,1,1164072,300,13349418
2010-09-24,11.6,11.5,11.6,11.25,0.05,1,1503211,309,17223552
2010-09-27,11.55,11.4,11.65,11.35,-0.1,-1,896488,227,10290109
2010-09-28,11.3,11.35,11.45,11.2,-0.05,-1,873322,217,9880986
2010-09-29,11.45,12.1,12.1,11.25,0.75,1,6379062,1551,75361890
2010-09-30,12.3,12.3,12.7,11.95,0.2,1,8439282,2106,104182086
2010-10-01,12.55,12.3,12.55,12.15,0.0,0,2538963,759,31204844
2010-10-04,12.6,13.15,13.15,12.6,0.85,1,12001133,3140,155947777
2010-10-05,13.2,13.15,13.4,12.85,0.0,0,5553551,1579,73004514
2010-10-06,13.3,12.7,13.3,12.7,-0.45,-1,4691679,1241,60633734
2010-10-07,12.85,12.3,12.85,12.3,-0.4,-1,2724702,801,34213546
2010-10-08,12.45,12.5,12.85,12.35,0.2,1,2458949,734,31009511
2010-10-11,12.75,12.55,12.95,12.55,0.05,1,2252343,602,28743416
2010-10-12,12.7,12.3,12.75,12.25,-0.25,-1,3373099,674,42239316
2010-10-13,12.35,12.35,12.7,12.2,0.05,1,2157149,578,26799179
2010-10-14,12.65,12.4,12.65,12.25,0.05,1,1745485,484,21589486
2010-10-15,12.4,12.8,12.95,12.3,0.4,1,4647196,1227,59116032
2010-10-18,12.95,12.4,13.0,12.3,-0.4,-1,2281243,573,28716698
2010-10-19,12.55,12.6,12.7,12.4,0.2,1,1496981,408,18840660
2010-10-20,12.5,12.65,12.9,12.4,0.05,1,2750997,713,35071509
2010-10-21,12.75,12.55,12.9,12.55,-0.1,-1,1898679,465,24125437
2010-10-22,12.65,12.6,12.8,12.5,0.05,1,1332487,373,16839705
2010-10-25,12.7,12.65,12.85,12.55,0.05,1,1807122,424,22899984
2010-10-26,12.75,12.5,12.75,12.5,-0.15,-1,1530935,370,19236487
2010-10-27,12.55,12.15,12.6,12.15,-0.35,-1,1933952,541,23865264
2010-10-28,12.25,11.9,12.3,11.9,-0.25,-1,1912316,498,22969992
2010-10-29,12.0,12.1,12.2,11.9,0.2,1,1608265,379,19457230
2010-11-01,12.15,11.9,12.2,11.9,-0.2,-1,955562,261,11486799
2010-11-02,11.7,11.1,12.0,11.1,-0.8,-1,3018083,675,34999568
2010-11-03,11.0,10.45,11.1,10.35,-0.65,-1,4038550,1038,42141940
2010-11-04,10.05,10.2,10.3,10.05,-0.25,-1,1211420,386,12327381
2010-11-05,10.3,10.3,10.7,10.3,0.1,1,1453229,404,15231795
2010-11-08,10.5,10.15,10.6,10.15,-0.15,-1,904648,294,9398642
2010-11-09,10.05,10.4,10.45,10.05,0.25,1,965124,255,9982831
2010-11-10,10.2,10.4,10.6,10.2,0.0,0,885750,240,9238768
2010-11-11,10.5,10.35,10.5,10.35,-0.05,-1,765794,189,7949627
2010-11-12,10.25,10.4,10.5,10.25,0.05,1,692130,201,7189652
2010-11-15,10.4,10.35,10.5,10.25,-0.05,-1,609681,176,6322262
2010-11-16,10.4,10.35,10.55,10.2,0.0,0,861926,223,8987084
2010-11-17,10.25,10.35,10.4,10.25,0.0,0,282309,119,2915695
2010-11-18,10.35,10.5,10.55,10.3,0.15,1,806633,214,8438879
2010-11-19,10.5,10.5,10.55,10.4,0.0,0,292306,113,3055793
2010-11-22,10.5,10.4,10.7,10.35,-0.1,-1,1354163,255,14265376
2010-11-23,10.4,10.3,10.5,10.3,-0.1,-1,320417,147,3328800
2010-11-24,10.2,10.15,10.45,10.15,-0.15,-1,541304,164,5561066
2010-11-25,10.25,10.0,10.35,9.9,-0.15,-1,1000798,342,10083753
2010-11-26,10.15,10.15,10.25,10.0,0.15,1,777491,221,7892782
2010-11-29,10.25,10.3,10.5,10.25,0.15,1,1045252,240,10844367
2010-11-30,10.3,10.25,10.4,10.2,-0.05,-1,362436,147,3723494
2010-12-01,10.3,10.45,10.45,10.25,0.2,1,1015241,250,10528989
2010-12-02,10.5,10.5,10.8,10.45,0.05,1,1514516,360,16104512
2010-12-03,10.6,10.35,10.6,10.3,-0.15,-1,476519,179,4971993
2010-12-06,10.4,10.45,10.55,10.3,0.1,1,1022498,208,10684848
2010-12-07,10.55,10.55,10.6,10.3,0.1,1,1317227,246,13785383
2010-12-08,10.55,10.6,10.75,10.4,0.05,1,1493141,412,15819576
2010-12-09,10.7,10.6,10.8,10.55,0.0,0,1096812,330,11737611
2010-12-10,10.75,10.65,10.8,10.55,0.05,1,1270868,372,13599197
2010-12-13,10.6,10.5,10.85,10.5,-0.15,-1,1970104,401,21036431
2010-12-14,10.55,10.4,10.6,10.4,-0.1,-1,1177988,301,12322974
2010-12-15,10.45,10.2,10.5,10.2,-0.2,-1,577671,199,5940560
2010-12-16,10.05,10.25,10.3,10.05,0.05,1,395600,174,4040584
2010-12-17,10.25,10.2,10.45,10.2,-0.05,-1,1052029,299,10835736
2010-12-20,10.25,10.2,10.35,10.2,0.0,0,304953,134,3126622
2010-12-21,10.2,10.45,10.5,10.2,0.25,1,994458,310,10326330
2010-12-22,10.55,10.6,10.75,10.5,0.15,1,1089759,346,11578467
2010-12-23,10.75,10.5,10.75,10.5,-0.1,-1,695696,243,7361217
2010-12-24,10.5,10.8,10.9,10.5,0.3,1,2722814,600,29382406
2010-12-27,10.8,10.75,11.0,10.65,-0.05,-1,967031,281,10473580
2010-12-28,10.75,10.7,11.0,10.65,-0.05,-1,670999,190,7273938
2010-12-29,10.7,10.6,10.95,10.6,-0.1,-1,776207,247,8370607
2010-12-30,10.7,10.6,10.75,10.5,0.0,0,694038,186,7380546
2010-12-31,10.65,10.5,10.75,10.45,-0.1,-1,527427,199,5562559
2011-01-03,10.55,10.45,10.55,10.4,-0.05,-1,620794,144,6508053
2011-01-04,10.45,10.55,10.7,10.45,0.1,1,777618,222,8230617
2011-01-05,10.65,10.35,10.65,10.35,-0.2,-1,470124,169,4915574
2011-01-06,10.4,10.4,10.6,10.35,0.05,1,639019,204,6704593
2011-01-07,10.5,10.2,10.5,10.15,-0.2,-1,419018,153,4302280
2011-01-10,10.05,10.15,10.3,10.05,-0.05,-1,363391,142,3694794
2011-01-11,10.25,10.2,10.4,10.15,0.05,1,587476,194,6008527
2011-01-12,10.25,10.2,10.4,10.2,0.0,0,589100,167,6063504
2011-01-13,10.25,10.2,10.35,10.15,0.0,0,370458,129,3796293
2011-01-14,10.25,10.6,10.7,10.15,0.4,1,2326830,475,24353360
2011-01-17,10.8,10.5,10.85,10.4,-0.1,-1,1526602,308,16238688
2011-01-18,10.5,10.4,10.65,10.35,-0.1,-1,769506,163,8072510
2011-01-19,10.5,10.5,10.65,10.4,0.1,1,808576,209,8498785
2011-01-20,10.5,10.35,10.5,10.25,-0.15,-1,649017,194,6707071
2011-01-21,10.35,10.15,10.5,10.15,-0.2,-1,1061535,250,10911393
2011-01-24,10.25,10.15,10.25,10.15,0.0,0,230205,108,2347813
2011-01-25,10.2,10.25,10.5,10.2,0.1,1,1581220,321,16426528
2011-01-26,10.25,10.35,10.45,10.2,0.1,1,542495,161,5600793
2011-01-27,10.35,10.25,10.35,10.2,-0.1,-1,202997,95,2082616
2011-01-28,10.3,10.3,10.55,10.2,0.05,1,985514,268,10259788
2011-02-08,10.35,10.2,10.5,10.2,-0.1,-1,583893,148,6027656
2011-02-09,10.35,10.15,10.35,10.1,-0.05,-1,266645,112,2718213
2011-02-10,10.15,10.1,10.25,10.1,-0.05,-1,233646,79,2375092
2011-02-11,10.15,9.8,10.25,9.7,-0.3,-1,1170360,266,11784707
2011-02-14,9.8,9.83,10.0,9.8,0.03,1,591276,142,5840561
2011-02-15,9.83,9.99,9.99,9.73,0.16,1,633073,199,6297985
2011-02-16,9.99,9.97,10.1,9.91,-0.02,-1,342570,128,3430928
2011-02-17,10.05,10.2,10.5,9.94,0.23,1,1155101,327,11900767
2011-02-18,10.2,10.3,10.4,10.15,0.1,1,629290,179,6487934
2011-02-21,10.3,10.2,10.4,10.1,-0.1,-1,528231,143,5412631
2011-02-22,10.1,10.05,10.3,10.0,-0.15,-1,1155345,235,11748750
2011-02-23,10.05,9.91,10.2,9.91,-0.14,-1,369340,108,3706965
2011-02-24,10.0,9.99,10.0,9.92,0.08,1,174569,86,1738360
2011-02-25,10.0,9.95,10.1,9.85,-0.04,-1,509779,157,5080999
2011-03-01,10.05,10.1,10.25,10.0,0.15,1,1106212,229,11208470
2011-03-02,10.2,10.1,10.2,10.0,0.0,0,302600,102,3056950
2011-03-03,10.1,10.35,10.45,10.1,0.25,1,2557345,444,26520951
2011-03-04,10.45,10.2,10.45,10.2,-0.15,-1,827423,184,8536489
2011-03-07,10.3,10.25,10.3,10.2,0.05,1,276399,71,2821318
2011-03-08,10.25,10.25,10.4,10.2,0.0,0,545395,117,5630429
2011-03-09,10.25,10.2,10.5,10.2,-0.05,-1,996503,221,10283651
2011-03-10,10.25,10.05,10.35,10.0,-0.15,-1,238718,103,2416630
2011-03-11,10.1,10.05,10.2,9.95,0.0,0,881245,184,8878641
2011-03-14,10.2,9.72,10.2,9.63,-0.33,-1,887125,222,8664789
2011-03-15,9.72,9.1,9.75,9.04,-0.62,-1,680000,214,6289650
2011-03-16,9.1,9.03,9.11,8.8,-0.07,-1,477032,191,4282416
2011-03-17,8.9,8.9,9.03,8.4,-0.13,-1,2039158,474,17538652
2011-03-18,8.85,8.85,8.99,8.76,-0.05,-1,1302793,280,11584325
2011-03-21,8.85,8.92,9.09,8.81,0.07,1,751541,172,6745344
2011-03-22,8.99,9.15,9.4,8.93,0.23,1,4060000,603,37569690
2011-03-23,9.15,9.1,9.16,9.08,-0.05,-1,414110,133,3778991
2011-03-24,9.2,9.2,9.23,9.12,0.1,1,219079,95,2009932
2011-03-25,9.2,9.24,9.39,9.2,0.04,1,474814,143,4409376
2011-03-28,9.24,8.99,9.3,8.8,-0.25,-1,372322,140,3362441
2011-03-29,8.9,9.02,9.16,8.88,0.03,1,289242,107,2620520
2011-03-30,9.02,8.99,9.09,8.98,-0.03,-1,181585,85,1635443
2011-03-31,8.99,9.01,9.09,8.99,0.02,1,163405,73,1471795
2011-04-01,9.0,9.01,9.15,8.86,0.0,0,402267,96,3637058
2011-04-06,9.01,9.08,9.12,8.98,0.07,1,331157,128,2996355
2011-04-07,9.08,9.12,9.12,9.05,0.04,1,148257,62,1347237
2011-04-08,9.12,9.15,9.24,9.12,0.03,1,337636,114,3095602
2011-04-11,9.15,9.1,9.17,9.06,-0.05,-1,186646,66,1698452
2011-04-12,9.1,9.01,9.12,9.01,-0.09,-1,266460,73,2418694
2011-04-13,9.01,9.03,9.11,9.01,0.02,1,174363,73,1574247
2011-04-14,9.1,9.07,9.1,9.03,0.04,1,158488,60,1435722
2011-04-15,9.11,9.06,9.11,9.03,-0.01,-1,160855,73,1458085
2011-04-18,9.08,9.0,9.08,8.89,-0.06,-1,96215,44,866396
2011-04-19,9.0,9.0,9.0,8.76,0.0,0,302764,89,2684654
2011-04-20,9.0,8.91,9.0,8.88,-0.09,-1,130300,63,1160762
2011-04-21,8.99,9.14,9.32,8.99,0.23,1,1126066,300,10369837
2011-04-22,9.18,9.17,9.22,9.12,0.03,1,326613,111,2991784
2011-04-25,9.25,9.18,9.3,9.12,0.01,1,589234,139,5440692
2011-04-26,9.15,9.13,9.18,9.1,-0.05,-1,142731,53,1303651
2011-04-27,9.15,9.27,9.3,9.13,0.14,1,291090,101,2682506
2011-04-28,9.27,9.15,9.28,9.15,-0.12,-1,160248,66,1468783
2011-04-29,9.16,9.09,9.34,9.09,-0.06,-1,338529,109,3118856
2011-05-03,9.1,9.0,9.1,8.73,-0.09,-1,350984,93,3154765
2011-05-04,8.88,9.01,9.16,8.88,0.01,1,172300,73,1550173
2011-05-05,9.0,9.07,9.1,8.93,0.06,1,232027,75,2082801
2011-05-06,8.94,9.05,9.26,8.94,-0.02,-1,230297,74,2096573
2011-05-09,9.1,9.0,9.1,8.87,-0.05,-1,154114,66,1389066
2011-05-10,9.0,8.97,9.17,8.91,-0.03,-1,374186,139,3389518
2011-05-11,8.97,8.97,9.01,8.93,0.0,0,229905,80,2062661
2011-05-12,8.97,8.93,9.04,8.93,-0.04,-1,87999,37,788800
2011-05-13,9.0,9.08,9.15,8.93,0.15,1,286108,75,2599142
2011-05-16,9.08,9.07,9.28,9.07,-0.01,-1,299080,75,2748494
2011-05-17,9.08,9.07,9.08,8.91,0.0,0,99729,34,899012
2011-05-18,9.01,9.06,9.09,8.96,-0.01,-1,91155,46,822535
2011-05-19,9.17,9.01,9.17,9.0,-0.05,-1,322404,106,2925931
2011-05-20,9.12,9.0,9.12,8.9,-0.01,-1,113930,50,1023823
2011-05-23,9.0,8.98,9.17,8.92,-0.02,-1,174999,50,1584939
2011-05-24,8.92,8.96,9.12,8.92,-0.02,-1,276923,86,2501482
2011-05-25,9.08,9.0,9.12,8.95,0.04,1,167630,58,1514221
2011-05-26,9.2,8.96,9.2,8.96,-0.04,-1,444110,116,4038200
2011-05-27,9.0,9.0,9.05,8.98,0.04,1,69554,39,626283
2011-05-30,9.04,9.07,9.17,9.01,0.07,1,723560,141,6587383
2011-05-31,9.07,9.07,9.19,9.03,0.0,0,625667,165,5696930
2011-06-01,9.18,9.08,9.18,9.05,0.01,1,153705,62,1396875
2011-06-02,9.08,9.09,9.09,8.96,0.01,1,152776,64,1377475
2011-06-03,9.09,9.16,9.25,8.99,0.07,1,667323,153,6093918
2011-06-07,9.22,9.09,9.22,9.09,-0.07,-1,265352,91,2429044
2011-06-08,9.15,9.2,9.49,9.13,0.11,1,946269,251,8772434
2011-06-09,9.22,9.08,9.28,9.07,-0.12,-1,330820,92,3026860
2011-06-10,9.14,9.19,9.21,9.0,0.11,1,576725,153,5245616
2011-06-13,9.18,9.17,9.3,9.05,-0.02,-1,583275,155,5373126
2011-06-14,9.28,9.14,9.28,9.12,-0.03,-1,285166,92,2622400
2011-06-15,9.14,9.27,9.3,9.07,0.13,1,802240,171,7393760
2011-06-16,9.18,9.21,9.35,9.12,-0.06,-1,364928,110,3366142
2011-06-17,9.23,9.21,9.23,9.12,0.0,0,352202,88,3236526
2011-06-20,9.23,9.17,9.39,8.9,-0.04,-1,979783,207,9041457
2011-06-21,9.15,9.06,9.2,8.93,-0.11,-1,396405,100,3588365
2011-06-22,9.17,9.05,9.17,9.01,-0.01,-1,161084,67,1458526
2011-06-23,9.12,9.0,9.12,8.92,-0.05,-1,155858,62,1402133
2011-06-24,9.09,9.05,9.21,9.0,0.05,1,332298,113,3041112
2011-06-27,9.05,9.02,9.17,8.98,-0.03,-1,435913,103,3960848
2011-06-28,9.09,9.01,9.09,9.0,-0.01,-1,83009,42,748337
2011-06-29,9.02,9.07,9.07,9.01,0.06,1,144131,44,1302509
2011-06-30,9.05,9.12,9.25,9.05,0.05,1,766767,135,7006104
2011-07-01,9.12,9.11,9.25,9.1,-0.01,-1,339151,81,3111704
2011-07-04,9.2,9.11,9.2,9.09,0.0,0,147532,52,1344375
2011-07-05,9.2,9.06,9.2,9.02,-0.05,-1,344072,73,3137279
2011-07-06,9.02,9.05,9.18,9.02,-0.01,-1,138092,54,1255608
2011-07-07,9.02,9.06,9.12,9.02,0.01,1,46935,20,425235
2011-07-08,9.12,9.19,9.29,9.07,0.13,1,807009,186,7435479
2011-07-11,9.12,9.15,9.22,9.04,-0.04,-1,417292,84,3812976
2011-07-12,9.14,8.99,9.14,8.83,-0.16,-1,490999,96,4396849
2011-07-13,8.86,8.88,9.02,8.73,-0.11,-1,717068,117,6405839
2011-07-14,8.89,8.68,8.9,8.65,-0.2,-1,254869,83,2236352
2011-07-15,8.69,8.77,8.95,8.65,0.09,1,266171,58,2350841
2011-07-18,8.74,8.71,8.9,8.71,-0.06,-1,292607,63,2569681
2011-07-19,8.71,8.73,8.75,8.65,0.02,1,216279,40,1876036
2011-07-20,8.75,8.8,8.81,8.7,0.07,1,196193,96,1715870
2011-07-21,8.8,8.78,8.82,8.67,-0.02,-1,112034,43,980864
2011-07-22,8.82,8.9,8.9,8.7,0.12,1,696323,183,6143443
2011-07-25,8.85,8.74,8.9,8.73,-0.16,-1,110475,47,968632
2011-07-26,8.8,8.8,8.81,8.72,0.06,1,116221,46,1018632
2011-07-27,8.73,8.76,8.79,8.68,-0.04,-1,133089,61,1160231
2011-07-28,8.65,8.66,8.85,8.52,-0.1,-1,461244,129,4033351
2011-07-29,8.66,8.66,8.71,8.54,0.0,0,352036,91,3034858
2011-08-01,8.69,8.86,8.86,8.57,0.2,1,472347,146,4122815
2011-08-02,8.9,9.48,9.48,8.86,0.62,1,5281004,701,48488481
2011-08-03,9.5,10.1,10.1,9.5,0.62,1,4566802,872,45481523
2011-08-04,10.8,10.4,10.8,10.3,0.3,1,10166407,2724,108519931
2011-08-05,9.75,10.1,10.4,9.75,-0.3,-1,3620151,1000,36210770
2011-08-08,10.0,9.4,10.1,9.4,-0.7,-1,1817000,535,17474080
2011-08-09,8.75,9.1,9.4,8.75,-0.3,-1,2182291,504,19570329
2011-08-10,9.3,9.1,9.72,8.95,0.0,0,2155450,593,20147606
2011-08-11,8.48,8.47,8.8,8.47,-0.63,-1,1786322,520,15263717
2011-08-12,8.79,8.45,9.0,8.34,-0.02,-1,1507395,476,13010309
2011-08-15,8.55,8.52,8.74,8.5,0.07,1,737435,253,6348357
2011-08-16,8.55,8.6,8.8,8.5,0.08,1,1117753,369,9678617
2011-08-17,8.63,8.51,8.8,8.5,-0.09,-1,748000,238,6456200
2011-08-18,8.51,8.15,8.51,8.1,-0.36,-1,898421,284,7474379
2011-08-19,7.6,7.78,7.82,7.58,-0.37,-1,951292,257,7237427
2011-08-22,7.71,7.24,7.93,7.24,-0.54,-1,1065222,295,7882025
2011-08-23,7.23,7.29,7.5,7.03,0.05,1,1034503,322,7538249
2011-08-24,7.35,7.37,7.49,7.28,0.08,1,671654,206,4963700
2011-08-25,7.45,7.2,7.45,7.2,-0.17,-1,615670,202,4500266
2011-08-26,7.21,7.23,7.25,7.03,0.03,1,304008,134,2176437
2011-08-29,7.33,7.29,7.44,7.23,0.06,1,421683,137,3102805
2011-08-30,7.3,7.37,7.38,7.28,0.08,1,278573,96,2040339
2011-08-31,7.48,7.4,7.48,7.28,0.03,1,392072,153,2888869
2011-09-01,7.41,7.35,7.5,7.34,-0.05,-1,394100,132,2932051
2011-09-02,7.3,7.32,7.39,7.25,-0.03,-1,498643,96,3646405
2011-09-05,7.15,7.15,7.32,7.08,-0.17,-1,264322,105,1905978
2011-09-06,7.15,7.08,7.27,7.0,-0.07,-1,680107,181,4847233
2011-09-07,7.1,7.19,7.19,7.08,0.11,1,246322,74,1752735
2011-09-08,7.2,7.2,7.22,7.08,0.01,1,233646,91,1671656
2011-09-09,7.12,7.36,7.37,7.1,0.16,1,633188,182,4601832
2011-09-13,7.34,7.4,7.59,7.34,0.04,1,449478,140,3363749
2011-09-14,7.58,7.34,7.58,7.11,-0.06,-1,255968,95,1885025
2011-09-15,7.49,7.49,7.55,7.3,0.15,1,511202,132,3813202
2011-09-16,7.47,7.52,7.59,7.39,0.03,1,692999,172,5185610
2011-09-19,7.5,7.5,7.53,7.33,-0.02,-1,460750,117,3431775
2011-09-20,7.49,7.45,7.58,7.35,-0.05,-1,660300,147,4931900
2011-09-21,7.42,7.5,7.5,7.37,0.05,1,189322,57,1407732
2011-09-22,7.43,7.37,7.48,7.3,-0.13,-1,333061,97,2449116
2011-09-23,7.23,7.2,7.37,7.02,-0.17,-1,445322,136,3214346
2011-09-26,7.19,6.98,7.19,6.9,-0.22,-1,256903,92,1800419
2011-09-27,6.66,7.02,7.15,6.66,0.04,1,557449,144,3891123
2011-09-28,7.03,6.95,7.03,6.85,-0.07,-1,215968,77,1491858
2011-09-29,6.85,7.1,7.15,6.85,0.15,1,259364,92,1824710
2011-09-30,7.09,7.1,7.3,7.04,0.0,0,383000,112,2738720
2011-10-03,6.99,7.1,7.1,6.86,0.0,0,104004,40,726387
2011-10-04,7.04,7.0,7.1,6.85,-0.1,-1,724505,158,5057065
2011-10-05,6.92,6.93,6.95,6.85,-0.07,-1,182291,67,1257117
2011-10-06,6.95,7.0,7.13,6.93,0.07,1,486309,142,3424113
2011-10-07,7.01,7.03,7.08,6.9,0.03,1,508090,142,3543430
2011-10-11,7.03,7.4,7.52,6.92,0.37,1,7816100,874,57596679
2011-10-12,7.32,7.35,7.4,7.11,-0.05,-1,1047754,303,7611983
2011-10-13,7.36,7.3,7.45,7.21,-0.05,-1,525214,180,3844453
2011-10-14,7.3,7.17,7.3,7.16,-0.13,-1,475214,143,3420095
2011-10-17,7.19,7.18,7.25,7.05,0.01,1,719425,226,5132713
2011-10-18,7.1,7.17,7.18,7.0,-0.01,-1,857460,228,6059041
2011-10-19,7.17,7.14,7.37,7.1,-0.03,-1,719362,210,5209218
2011-10-20,7.14,7.09,7.14,7.07,-0.05,-1,89000,30,632260
2011-10-21,7.05,7.2,7.21,7.05,0.11,1,339000,98,2429890
2011-10-24,7.25,7.23,7.33,7.2,0.03,1,231094,82,1672205
2011-10-25,7.29,7.28,7.38,7.2,0.05,1,659989,161,4832358
2011-10-26,7.25,7.22,7.25,7.16,-0.06,-1,202068,87,1450795
2011-10-27,7.18,7.2,7.27,7.14,-0.02,-1,626409,184,4515423
2011-10-28,7.3,7.16,7.31,7.16,-0.04,-1,412739,132,2988524
2011-10-31,7.16,7.2,7.35,7.1,0.04,1,772802,216,5577774
2011-11-01,7.14,7.2,7.38,7.14,0.0,0,418077,139,3036800
2011-11-02,7.16,7.25,7.3,7.09,0.05,1,841221,244,6037658
2011-11-03,7.25,7.11,7.25,7.11,-0.14,-1,325465,121,2327550
2011-11-04,7.14,7.6,7.6,7.14,0.49,1,2234997,381,16800794
2011-11-07,8.13,7.89,8.13,7.88,0.29,1,3422255,779,27459534
2011-11-08,7.9,7.89,8.05,7.71,0.0,0,1668504,400,13247640
2011-11-09,7.89,7.8,8.03,7.77,-0.09,-1,713899,174,5643566
2011-11-10,7.66,7.65,7.8,7.52,-0.15,-1,794000,204,6090150
2011-11-11,7.75,7.66,7.9,7.56,0.01,1,537100,166,4154039
2011-11-14,7.8,7.72,7.89,7.66,0.06,1,597000,194,4633810
2011-11-15,7.69,7.73,7.85,7.69,0.01,1,369817,101,2872120
2011-11-16,7.78,7.66,7.8,7.63,-0.07,-1,406445,124,3131539
2011-11-17,7.58,7.64,7.68,7.51,-0.02,-1,505999,162,3843922
2011-11-18,7.57,7.62,7.64,7.49,-0.02,-1,420230,112,3175008
2011-11-21,7.61,7.4,7.69,7.4,-0.22,-1,293000,93,2218270
2011-11-22,7.4,7.4,7.4,7.11,0.0,0,559000,155,4035320
2011-11-23,7.2,7.07,7.4,6.89,-0.33,-1,598892,176,4246874
2011-11-24,6.9,7.07,7.07,6.75,0.0,0,708803,238,4904161
2011-11-25,6.92,6.73,6.92,6.66,-0.34,-1,450080,150,3064318
2011-11-28,6.75,6.74,6.79,6.72,0.01,1,249000,91,1677920
2011-11-29,6.8,6.8,6.86,6.7,0.06,1,566501,189,3845240
2011-11-30,6.8,6.9,6.94,6.71,0.1,1,794355,250,5446470
2011-12-01,7.05,7.01,7.1,6.88,0.11,1,477171,131,3357230
2011-12-02,7.01,6.97,7.15,6.96,-0.04,-1,393010,109,2772368
2011-12-05,6.92,7.2,7.35,6.92,0.23,1,461342,170,3291304
2011-12-06,7.1,7.17,7.26,7.1,-0.03,-1,432556,129,3105276
2011-12-07,7.15,7.18,7.2,7.07,0.01,1,390110,109,2787193
2011-12-08,7.18,7.38,7.68,7.18,0.2,1,1617417,442,12166755
2011-12-09,7.02,7.83,7.89,7.02,0.45,1,2196062,654,16846446
2011-12-12,7.83,8.37,8.37,7.83,0.54,1,2115738,502,17442806
2011-12-13,8.4,8.28,8.8,8.03,-0.09,-1,3699730,1126,31113724
2011-12-14,8.2,7.72,8.2,7.71,-0.56,-1,1457351,525,11313005
2011-12-15,7.55,8.0,8.2,7.54,0.28,1,2459250,974,19623130
2011-12-16,8.03,7.7,8.03,7.69,-0.3,-1,747646,316,5813351
2011-12-19,7.52,7.17,7.7,7.17,-0.53,-1,1213000,451,8826100
2011-12-20,6.87,6.88,7.17,6.76,-0.29,-1,569476,243,3983034
2011-12-21,7.0,7.14,7.28,7.0,0.26,1,1250878,481,8930032
2011-12-22,7.25,7.22,7.45,7.22,0.08,1,878252,326,6429173
2011-12-23,7.35,7.3,7.5,7.24,0.08,1,866000,332,6348440
2011-12-26,7.3,7.37,7.48,7.24,0.07,1,591562,222,4365103
2011-12-27,7.5,7.28,7.5,7.27,-0.09,-1,481150,171,3531451
2011-12-28,7.28,7.3,7.35,7.27,0.02,1,247795,95,1806743
2011-12-29,7.3,7.39,7.39,7.25,0.09,1,238800,100,1748995
2011-12-30,7.41,7.32,7.5,7.32,-0.07,-1,183322,92,1358030
2012-01-02,7.33,7.31,7.45,7.29,-0.01,-1,362000,150,2665410
2012-01-03,7.45,7.48,7.55,7.42,0.17,1,657546,242,4923916
2012-01-04,7.5,7.4,7.5,7.39,-0.08,-1,233940,88,1741585
2012-01-05,7.44,7.36,7.49,7.25,-0.04,-1,991536,267,7327452
2012-01-06,7.5,7.52,7.8,7.48,0.16,1,1160623,404,8857142
2012-01-09,7.8,7.4,7.8,7.4,-0.12,-1,797378,214,6024586
2012-01-10,7.43,7.32,7.53,7.27,-0.08,-1,352315,133,2595679
2012-01-11,7.5,7.34,7.5,7.31,0.02,1,671460,204,4959020
2012-01-12,7.35,7.31,7.43,7.21,-0.03,-1,277319,127,2032084
2012-01-13,7.34,7.13,7.34,7.05,-0.18,-1,420978,168,3039232
2012-01-16,7.3,7.2,7.34,7.09,0.07,1,678274,155,4905002
2012-01-17,7.21,7.31,7.33,7.21,0.11,1,150871,60,1101257
2012-01-18,7.31,7.3,7.36,7.2,-0.01,-1,235601,117,1711994
2012-01-30,7.42,7.42,7.54,7.36,0.12,1,560076,181,4172811
2012-01-31,7.52,7.86,7.91,7.52,0.44,1,1438700,450,11179390
2012-02-01,7.99,7.94,7.99,7.84,0.08,1,1044011,305,8262566
2012-02-02,8.0,8.0,8.1,7.86,0.06,1,778413,251,6194751
2012-02-03,8.08,8.2,8.31,7.88,0.2,1,1577149,454,12762542
2012-02-04,8.3,8.31,8.4,8.22,0.11,1,1301591,344,10842819
2012-02-06,8.23,8.28,8.5,8.23,-0.03,-1,923238,262,7734850
2012-02-07,8.28,8.74,8.8,8.28,0.46,1,2172198,620,18844308
2012-02-08,8.85,9.35,9.35,8.8,0.61,1,2714778,670,25025106
2012-02-09,9.63,9.45,10.0,9.35,0.1,1,4495592,1235,43549872
2012-02-10,9.45,9.28,9.5,9.21,-0.17,-1,1509905,481,14137385
2012-02-13,9.28,9.58,9.82,9.28,0.3,1,1466674,464,14088268
2012-02-14,9.6,9.35,9.74,8.91,-0.23,-1,1591549,446,14827533
2012-02-15,9.35,9.33,9.45,9.25,-0.02,-1,775248,293,7245912
2012-02-16,9.25,8.8,9.34,8.7,-0.53,-1,1164300,365,10529290
2012-02-17,8.99,8.9,9.1,8.7,0.1,1,838999,279,7479319
2012-02-20,8.99,9.08,9.1,8.94,0.18,1,510506,170,4607844
2012-02-21,9.25,9.0,9.25,8.9,-0.08,-1,383318,120,3452576
2012-02-22,8.9,8.96,9.07,8.9,-0.04,-1,339603,127,3054196
2012-02-23,8.96,8.94,9.03,8.92,-0.02,-1,366717,117,3292928
2012-02-24,8.96,9.0,9.01,8.82,0.06,1,382053,103,3417472
2012-02-29,9.1,9.43,9.58,9.02,0.43,1,1441742,471,13519650
2012-03-01,9.43,9.31,9.45,9.27,-0.12,-1,357337,141,3338156
2012-03-02,9.3,9.26,9.38,9.05,-0.05,-1,498303,155,4599708
2012-03-03,9.27,9.14,9.28,9.12,-0.12,-1,256535,86,2360128
2012-03-05,9.2,9.19,9.3,9.05,0.05,1,265322,118,2428553
2012-03-06,9.07,9.0,9.15,8.85,-0.19,-1,270386,128,2417932
2012-03-07,8.71,8.85,8.98,8.71,-0.15,-1,171046,63,1509593
2012-03-08,8.89,8.9,8.97,8.8,0.05,1,226998,99,2013190
2012-03-09,8.92,8.93,8.97,8.85,0.03,1,233999,89,2087100
2012-03-12,8.95,8.86,8.97,8.85,-0.07,-1,194366,68,1728624
2012-03-13,8.92,8.86,8.96,8.84,0.0,0,209491,82,1861553
2012-03-14,8.94,8.91,9.08,8.78,0.05,1,433022,179,3874889
2012-03-15,8.91,9.0,9.01,8.87,0.09,1,188569,75,1684160
2012-03-16,9.1,9.02,9.11,8.94,0.02,1,215122,97,1934202
2012-03-19,9.03,9.0,9.13,8.98,-0.02,-1,347010,122,3137735
2012-03-20,9.0,8.95,9.15,8.91,-0.05,-1,764322,167,6932458
2012-03-21,8.99,8.96,8.99,8.81,0.01,1,207000,90,1847130
2012-03-22,8.98,8.92,9.0,8.9,-0.04,-1,225874,72,2017088
2012-03-23,8.91,9.11,9.2,8.91,0.19,1,486312,177,4427404
2012-03-26,9.11,9.39,9.39,9.06,0.28,1,835767,268,7753670
2012-03-27,9.5,9.8,9.8,9.4,0.41,1,2183050,493,20921584
2012-03-28,10.0,10.25,10.45,10.0,0.45,1,7503506,1791,77309380
2012-03-29,9.54,9.62,9.9,9.54,-0.63,-1,2691001,760,25833417
2012-03-30,9.28,9.59,9.62,9.21,-0.03,-1,1108100,320,10471038
2012-04-02,9.45,9.4,9.59,9.23,-0.19,-1,555022,215,5203934
2012-04-03,9.35,8.76,9.43,8.75,-0.64,-1,806681,277,7207613
2012-04-05,8.3,8.39,8.56,8.22,-0.37,-1,530221,167,4440063
2012-04-06,8.46,8.69,8.75,8.4,0.3,1,645792,198,5562630
2012-04-09,8.52,8.52,8.59,8.41,-0.17,-1,296614,124,2511109
2012-04-10,8.41,8.55,8.8,8.41,0.03,1,444188,169,3831837
2012-04-11,8.56,9.14,9.14,8.56,0.59,1,1553266,429,13964229
2012-04-12,9.19,9.06,9.34,9.06,-0.08,-1,1108342,367,10179124
2012-04-13,9.18,9.06,9.25,9.06,0.0,0,525000,201,4792120
2012-04-16,9.1,9.13,9.3,8.96,0.07,1,268469,113,2446857
2012-04-17,9.1,8.99,9.1,8.75,-0.14,-1,452690,152,4036560
2012-04-18,8.71,8.82,9.08,8.71,-0.17,-1,321706,102,2852647
2012-04-19,8.8,8.72,8.9,8.65,-0.1,-1,129654,60,1131284
2012-04-20,8.83,8.69,8.95,8.65,-0.03,-1,372650,127,3272855
2012-04-23,8.59,8.5,8.8,8.26,-0.19,-1,279300,100,2360260
2012-04-24,8.44,8.44,8.69,8.4,-0.06,-1,230700,85,1967120
2012-04-25,8.5,8.48,8.59,8.48,0.04,1,145000,67,1233290
2012-04-26,8.56,8.46,8.59,8.38,-0.02,-1,187309,70,1584925
2012-04-27,8.49,8.3,8.51,8.3,-0.16,-1,156001,63,1305388
2012-04-30,8.3,8.16,8.3,8.1,-0.14,-1,120000,55,982640
2012-05-02,8.0,8.45,8.46,8.0,0.29,1,246371,114,2049458
2012-05-03,8.33,8.5,8.54,8.33,0.05,1,94200,52,795699
2012-05-04,8.38,8.4,8.48,8.36,-0.1,-1,133678,71,1124657
2012-05-07,8.36,8.3,8.36,8.25,-0.1,-1,86838,27,718340
2012-05-08,8.49,8.3,8.49,8.18,0.0,0,181590,73,1505654
2012-05-09,8.25,8.21,8.25,8.17,-0.09,-1,85913,46,705172
2012-05-10,8.21,8.12,8.25,8.09,-0.09,-1,82502,44,673476
2012-05-11,8.06,8.06,8.09,7.92,-0.06,-1,175999,61,1410062
2012-05-14,8.0,7.87,8.06,7.83,-0.19,-1,206201,67,1635660
2012-05-15,7.65,7.9,7.9,7.57,0.03,1,275554,76,2147600
2012-05-16,7.9,7.89,8.0,7.75,-0.01,-1,130050,61,1021608
2012-05-17,7.99,7.99,7.99,7.8,0.1,1,98000,52,777260
2012-05-18,7.82,7.82,8.1,7.81,-0.17,-1,266406,75,2116536
2012-05-21,7.85,7.89,7.89,7.72,0.07,1,65120,35,510435
2012-05-22,7.89,7.95,7.98,7.84,0.06,1,30629,26,241617
2012-05-23,7.8,7.9,7.9,7.79,-0.05,-1,36240,16,284781
2012-05-24,7.9,8.0,8.15,7.9,0.1,1,163000,63,1305950
2012-05-25,8.0,8.0,8.0,7.88,0.0,0,156890,25,1253240
2012-05-28,7.91,8.05,8.05,7.81,0.05,1,33586,21,265098
2012-05-29,8.05,8.2,8.29,8.0,0.15,1,283647,86,2315249
2012-05-30,8.29,8.16,8.29,8.07,-0.04,-1,67968,33,555810
2012-05-31,8.1,8.2,8.2,8.0,0.04,1,121568,60,985619
2012-06-01,8.19,8.18,8.2,8.06,-0.02,-1,52871,30,431565
2012-06-04,7.82,7.85,7.92,7.61,-0.33,-1,264613,93,2042820
2012-06-05,7.85,7.95,7.99,7.74,0.1,1,246000,83,1928160
2012-06-06,7.95,7.92,8.04,7.91,-0.03,-1,32055,32,255209
2012-06-07,8.0,8.1,8.17,7.87,0.18,1,316786,108,2546145
2012-06-08,7.97,8.07,8.09,7.95,-0.03,-1,41090,18,330500
2012-06-11,8.1,8.2,8.3,8.1,0.13,1,338536,73,2774618
2012-06-12,8.14,8.22,8.3,8.13,0.02,1,141000,50,1160590
2012-06-13,8.16,8.19,8.31,8.1,-0.03,-1,71820,45,585370
2012-06-14,8.12,8.11,8.19,8.02,-0.08,-1,264968,80,2144341
2012-06-15,8.13,8.1,8.19,8.05,-0.01,-1,28001,20,227138
2012-06-18,8.19,8.08,8.29,8.06,-0.02,-1,358045,140,2914433
2012-06-19,8.14,8.0,8.14,8.0,-0.08,-1,313966,80,2541338
2012-06-20,8.02,7.99,8.12,7.99,-0.01,-1,158227,76,1267487
2012-06-21,8.0,7.95,8.04,7.9,-0.04,-1,228832,71,1816938
2012-06-22,7.84,7.85,7.89,7.76,-0.1,-1,111154,53,869618
2012-06-25,7.84,7.83,7.95,7.8,-0.02,-1,104213,47,818760
2012-06-26,7.83,7.72,7.83,7.6,-0.11,-1,290394,84,2248683
2012-06-27,7.7,7.78,7.78,7.7,0.06,1,101465,47,785913
2012-06-28,7.78,7.77,7.88,7.75,-0.01,-1,72902,35,567435
2012-06-29,7.76,7.82,7.99,7.7,0.05,1,322034,99,2532563
2012-07-02,7.92,7.92,8.0,7.82,0.1,1,299034,73,2366566
2012-07-03,7.82,7.94,8.0,7.8,0.02,1,288427,77,2280731
2012-07-04,7.96,7.95,7.96,7.85,0.01,1,49109,33,389258
2012-07-05,7.87,7.87,7.95,7.83,-0.08,-1,77956,42,614552
2012-07-06,7.86,7.86,7.93,7.85,-0.01,-1,42000,28,330650
2012-07-09,7.75,7.77,7.85,7.75,-0.09,-1,32000,18,248420
2012-07-10,7.71,7.74,7.79,7.69,-0.03,-1,120107,37,925563
2012-07-11,7.67,7.7,7.73,7.62,-0.04,-1,67772,34,521083
2012-07-12,7.66,7.55,7.7,7.5,-0.15,-1,165965,58,1255527
2012-07-13,7.4,7.42,7.55,7.39,-0.13,-1,286323,98,2140469
2012-07-16,7.3,7.42,7.45,7.3,0.0,0,266323,74,1964889
2012-07-17,7.33,7.41,7.5,7.32,-0.01,-1,150060,44,1111414
2012-07-18,7.3,7.41,7.59,7.3,0.0,0,147261,63,1099719
2012-07-19,7.4,7.39,7.5,7.35,-0.02,-1,53591,31,397552
2012-07-20,7.43,7.36,7.48,7.35,-0.03,-1,69702,35,514947
2012-07-23,7.31,7.13,7.31,7.1,-0.23,-1,67002,35,481334
2012-07-24,7.0,7.11,7.15,7.0,-0.02,-1,167001,59,1174997
2012-07-25,7.01,7.03,7.2,7.0,-0.08,-1,276000,70,1963960
2012-07-26,7.11,7.04,7.11,7.03,0.01,1,80001,37,564157
2012-07-27,7.1,7.3,7.37,7.1,0.26,1,308781,94,2231550
2012-07-30,7.5,7.34,7.5,7.28,0.04,1,155493,54,1143457
2012-07-31,7.31,7.35,7.37,7.28,0.01,1,40081,26,294081
2012-08-01,7.27,7.37,7.47,7.27,0.02,1,216274,62,1595315
2012-08-03,7.39,7.32,7.39,7.32,-0.05,-1,16002,10,117524
2012-08-06,7.41,7.31,7.5,7.31,-0.01,-1,269438,72,1992792
2012-08-07,7.31,7.25,7.36,7.2,-0.06,-1,56384,27,410583
2012-08-08,7.26,7.28,7.35,7.25,0.03,1,51035,30,372043
2012-08-09,7.26,7.29,7.33,7.23,0.01,1,152453,55,1106063
2012-08-10,7.25,7.33,7.41,7.22,0.04,1,246771,65,1806557
2012-08-13,7.29,7.35,7.46,7.29,0.02,1,198413,59,1462551
2012-08-14,7.38,7.37,7.45,7.34,0.02,1,68446,42,505038
2012-08-15,7.43,7.4,7.43,7.3,0.03,1,23034,21,170150
2012-08-16,7.43,7.53,7.66,7.42,0.13,1,399973,111,3014984
2012-08-17,7.53,7.45,7.55,7.45,-0.08,-1,82568,43,618088
2012-08-20,7.46,7.42,7.46,7.37,-0.03,-1,33880,23,251181
2012-08-21,7.4,7.49,7.6,7.4,0.07,1,167319,51,1256249
2012-08-22,7.45,7.56,7.62,7.45,0.07,1,106721,57,808027
2012-08-23,7.58,7.56,7.65,7.47,0.0,0,170776,53,1294300
2012-08-24,7.48,7.61,7.73,7.48,0.05,1,842049,170,6438690
2012-08-27,7.54,7.64,7.73,7.49,0.03,1,410645,116,3123681
2012-08-28,7.64,7.57,7.75,7.52,-0.07,-1,253585,81,1944914
2012-08-29,7.58,7.44,7.7,7.41,-0.13,-1,355381,120,2675638
2012-08-30,7.26,7.55,7.6,7.26,0.11,1,411011,125,3083743
2012-08-31,7.55,7.6,7.7,7.55,0.05,1,173499,69,1327971
2012-09-03,7.6,7.79,7.79,7.56,0.19,1,305011,102,2358636
2012-09-04,7.75,7.77,7.85,7.67,-0.02,-1,234075,70,1819169
2012-09-05,7.71,7.71,7.86,7.67,-0.06,-1,287461,81,2237052
2012-09-06,7.7,7.62,7.75,7.61,-0.09,-1,127777,59,979584
2012-09-07,7.65,7.67,7.75,7.55,0.05,1,185731,77,1419093
2012-09-10,7.71,8.12,8.19,7.67,0.45,1,852385,260,6801852
2012-09-11,8.2,8.0,8.26,8.0,-0.12,-1,226789,98,1835349
2012-09-12,8.06,8.15,8.24,8.06,0.15,1,602885,179,4929713
2012-09-13,8.19,8.15,8.26,8.11,0.0,0,526763,119,4303365
2012-09-14,8.16,8.17,8.27,8.15,0.02,1,475954,158,3902383
2012-09-17,8.2,8.18,8.21,8.1,0.01,1,118299,55,966357
2012-09-18,8.21,8.15,8.21,8.1,-0.03,-1,160677,67,1304051
2012-09-19,8.15,8.15,8.2,8.03,0.0,0,450119,108,3656210
2012-09-20,8.1,8.3,8.3,8.02,0.15,1,995090,336,8130329
2012-09-21,8.39,8.88,8.88,8.39,0.58,1,1590374,362,13880716
2012-09-24,9.5,9.5,9.5,9.5,0.62,1,1670774,335,15872352
2012-09-25,10.15,9.94,10.15,9.81,0.44,1,5251217,1348,52751545
2012-09-26,9.94,10.6,10.6,9.94,0.66,1,7497314,1761,78137229
2012-09-27,10.8,10.3,10.9,10.2,-0.3,-1,4394286,1247,46383678
2012-09-28,10.5,11.0,11.0,10.3,0.7,1,4447729,1061,48329669
2012-10-01,11.35,11.75,11.75,11.3,0.75,1,3370201,811,39013856
2012-10-02,12.55,12.3,12.55,11.75,0.55,1,15995912,3852,195038660
2012-10-03,12.3,12.15,12.45,11.9,-0.15,-1,4980170,1506,60514107
2012-10-04,11.9,13.0,13.0,11.9,0.85,1,15718366,3996,200788158
2012-10-05,13.1,13.9,13.9,13.0,0.9,1,17978914,4830,242559942
2012-10-08,13.9,13.9,14.4,13.5,0.0,0,20250573,5579,284344837
2012-10-09,13.6,13.4,13.9,13.35,-0.5,-1,6908732,2135,94247526
2012-10-11,13.05,13.7,13.95,13.0,0.3,1,10240463,3273,138585664
2012-10-12,13.7,13.35,13.9,13.3,-0.35,-1,6899880,2148,93596011
2012-10-15,13.35,12.45,13.35,12.45,-0.9,-1,3804003,1083,47883736
2012-10-16,12.1,12.3,12.55,11.85,-0.15,-1,6006167,1931,73587728
2012-10-17,12.45,12.75,12.95,12.15,0.45,1,8174500,2615,103742222
2012-10-18,12.8,12.6,12.95,12.45,-0.15,-1,5218461,1703,66505359
2012-10-19,12.5,12.4,12.65,12.4,-0.2,-1,2828253,933,35328570
2012-10-22,12.0,12.4,12.55,12.0,0.0,0,5311123,1263,65982631
2012-10-23,12.4,12.25,12.65,12.2,-0.15,-1,3340786,1027,41480367
2012-10-24,12.1,12.15,12.4,12.1,-0.1,-1,2909503,953,35644410
2012-10-25,12.15,11.3,12.3,11.3,-0.85,-1,4089673,1239,47871904
2012-10-26,11.3,10.55,11.35,10.55,-0.75,-1,3922080,1119,42505894
2012-10-29,10.55,10.45,11.0,10.3,-0.1,-1,11938438,1992,128687504
2012-10-30,10.8,10.45,10.9,10.45,0.0,0,3883152,1165,41240036
2012-10-31,10.65,10.7,10.75,10.4,0.25,1,3088242,981,32736363
2012-11-01,10.7,10.7,10.85,10.45,0.0,0,2331412,703,24850608
2012-11-02,10.85,10.55,10.95,10.55,-0.15,-1,1464108,513,15726284
2012-11-05,10.45,11.2,11.25,10.45,0.65,1,8838505,2218,98198604
2012-11-06,11.2,11.35,11.6,11.15,0.15,1,7956537,2436,90600040
2012-11-07,11.35,11.65,11.75,11.2,0.3,1,7626205,2302,88103276
2012-11-08,11.45,11.25,11.75,11.2,-0.4,-1,4880090,1341,55900321
2012-11-09,11.15,11.65,11.65,11.1,0.4,1,4838748,1633,55430675
2012-11-12,11.7,11.65,12.3,11.55,0.0,0,8178974,2342,97052145
2012-11-13,11.5,11.0,11.5,11.0,-0.65,-1,2942885,942,33001244
2012-11-14,10.9,11.25,11.4,10.85,0.25,1,2456204,917,27408633
2012-11-15,11.4,11.05,11.4,11.0,-0.2,-1,1784543,598,19985973
2012-11-16,11.05,11.05,11.25,10.95,0.0,0,1513800,479,16757000
2012-11-19,11.05,10.35,11.05,10.35,-0.7,-1,1917999,575,20274339
2012-11-20,10.5,10.5,10.75,10.35,0.15,1,2161309,748,22826927
2012-11-21,10.5,10.25,10.65,10.2,-0.25,-1,1331437,453,13878586
2012-11-22,10.3,10.0,10.45,10.0,-0.25,-1,1386021,547,14123596
2012-11-23,10.05,10.4,10.4,10.05,0.4,1,1532849,588,15658988
2012-11-26,10.4,10.55,10.75,10.4,0.15,1,941200,400,9993759
2012-11-27,10.55,10.65,10.8,10.55,0.1,1,1421797,436,15208746
2012-11-28,10.8,10.65,10.85,10.65,0.0,0,861193,305,9226045
2012-11-29,10.8,10.7,10.9,10.65,0.05,1,954065,366,10274545
2012-11-30,10.85,10.55,10.85,10.5,-0.15,-1,845349,312,8979863
2012-12-03,10.55,10.4,10.7,10.4,-0.15,-1,754116,261,7935593
2012-12-04,10.35,10.6,10.6,10.35,0.2,1,752340,274,7911637
2012-12-05,10.7,11.3,11.3,10.55,0.7,1,2581796,689,28754293
2012-12-06,12.05,12.05,12.05,12.05,0.75,1,1973679,413,23782826
2012-12-07,12.6,12.85,12.85,12.3,0.8,1,10905616,2764,138838799
2012-12-10,13.3,13.7,13.7,13.1,0.85,1,9851192,2738,132220923
2012-12-11,13.95,13.7,14.4,12.8,0.0,0,11996631,3556,164776928
2012-12-12,13.65,13.5,13.9,13.2,-0.2,-1,6108004,2098,83440948
2012-12-13,13.6,13.5,13.9,13.15,0.0,0,6388137,1998,86499782
2012-12-14,13.4,13.75,13.85,13.35,0.25,1,4246173,1420,57940205
2012-12-17,13.9,13.4,13.9,13.3,-0.35,-1,2581328,888,34992143
2012-12-18,13.5,13.25,13.55,13.15,-0.15,-1,1957324,736,26067424
2012-12-19,13.45,14.15,14.15,13.4,0.9,1,4496664,1151,62995933
2012-12-20,14.15,14.0,14.9,13.9,-0.15,-1,13727075,3543,197947481
2012-12-21,14.0,14.1,14.15,13.55,0.1,1,3735655,1341,51996570
2012-12-22,14.25,14.15,14.35,14.05,0.05,1,3080972,1064,43817104
2012-12-24,13.95,14.25,14.7,13.95,0.1,1,4251612,1475,61272788
2012-12-25,13.95,13.3,13.95,13.3,-0.95,-1,3485997,1076,46859256
2012-12-26,12.8,13.5,13.7,12.7,0.2,1,4955619,1644,65826542
2012-12-27,13.5,13.4,13.65,13.05,-0.1,-1,2149002,783,28644024
2012-12-28,13.6,13.6,13.75,13.35,0.2,1,2943672,940,40047222
2013-01-02,13.7,13.6,13.8,13.35,0.0,0,1656374,646,22464297
2013-01-03,13.8,14.0,14.45,13.65,0.4,1,5275486,1708,74671648
2013-01-04,14.0,13.85,14.15,13.8,-0.15,-1,1835561,625,25638989
2013-01-07,13.85,14.4,14.8,13.85,0.55,1,6222460,1737,90167521
2013-01-08,14.4,15.4,15.4,14.3,1.0,1,7687130,2397,114861394
2013-01-09,15.7,15.9,16.35,15.55,0.5,1,10715065,3287,170641269
2013-01-10,15.1,14.9,15.4,14.8,-1.0,-1,6091334,2009,91182793
2013-01-11,15.0,15.65,15.75,14.8,0.75,1,5525919,2047,85528933
2013-01-14,15.95,16.7,16.7,15.6,1.05,1,6864722,2193,111889683
2013-01-15,16.9,17.85,17.85,16.85,1.15,1,10791303,3411,189166588
2013-01-16,18.0,17.85,18.4,17.25,0.0,0,7107501,2312,126540086
2013-01-17,17.85,17.1,18.15,16.7,-0.75,-1,6153386,2073,107949583
2013-01-18,17.3,18.25,18.25,17.1,1.15,1,7133403,2344,128125644
2013-01-21,18.5,19.5,19.5,18.5,1.25,1,12122272,3877,231907096
2013-01-22,19.85,19.7,20.25,19.3,0.2,1,15230196,5392,300492828
2013-01-23,19.7,21.0,21.0,19.35,1.3,1,9987294,3755,201771625
2013-01-24,21.0,21.05,21.45,20.5,0.05,1,15101121,5337,318008313
2013-01-25,21.05,21.15,21.6,20.9,0.1,1,7643577,2909,162402283
2013-01-28,21.3,20.2,21.3,20.15,-0.95,-1,6581494,2379,135708847
2013-01-29,20.2,20.2,20.65,20.1,0.0,0,5446214,2060,110651643
2013-01-30,20.25,20.15,20.8,20.0,-0.05,-1,7057822,2568,144292224
2013-01-31,20.15,20.05,20.4,19.8,-0.1,-1,4890282,1805,98361556
2013-02-01,20.05,21.25,21.4,20.0,1.2,1,13248951,4586,278964100
2013-02-04,21.4,21.4,22.35,21.1,0.15,1,14277275,4989,310457597
2013-02-05,21.4,20.85,21.4,20.7,-0.55,-1,3744586,1441,78733807
2013-02-06,21.0,20.7,21.5,20.7,-0.15,-1,5922241,2337,125203289
2013-02-18,21.0,20.75,21.0,20.5,0.05,1,2690532,1038,55741606
2013-02-19,20.8,21.55,21.9,20.6,0.8,1,8093630,3152,173378218
2013-02-20,21.7,23.05,23.05,21.45,1.5,1,13875838,4370,313672695
2013-02-21,23.3,24.65,24.65,23.2,1.6,1,20669723,7135,497653290
2013-02-22,24.65,24.3,24.95,23.8,-0.35,-1,14171743,5282,346594350
2013-02-23,24.05,23.65,25.05,23.5,-0.65,-1,14173543,5311,346638404
2013-02-25,23.65,24.0,24.0,23.25,0.35,1,6336046,2565,150350133
2013-02-26,24.0,25.0,25.6,23.65,1.0,1,21582864,7464,540058639
2013-02-27,25.0,24.9,25.6,24.75,-0.1,-1,13143715,4923,329216001
2013-03-01,25.0,24.85,25.5,24.2,-0.05,-1,8933240,3333,222852107
2013-03-04,24.65,23.15,24.7,23.15,-1.7,-1,7501110,2848,175920892
2013-03-05,22.75,23.9,23.9,22.75,0.75,1,6559640,2679,153514268
2013-03-06,24.1,23.9,24.55,23.4,0.0,0,5505115,2308,131833524
2013-03-07,23.75,23.8,24.25,23.75,-0.1,-1,4615159,1702,110554798
2013-03-08,23.95,23.3,24.1,23.3,-0.5,-1,3622168,1394,85413732
2013-03-11,23.4,22.45,23.4,22.2,-0.85,-1,4976144,1813,112603555
2013-03-12,22.45,23.6,23.6,22.45,1.15,1,5567535,2361,129141768
2013-03-13,23.6,23.0,23.85,23.0,-0.6,-1,3329265,1258,77994445
2013-03-14,23.0,22.85,23.2,22.75,-0.15,-1,1598284,783,36610293
2013-03-15,23.0,23.4,23.45,22.95,0.55,1,3182715,1286,74027567
2013-03-18,23.15,22.6,23.45,22.6,-0.8,-1,2329535,937,53659136
2013-03-19,22.7,22.55,23.05,22.45,-0.05,-1,2254100,1016,51280060
2013-03-20,22.55,24.1,24.1,22.5,1.55,1,5956960,1968,141225179
2013-03-21,24.3,23.85,24.5,23.65,-0.25,-1,9271186,3136,223862107
2013-03-22,23.65,23.2,24.05,23.2,-0.65,-1,3521595,1363,83399701
2013-03-25,23.3,24.0,24.05,23.2,0.8,1,3784340,1690,89955220
2013-03-26,24.0,23.55,24.0,23.35,-0.45,-1,1672793,841,39476739
2013-03-27,23.75,23.3,23.9,22.8,-0.25,-1,3183859,1402,74160988
2013-03-28,23.3,22.75,23.6,22.7,-0.55,-1,2878542,1156,66349744
2013-03-29,23.1,23.0,23.1,22.45,0.25,1,2534279,1110,57775167
2013-04-01,23.0,21.95,23.15,21.5,-1.05,-1,2997240,1254,66155338
2013-04-02,21.95,22.15,22.25,21.75,0.2,1,2548137,1088,56083864
2013-04-03,22.15,22.55,22.9,22.15,0.4,1,3065849,1449,69202713
2013-04-08,22.15,21.9,22.15,21.65,-0.65,-1,1888334,756,41354129
2013-04-09,23.4,23.4,23.4,22.65,1.5,1,3674793,1234,85660797
2013-04-10,23.4,22.65,23.4,22.6,-0.75,-1,4844037,1651,111675280
2013-04-11,22.65,22.65,22.9,22.45,0.0,0,3227264,1168,73227926
2013-04-12,22.75,22.65,23.3,22.65,0.0,0,3500912,1672,80423453
2013-04-15,22.7,22.0,23.05,21.75,-0.65,-1,2548330,1203,56633660
2013-04-16,21.5,22.0,22.45,21.5,0.0,0,2757220,1215,60856081
2013-04-17,22.15,21.75,22.15,21.7,-0.25,-1,2331198,962,51046663
2013-04-18,21.7,21.95,22.1,21.6,0.2,1,2446332,1038,53576786
2013-04-19,22.0,22.4,22.45,22.0,0.45,1,2202782,1061,49107196
2013-04-22,22.7,23.2,23.25,22.65,0.8,1,4529006,1733,104417483
2013-04-23,23.2,22.2,23.2,22.2,-1.0,-1,1345622,729,30338806
2013-04-24,22.3,21.95,22.6,21.9,-0.25,-1,1021542,549,22518313
2013-04-25,22.5,22.1,22.5,21.95,0.15,1,942704,530,20915938
2013-04-26,22.1,20.6,22.1,20.6,-1.5,-1,3136646,1491,66441555
2013-04-29,20.05,19.2,20.55,19.2,-1.4,-1,4109649,1738,79631057
2013-04-30,19.3,19.05,19.6,18.95,-0.15,-1,2547382,1149,48799015
2013-05-02,19.05,19.7,19.95,19.05,0.65,1,3805944,1894,74914491
2013-05-03,19.8,19.1,19.8,19.1,-0.6,-1,1212221,666,23455869
2013-05-06,19.1,18.3,19.2,18.0,-0.8,-1,3132033,1373,57491150
2013-05-07,18.3,18.5,18.8,18.3,0.2,1,2488801,1070,46210234
2013-05-08,18.7,18.05,18.7,17.85,-0.45,-1,1491130,735,27040890
2013-05-09,18.2,18.1,18.5,18.1,0.05,1,1356371,672,24766090
2013-05-10,18.2,18.8,18.9,18.15,0.7,1,3262830,1421,60938213
2013-05-13,18.9,18.7,18.9,18.55,-0.1,-1,1303464,621,24422652
2013-05-14,18.7,18.85,19.2,18.6,0.15,1,1956539,1924,37060305
2013-05-15,18.9,18.6,19.1,18.55,-0.25,-1,1261930,613,23689196
2013-05-16,18.8,19.25,19.6,18.6,0.65,1,4055636,1667,78044673
2013-05-17,19.3,20.55,20.55,19.25,1.3,1,6771239,2222,136655407
2013-05-20,20.65,20.55,20.9,20.4,0.0,0,6870576,2371,142077231
2013-05-21,20.6,20.2,20.8,20.15,-0.35,-1,2248918,1047,45858349
2013-05-22,20.2,19.6,20.5,19.4,-0.6,-1,1876013,971,37089554
2013-05-23,19.6,19.6,20.0,19.55,0.0,0,1567891,711,30994461
2013-05-24,19.65,19.25,20.0,19.2,-0.35,-1,1091462,537,21242342
2013-05-27,19.5,19.55,19.8,19.3,0.3,1,1211374,530,23747772
2013-05-28,19.6,19.35,19.8,19.35,-0.2,-1,786111,340,15362880
2013-05-29,19.35,19.35,19.7,19.3,0.0,0,836581,381,16232132
2013-05-30,19.35,20.0,20.6,19.3,0.65,1,4348346,1898,87297667
2013-05-31,20.1,19.65,20.3,19.55,-0.35,-1,1746264,727,34794081
2013-06-03,19.4,19.25,19.85,19.0,-0.4,-1,2440660,1143,47142121
2013-06-04,19.4,19.3,19.65,19.3,0.05,1,1363231,675,26589234
2013-06-05,19.3,19.15,19.5,19.05,-0.15,-1,1103739,504,21253187
2013-06-06,19.0,19.05,19.5,18.8,-0.1,-1,970999,466,18612731
2013-06-07,19.1,19.05,19.8,19.0,0.0,0,1827916,836,35347858
2013-06-10,19.3,20.35,20.35,19.2,1.3,1,4321928,1242,86848431
2013-06-11,20.6,20.25,20.8,20.2,-0.1,-1,5064050,1771,103967153
2013-06-13,20.0,20.1,20.8,20.0,-0.15,-1,5746249,2038,117730066
2013-06-14,20.3,19.5,20.3,19.45,-0.6,-1,1697429,814,33769171
2013-06-17,19.55,19.7,20.05,19.5,0.2,1,1209692,665,23967211
2013-06-18,19.95,19.55,20.1,19.55,-0.15,-1,1017509,477,20100025
2013-06-19,19.6,19.7,20.1,19.5,0.15,1,1049063,521,20763583
2013-06-20,19.6,19.1,19.85,18.9,-0.6,-1,1436237,625,27686138
2013-06-21,18.5,18.9,19.25,18.4,-0.2,-1,1365000,592,25793900
2013-06-24,18.9,18.8,19.2,18.8,-0.1,-1,539079,291,10219121
2013-06-25,18.8,18.0,19.0,17.55,-0.8,-1,1088000,499,19834950
2013-06-26,18.15,18.4,18.7,18.15,0.4,1,1339572,584,24765401
2013-06-27,18.4,18.6,18.75,18.4,0.2,1,542363,278,10060465
2013-06-28,18.65,18.55,18.8,18.45,-0.05,-1,502782,263,9363030
2013-07-01,18.55,18.95,19.4,18.55,0.4,1,1075019,480,20402156
2013-07-02,18.95,18.65,19.15,18.65,-0.3,-1,501204,251,9428183
2013-07-03,18.7,18.8,19.35,18.7,0.15,1,1184863,509,22573238
2013-07-04,18.95,18.4,19.05,18.1,-0.4,-1,605166,264,11273353
2013-07-05,18.7,18.5,19.0,18.5,0.1,1,745205,372,13950530
2013-07-08,18.5,18.1,18.7,18.1,-0.4,-1,610661,277,11155298
2013-07-09,18.1,18.25,18.5,18.1,0.15,1,671015,363,12245071
2013-07-10,18.3,18.1,18.45,18.1,-0.15,-1,467550,269,8536200
2013-07-11,18.3,17.95,18.3,17.9,-0.15,-1,914321,354,16521295
2013-07-12,18.1,18.4,18.8,18.05,0.45,1,1562000,796,28803250
2013-07-15,18.55,19.65,19.65,18.55,1.25,1,5919913,1786,115581436
2013-07-16,19.65,19.3,19.9,19.2,-0.35,-1,2493828,1088,48574254
2013-07-17,19.3,18.95,19.55,18.9,-0.35,-1,1337410,640,25563227
2013-07-18,19.4,18.95,19.7,18.9,0.0,0,2698410,1193,51975047
2013-07-19,19.45,19.85,20.2,19.05,0.9,1,6584361,2625,129876060
2013-07-22,20.0,19.55,20.1,19.5,-0.3,-1,1707121,746,33662911
2013-07-23,19.5,19.6,19.75,19.4,0.05,1,1489875,686,29150854
2013-07-24,19.7,19.3,19.75,19.2,-0.3,-1,1038352,443,20126258
2013-07-25,19.4,19.05,19.55,19.05,-0.25,-1,1293833,540,24843177
2013-07-26,19.05,19.0,19.25,19.0,-0.05,-1,765090,337,14592710
2013-07-29,19.05,18.9,19.25,18.85,-0.1,-1,644724,288,12268537
2013-07-30,19.1,19.4,19.85,19.1,0.5,1,2535569,994,49668636
2013-07-31,19.8,19.05,19.8,19.05,-0.35,-1,1570764,626,30371288
2013-08-01,19.1,19.05,19.3,18.95,0.0,0,917766,421,17548390
2013-08-02,19.2,18.85,19.2,18.8,-0.2,-1,878778,384,16694592
2013-08-05,18.8,18.65,18.9,18.6,-0.2,-1,761978,368,14252790
2013-08-06,18.65,18.6,18.9,18.5,-0.05,-1,701921,318,13068688
2013-08-07,18.75,18.4,18.95,18.3,-0.2,-1,790519,370,14719149
2013-08-08,18.45,18.25,18.65,18.25,-0.15,-1,521396,256,9584067
2013-08-09,18.3,18.35,18.6,18.25,0.1,1,464033,241,8527650
2013-08-12,18.35,18.1,18.45,18.1,-0.25,-1,449426,193,8181988
2013-08-13,18.15,18.2,18.45,18.1,0.1,1,365679,189,6677522
2013-08-14,18.4,18.85,19.2,18.4,0.65,1,2707936,1022,51214744
2013-08-15,18.7,18.8,19.15,18.5,-0.05,-1,1368369,684,25886629
2013-08-16,18.6,18.5,18.9,18.45,-0.3,-1,691000,361,12823050
2013-08-19,18.5,18.3,18.5,18.3,-0.2,-1,450615,227,8282073
2013-08-20,18.4,18.0,18.45,18.0,-0.3,-1,609646,287,11069713
2013-08-22,18.0,18.1,18.25,18.0,0.1,1,443491,265,8023738
2013-08-23,18.1,18.15,18.6,18.1,0.05,1,825484,451,15142435
2013-08-26,18.45,19.2,19.3,18.3,1.05,1,3268662,1268,61705642
2013-08-27,19.2,18.4,19.2,18.4,-0.8,-1,1338896,534,24982095
2013-08-28,18.15,18.3,18.85,18.15,-0.1,-1,1686356,778,31364528
2013-08-29,18.45,18.65,19.1,18.4,0.35,1,2478633,1060,46743386
2013-08-30,18.8,18.5,18.8,18.4,-0.15,-1,652610,308,12111784
2013-09-02,18.75,18.45,18.75,18.45,-0.05,-1,798487,409,14818432
2013-09-03,18.6,19.0,19.5,18.6,0.55,1,4018652,1596,76947019
2013-09-04,19.0,18.7,19.15,18.7,-0.3,-1,1247354,493,23561636
2013-09-05,18.7,19.2,19.3,18.7,0.5,1,3020788,1095,57788897
2013-09-06,19.2,19.25,19.8,19.1,0.05,1,3455450,1223,67329137
2013-09-09,19.25,18.3,19.25,18.2,-0.95,-1,1998687,791,37110100
2013-09-10,18.45,18.35,18.6,18.35,0.05,1,785706,331,14466682
2013-09-11,18.35,18.5,18.85,18.3,0.15,1,1071218,492,19901243
2013-09-12,18.6,18.5,18.75,18.45,0.0,0,617010,261,11464584
2013-09-13,18.5,18.5,18.8,18.5,0.0,0,536940,234,9993091
2013-09-14,18.75,18.55,18.85,18.5,0.05,1,829781,358,15511198
2013-09-16,18.4,18.45,18.8,18.4,-0.1,-1,574457,255,10675931
2013-09-17,18.5,18.45,18.7,18.4,0.0,0,419336,228,7764948
2013-09-18,18.5,18.55,18.95,18.5,0.1,1,1071420,456,20046973
2013-09-23,18.65,18.5,19.05,18.5,-0.05,-1,1608321,605,30130937
2013-09-24,18.6,19.05,19.5,18.5,0.55,1,5037421,1835,96862187
2013-09-25,19.2,18.95,19.3,18.85,-0.1,-1,1099120,461,20935972
2013-09-26,18.9,18.6,19.1,18.55,-0.35,-1,1139264,514,21349473
2013-09-27,18.6,18.55,18.9,18.45,-0.05,-1,982661,436,18346694
2013-09-30,18.5,18.55,18.7,18.45,0.0,0,402058,227,7469471
2013-10-01,18.55,18.55,18.85,18.55,0.0,0,621968,272,11602908
2013-10-02,18.6,18.4,18.7,18.3,-0.15,-1,749574,335,13854552
2013-10-03,18.6,18.55,19.0,18.4,0.15,1,1998086,797,37401540
2013-10-04,18.7,18.55,18.9,18.55,0.0,0,1030903,433,19281794
2013-10-07,18.8,18.7,19.1,18.6,0.15,1,1403843,580,26474020
2013-10-08,18.9,18.6,18.9,18.05,-0.1,-1,1590689,615,29336495
2013-10-09,18.3,18.35,18.55,18.3,-0.25,-1,636568,228,11725770
2013-10-11,18.6,18.4,18.65,18.35,0.05,1,435106,221,8043188
2013-10-14,18.6,18.3,18.6,18.25,-0.1,-1,653472,251,11994437
2013-10-15,18.5,18.0,18.5,17.8,-0.3,-1,1329125,568,24027534
2013-10-16,17.8,17.15,17.8,16.8,-0.85,-1,3710678,1359,63832468
2013-10-17,17.05,17.0,17.45,16.3,-0.15,-1,2778555,1107,46812653
2013-10-18,17.0,17.4,17.5,16.85,0.4,1,1935569,795,33399743
2013-10-21,17.4,17.5,17.7,17.25,0.1,1,1124675,559,19709476
2013-10-22,17.55,17.35,17.7,17.3,-0.15,-1,390722,233,6810138
2013-10-23,17.35,17.35,17.65,17.25,0.0,0,477253,231,8336213
2013-10-24,17.4,17.35,17.6,17.2,0.0,0,365463,177,6359334
2013-10-25,17.35,17.55,18.05,17.2,0.2,1,1725031,773,30639839
2013-10-28,17.6,17.2,17.85,17.15,-0.35,-1,826207,377,14341149
2013-10-29,17.2,17.2,17.45,17.15,0.0,0,638643,284,11015027
2013-10-30,17.25,17.2,17.4,17.15,0.0,0,495569,226,8525028
2013-10-31,17.2,17.45,18.0,17.15,0.25,1,2025192,947,36012107
2013-11-01,17.9,17.65,18.1,17.45,0.2,1,1569958,618,27853910
2013-11-04,17.65,17.35,17.85,17.15,-0.3,-1,733974,404,12762950
2013-11-05,17.3,17.1,17.45,17.05,-0.25,-1,685554,335,11789295
2013-11-06,17.25,17.0,17.35,17.0,-0.1,-1,476106,240,8143652
2013-11-07,17.05,16.7,17.2,16.55,-0.3,-1,561951,297,9462329
2013-11-08,16.5,16.7,17.05,16.5,0.0,0,833798,333,14056634
2013-11-11,17.0,17.3,17.35,16.95,0.6,1,942379,453,16199618
2013-11-12,17.3,17.0,17.5,16.7,-0.3,-1,689592,337,11807002
2013-11-13,17.05,16.75,17.1,16.7,-0.25,-1,459740,210,7731408
2013-11-14,16.8,16.8,16.95,16.65,0.05,1,355374,212,5970213
2013-11-15,16.5,16.65,16.85,16.45,-0.15,-1,460792,226,7698245
2013-11-18,17.05,16.4,17.05,16.35,-0.25,-1,364646,196,6048061
2013-11-19,16.8,17.5,17.5,16.75,1.1,1,1617193,601,28091376
2013-11-20,17.5,17.65,17.7,17.3,0.15,1,1959749,687,34379642
2013-11-21,17.8,17.45,17.8,17.45,-0.2,-1,562351,398,9900427
2013-11-22,17.65,17.2,17.65,17.2,-0.25,-1,511639,291,8906325
2013-11-25,17.2,17.25,17.4,17.1,0.05,1,273083,192,4694935
2013-11-26,17.25,17.25,17.35,17.15,0.0,0,216076,122,3724106
2013-11-27,17.25,17.25,17.5,17.25,0.0,0,363729,182,6306286
2013-11-28,17.45,17.3,17.5,17.15,0.05,1,279063,177,4830982
2013-11-29,17.3,17.35,17.45,17.25,0.05,1,217033,155,3762715
2013-12-02,17.45,17.2,17.45,16.8,-0.15,-1,459597,276,7867788
2013-12-03,17.1,17.1,17.25,17.0,-0.1,-1,274410,164,4691781
2013-12-04,17.0,16.9,17.1,16.85,-0.2,-1,266507,188,4522489
2013-12-05,16.95,16.9,17.2,16.45,0.0,0,883578,538,14800359
2013-12-06,17.3,16.85,17.3,16.8,-0.05,-1,395357,213,6719696
2013-12-09,17.0,16.65,17.2,16.6,-0.2,-1,442184,261,7435390
2013-12-10,16.7,16.55,16.7,16.4,-0.1,-1,361362,198,5982891
2013-12-11,16.55,16.55,16.8,16.5,0.0,0,276137,163,4589160
2013-12-12,16.5,16.3,16.65,16.3,-0.25,-1,315137,172,5168574
2013-12-13,16.15,16.3,16.5,16.1,0.0,0,194370,135,3169999
2013-12-16,16.35,16.15,16.5,16.15,-0.15,-1,196646,102,3201450
2013-12-17,16.3,16.7,16.9,16.25,0.55,1,1318030,524,21952798
2013-12-18,16.7,16.75,17.1,16.65,0.05,1,490325,258,8288239
2013-12-19,16.95,16.75,17.2,16.75,0.0,0,415116,235,7037040
2013-12-20,16.9,16.55,16.95,16.55,-0.2,-1,195017,135,3245527
2013-12-23,16.45,16.5,16.85,16.45,-0.05,-1,323715,175,5371696
2013-12-24,16.6,16.65,16.95,16.55,0.15,1,622048,267,10447549
2013-12-25,16.65,16.6,16.85,16.45,-0.05,-1,291161,173,4822663
2013-12-26,16.7,16.7,16.95,16.55,0.1,1,724218,232,12189339
2013-12-27,16.8,16.7,17.0,16.7,0.0,0,355000,164,5989400
2013-12-30,17.0,16.8,17.2,16.8,0.1,1,587304,273,9984340
2013-12-31,17.2,17.05,17.5,17.05,0.25,1,1124381,491,19436427
2014-01-02,17.1,17.3,17.35,17.05,0.25,1,494872,253,8505297
2014-01-03,17.3,17.05,17.3,17.05,-0.25,-1,321261,143,5502298
2014-01-06,17.5,16.8,17.5,16.65,-0.25,-1,1467002,581,24945783
2014-01-07,16.8,16.85,17.0,16.8,0.05,1,336431,144,5677188
2014-01-08,17.05,16.9,17.15,16.8,0.05,1,584878,233,9932448
2014-01-09,17.15,16.75,17.2,16.7,-0.15,-1,480072,247,8130455
2014-01-10,17.1,17.9,17.9,17.1,1.15,1,4993229,1150,89038846
2014-01-13,18.4,18.8,19.1,18.1,0.9,1,6242196,2051,116167720
2014-01-14,18.65,18.5,18.85,18.35,-0.3,-1,1850680,860,34364194
2014-01-15,18.5,19.65,19.7,18.5,1.15,1,5057916,1864,97343750
2014-01-16,20.0,19.6,20.3,19.5,-0.05,-1,4531739,1727,90202833
2014-01-17,19.65,19.3,19.95,19.25,-0.3,-1,1867298,706,36367750
2014-01-20,19.6,20.65,20.65,19.5,1.35,1,5914470,2090,120200248
2014-01-21,20.7,20.3,21.45,20.3,-0.35,-1,5416446,2071,113118507
2014-01-22,20.3,20.65,20.95,20.15,0.35,1,3020042,1268,62543708
2014-01-23,21.2,22.0,22.05,21.1,1.35,1,8458192,2923,184822245
2014-01-24,22.0,22.2,22.45,21.6,0.2,1,5331847,2151,117905309
2014-01-27,22.0,22.75,23.1,21.7,0.55,1,6411171,2589,144689266
2014-02-05,22.55,24.3,24.3,22.55,1.55,1,7130907,2682,169202484
2014-02-06,24.5,24.75,25.4,24.05,0.45,1,8052144,3401,199392586
2014-02-07,24.75,23.05,25.1,23.05,-1.7,-1,9889218,3829,234937418
2014-02-10,23.0,23.35,23.8,22.55,0.3,1,7322037,3097,170399555
2014-02-11,23.4,23.9,24.3,23.4,0.55,1,5405787,2312,129653525
2014-02-12,23.9,23.35,24.0,23.3,-0.55,-1,3418150,1417,80493584
2014-02-13,23.35,23.5,24.15,23.35,0.15,1,3579978,1594,85089182
2014-02-14,23.7,22.8,23.85,22.3,-0.7,-1,3694043,1574,84764821
2014-02-17,23.1,23.65,23.9,23.0,0.85,1,5206298,2191,122864267
2014-02-18,23.8,23.3,23.9,23.3,-0.35,-1,2139326,942,50290125
2014-02-19,23.3,23.6,24.05,23.3,0.3,1,3797295,1603,90070755
2014-02-20,23.6,23.1,23.7,22.7,-0.5,-1,2729685,1166,62911255
2014-02-21,23.6,23.55,24.1,23.3,0.45,1,3761940,1566,89377981
2014-02-24,23.75,23.5,23.95,23.35,-0.05,-1,1866387,749,43972115
2014-02-25,23.6,23.2,23.6,23.15,-0.3,-1,1589553,664,37027971
2014-02-26,23.2,23.0,23.55,23.0,-0.2,-1,1846312,809,42703742
2014-02-27,23.0,22.1,23.25,21.9,-0.9,-1,4666649,1756,104523628
2014-03-03,21.55,21.7,22.0,21.5,-0.4,-1,1803188,824,39160776
2014-03-04,21.7,21.7,22.3,21.7,0.0,0,1346689,709,29530418
2014-03-05,22.15,22.1,22.45,21.9,0.4,1,1367935,639,30281671
2014-03-06,22.2,21.85,22.35,21.75,-0.25,-1,1358165,615,29784533
2014-03-07,21.9,21.25,22.2,21.05,-0.6,-1,1340713,599,29023627
2014-03-10,21.25,21.3,21.6,20.8,0.05,1,1133832,493,24039636
2014-03-11,21.55,22.0,22.05,21.4,0.7,1,1122806,561,24383216
2014-03-12,22.0,21.8,22.35,21.75,-0.2,-1,1225968,578,26980754
2014-03-13,22.55,23.3,23.3,22.45,1.5,1,4909101,1288,113781747
2014-03-14,23.45,23.7,24.5,23.45,0.4,1,12283258,4357,294968692
2014-03-17,23.8,24.5,25.0,23.8,0.8,1,8771340,3410,215270525
2014-03-18,24.65,23.85,25.2,23.85,-0.65,-1,8290325,3124,202371111
2014-03-19,24.05,23.3,24.45,23.25,-0.55,-1,4226733,1706,100452047
2014-03-20,23.1,23.1,23.8,22.95,-0.2,-1,3318536,1382,77517691
2014-03-21,23.5,22.55,23.65,21.95,-0.55,-1,3353377,1299,76583803
2014-03-24,22.45,23.15,23.15,22.0,0.6,1,1954500,899,44339224
2014-03-25,23.2,24.2,24.4,23.15,1.05,1,4438195,1904,106155910
2014-03-26,24.55,23.7,24.55,23.65,-0.5,-1,2452989,1042,58849387
2014-03-27,23.9,23.8,24.2,23.6,0.1,1,2239969,815,53583514
2014-03-28,23.75,24.3,25.15,23.75,0.5,1,7850436,2919,193249979
2014-03-31,24.4,24.1,24.9,24.0,-0.2,-1,3131962,1206,76017538
2014-04-01,24.1,25.75,25.75,24.1,1.65,1,9298352,3223,234395899
2014-04-02,26.4,25.65,26.7,25.5,-0.1,-1,8865918,3219,231318953
2014-04-03,25.7,26.0,26.5,25.65,0.35,1,5741154,2278,149739154
2014-04-07,26.0,26.7,27.35,25.7,0.7,1,6218784,2703,166406268
2014-04-08,26.7,26.8,27.3,26.35,0.1,1,5251578,2126,141373479
2014-04-09,27.05,26.9,27.7,26.9,0.1,1,3851672,1574,104426537
2014-04-10,27.3,28.75,28.75,27.05,1.85,1,6635800,2807,186531785
2014-04-11,29.0,30.0,30.75,27.3,1.25,1,14046276,5327,415004223
2014-04-14,29.2,27.9,29.55,27.9,-2.1,-1,6148852,2618,173645867
2014-04-15,28.0,29.85,29.85,27.75,1.95,1,5381293,2406,156088942
2014-04-16,29.8,29.55,30.2,28.9,-0.3,-1,3294553,1601,97475422
2014-04-17,30.0,30.9,31.5,30.0,1.35,1,8627453,3736,266882120
2014-04-18,31.5,31.05,31.5,30.05,0.15,1,6040130,2882,185926859
2014-04-21,31.2,32.8,33.2,31.1,1.75,1,10690822,4809,347091668
2014-04-22,32.8,33.1,33.8,32.25,0.3,1,7857012,3984,259399034
2014-04-23,33.4,35.4,35.4,33.3,2.3,1,12004453,5637,416932467
2014-04-24,35.55,37.85,37.85,35.05,2.45,1,15945759,7917,588407536
2014-04-25,37.85,37.85,39.7,36.05,0.0,0,29782916,12643,1131538260
2014-04-28,36.7,38.5,39.25,36.65,0.65,1,18479464,8428,701420856
2014-04-29,39.0,41.15,41.15,39.0,2.65,1,11313415,4972,456948203
2014-04-30,42.3,43.0,44.0,41.5,1.85,1,32203821,13550,1388705750
2014-05-02,43.2,46.0,46.0,43.2,3.0,1,18602293,8175,838715840
2014-05-05,47.0,45.35,47.2,43.6,-0.65,-1,24026547,10885,1089479672
2014-05-06,46.0,48.5,48.5,45.55,3.15,1,18930920,8239,897276655
2014-05-07,48.8,51.8,51.8,47.85,3.3,1,18654402,8090,938706438
2014-05-08,53.9,55.4,55.4,53.0,3.6,1,32763826,13833,1788599651
2014-05-09,56.5,53.6,58.8,52.5,-1.8,-1,30449022,14445,1718920637
2014-05-12,53.6,51.5,56.0,50.5,-2.1,-1,25744025,11592,1372421763
2014-05-13,52.5,49.9,53.2,47.95,-1.6,-1,29719438,13680,1495115333
2014-05-14,50.9,53.3,53.3,49.5,3.4,1,21481188,10474,1109565492
2014-05-15,52.5,51.1,54.9,51.0,-2.2,-1,13439913,7544,708189942
2014-05-16,49.8,50.3,51.0,49.0,-0.8,-1,7015401,3992,350773230
2014-05-19,50.7,50.0,51.5,49.95,-0.3,-1,4255837,2561,215499950
2014-05-20,50.5,49.7,50.8,49.7,-0.3,-1,3764034,2052,188602622
2014-05-21,49.7,48.0,50.3,47.6,-1.7,-1,6061709,3269,296048407
2014-05-22,48.2,49.55,49.7,47.5,1.55,1,5369690,3209,262148501
2014-05-23,50.1,51.0,51.5,50.1,1.45,1,5356434,3151,273268433
2014-05-26,52.0,51.6,52.5,51.1,0.6,1,4481864,2637,232227013
2014-05-27,52.0,55.0,55.1,52.0,3.4,1,9939834,5659,537464398
2014-05-28,55.8,55.1,56.0,54.0,0.1,1,7273235,4047,400441925
2014-05-29,51.3,51.3,51.3,51.3,-3.8,-1,1245040,513,63870552
2014-05-30,47.75,48.1,50.2,47.75,-3.2,-1,5553499,2404,266672120
2014-06-03,46.6,44.75,46.6,44.75,-3.35,-1,2016401,841,91307843
2014-06-04,43.5,46.4,46.4,43.5,1.65,1,2660937,1032,118843154
2014-06-05,46.8,45.0,46.8,43.85,-1.4,-1,1862567,714,84392584
2014-06-06,44.3,46.0,46.5,44.3,1.0,1,827372,362,37843409
2014-06-09,47.0,47.0,47.0,46.0,1.0,1,534287,307,24965239
2014-06-10,47.9,50.2,50.2,47.9,3.2,1,1854069,779,91494050
2014-06-11,50.2,49.5,50.5,49.2,-0.7,-1,1244103,520,62084497
2014-06-12,49.5,52.0,52.0,49.5,2.5,1,1085845,466,55217895
2014-06-13,54.5,55.6,55.6,53.6,3.6,1,9499394,4359,521838964
2014-06-16,56.4,57.9,58.5,55.1,2.3,1,17019700,8247,969519792
2014-06-17,57.9,55.8,58.5,55.6,-2.1,-1,9720017,5181,553445733
2014-06-18,56.1,54.1,56.8,53.4,-1.7,-1,6398977,3581,351275258
2014-06-19,54.6,55.5,56.5,54.5,1.4,1,5734616,3176,318211191
2014-06-20,56.0,54.8,56.2,54.5,-0.7,-1,3581897,1982,197561489
2014-06-23,55.2,53.9,56.5,53.6,-0.9,-1,5858789,3175,323336413
2014-06-24,54.3,53.5,54.7,52.8,-0.4,-1,4041196,2231,215766962
2014-06-25,53.6,55.3,56.5,53.1,1.8,1,6299046,3273,346570530
2014-06-26,55.8,54.5,56.8,54.5,-0.8,-1,5465044,2894,304139395
2014-06-27,54.9,54.4,55.0,52.8,-0.1,-1,3493900,1928,187341857
2014-06-30,54.4,53.6,55.5,53.5,-0.8,-1,3593832,2103,194973792
2014-07-01,54.3,53.5,54.4,52.3,-0.1,-1,4254920,2258,227148507
2014-07-02,53.7,54.2,55.5,52.7,0.7,1,7090440,3856,385403260
2014-07-03,54.3,54.5,55.8,54.3,0.3,1,4521046,2353,248649282
2014-07-04,54.5,52.5,54.9,52.4,-2.0,-1,5085681,2823,271605541
2014-07-07,52.5,52.0,53.8,51.1,-0.5,-1,4012100,2149,210125577
2014-07-08,52.0,52.4,53.2,51.3,0.4,1,3546629,1833,185557966
2014-07-09,55.0,56.0,56.0,55.0,3.6,1,3447779,1177,192331624
2014-07-10,59.9,59.9,59.9,59.9,3.9,1,5240095,1606,313881676
2014-07-11,60.0,55.8,60.0,55.8,-4.1,-1,11120229,4453,638659375
2014-07-14,51.9,54.9,55.0,51.9,-0.9,-1,3317851,1872,175452913
2014-07-15,54.9,53.5,55.7,53.5,-1.4,-1,1892734,1211,102301164
2014-07-16,52.6,52.5,53.5,52.0,-1.0,-1,1676670,1009,87867468
2014-07-17,51.8,53.6,54.8,51.3,0.0,0,5769401,3434,306350822
2014-07-18,52.8,53.5,55.2,52.5,-0.1,-1,4879367,2847,264372233
2014-07-21,54.3,53.4,54.6,53.4,-0.1,-1,2565699,1473,138189447
2014-07-22,53.6,55.2,55.3,53.1,1.8,1,4863254,2637,264509737
2014-07-24,56.5,58.8,58.8,55.8,3.6,1,11076775,6160,637517848
2014-07-25,60.8,56.5,61.1,55.6,-2.3,-1,17044954,9226,1010679991
2014-07-28,52.6,52.6,52.6,52.6,-3.9,-1,974102,584,51237763
2014-07-29,48.95,48.95,48.95,48.95,-3.65,-1,752047,484,36812696
2014-07-30,45.55,45.55,45.55,45.55,-3.4,-1,1819362,734,82871937
2014-07-31,42.4,42.4,42.4,42.4,-3.15,-1,1371413,644,58147908
2014-08-01,39.45,39.45,39.45,39.45,-2.95,-1,275720,191,10877152
2014-08-04,36.7,36.7,36.7,36.7,-2.75,-1,531047,277,19489424
2014-08-05,34.15,34.15,34.15,34.15,-2.55,-1,351352,220,11998670
2014-08-06,31.8,31.8,31.8,31.8,-2.35,-1,599620,344,19067916
2014-08-07,29.6,29.6,31.8,29.6,-2.2,-1,16419817,8230,494519470
2014-08-08,28.4,30.6,31.4,28.4,1.0,1,11823429,5974,353630865
2014-08-11,31.0,32.7,32.7,31.0,2.1,1,7613299,4011,243904870
2014-08-12,33.9,30.45,34.5,30.45,-2.25,-1,14626832,7740,473345327
2014-08-13,30.5,30.8,31.05,29.8,0.35,1,6874108,3582,209595348
2014-08-14,30.8,28.65,30.8,28.65,-2.15,-1,2832418,1442,82307124
2014-08-15,26.65,26.65,26.65,26.65,-2.0,-1,1332410,568,35508723
2014-08-18,24.8,24.8,25.6,24.8,-1.85,-1,8887790,3747,221233640
2014-08-19,24.5,24.8,25.4,23.9,0.0,0,6179815,3127,152254575
2014-08-20,25.65,25.65,26.3,25.15,0.85,1,9287567,4358,238824057
2014-08-21,25.65,27.4,27.4,23.9,1.75,1,18338403,7414,470357291
2014-08-22,27.5,29.3,29.3,27.5,1.9,1,22758152,8135,655475502
2014-08-25,29.3,28.85,29.85,27.6,-0.45,-1,17880958,8103,515590981
2014-08-26,29.3,30.2,30.7,28.55,1.35,1,16847918,7307,503231254
2014-08-27,30.2,29.8,30.55,29.65,-0.4,-1,10680135,4924,321366020
2014-08-28,29.8,29.85,30.45,29.4,0.05,1,6999726,2924,210020282
2014-08-29,30.0,31.6,31.9,29.6,1.75,1,13819702,6290,429463042
2014-09-01,32.2,33.8,33.8,31.8,2.2,1,12267488,4969,406274588
2014-09-02,34.6,34.5,35.9,33.5,0.7,1,28276806,12193,979190949
2014-09-03,34.6,34.6,35.6,34.5,0.1,1,10992152,4901,384676560
2014-09-04,34.6,37.0,37.0,34.5,2.4,1,19191383,8299,696258271
2014-09-05,37.4,39.55,39.55,37.4,2.55,1,32780199,12918,1272457311
2014-09-09,39.95,38.8,40.55,37.9,-0.75,-1,24156520,10284,948579869
2014-09-10,38.0,38.5,39.9,37.75,-0.3,-1,21013955,8179,818117258
2014-09-11,38.5,36.2,39.0,36.2,-2.3,-1,20266350,8761,758006989
2014-09-12,36.2,34.9,36.75,34.25,-1.3,-1,13904420,6370,489505728
2014-09-15,34.9,35.2,35.7,34.85,0.3,1,6250158,3170,220559025
2014-09-16,35.5,37.65,37.65,35.3,2.45,1,13179336,6276,483856797
2014-09-17,38.3,37.1,38.55,37.0,-0.55,-1,12354557,6044,466879611
2014-09-18,37.2,36.9,37.85,36.65,-0.2,-1,5405825,2814,200588776
2014-09-19,37.5,37.2,38.2,37.2,0.3,1,6132740,3213,230808023
2014-09-22,37.2,36.95,37.5,36.55,-0.25,-1,3373050,1854,124952545
2014-09-23,37.35,36.45,37.4,35.5,-0.5,-1,6368532,3295,229918282
2014-09-24,36.3,36.15,37.0,35.8,-0.3,-1,4063221,2144,147691224
2014-09-25,36.8,35.8,36.95,35.55,-0.35,-1,4172219,2121,150779593
2014-09-26,35.2,35.7,36.1,35.0,-0.1,-1,3291342,1790,117186712
2014-09-29,36.0,37.1,37.1,36.0,1.4,1,3977422,2161,145861956
2014-09-30,37.1,36.25,37.15,36.25,-0.85,-1,3930646,2132,144027220
2014-10-01,36.2,35.9,36.7,35.5,-0.35,-1,3045546,1767,109576592
2014-10-02,35.5,35.9,36.4,35.3,0.0,0,2588120,1409,92768596
2014-10-03,36.3,35.5,36.4,35.5,-0.4,-1,2145248,1286,76805626
2014-10-06,35.5,35.0,35.9,34.95,-0.5,-1,2502666,1455,88252091
2014-10-07,35.0,35.1,36.1,35.0,0.1,1,3789184,2161,134775870
2014-10-08,35.1,33.0,35.45,32.8,-2.1,-1,4633770,2299,156969239
2014-10-09,33.95,31.7,34.0,31.2,-1.3,-1,7674586,3690,246957924
2014-10-13,30.3,29.5,30.8,29.5,-2.2,-1,3557600,1730,106626200
2014-10-14,29.0,31.55,31.55,29.0,2.05,1,5936118,2995,180727520
2014-10-15,31.55,31.8,33.0,30.5,0.25,1,8672000,4516,275603300
2014-10-16,31.3,31.25,32.3,30.7,-0.55,-1,5330840,2922,168506941
2014-10-17,31.85,29.9,32.15,29.6,-1.35,-1,4437200,2540,136779960
2014-10-20,30.1,29.65,30.8,28.85,-0.25,-1,4667154,2571,138772173
2014-10-21,29.65,30.05,30.65,29.2,0.4,1,3488000,2013,104951650
2014-10-22,30.65,29.35,30.75,29.1,-0.7,-1,3517430,2000,104930940
2014-10-23,29.35,28.2,29.75,27.6,-1.15,-1,6273029,3111,177950002
2014-10-24,29.0,28.7,29.9,28.6,0.5,1,6281709,3336,183855145
2014-10-27,28.8,26.8,28.9,26.7,-1.9,-1,4995627,2474,137670401
2014-10-28,27.2,27.9,28.1,26.5,1.1,1,4435667,2428,121046458
2014-10-29,28.2,29.85,29.85,27.75,1.95,1,4446301,2128,129413234
2014-10-30,29.85,30.2,30.55,29.6,0.35,1,7526682,3120,226744045
2014-10-31,30.55,30.25,30.9,29.8,0.05,1,4917100,2108,149758080
2014-11-03,30.5,30.15,31.1,29.6,-0.1,-1,4070032,2130,123681610
2014-11-04,30.65,29.9,30.65,29.85,-0.25,-1,1689673,944,50840318
2014-11-05,30.05,29.85,30.5,29.65,-0.05,-1,2401404,1172,72296629
2014-11-06,29.9,28.5,30.2,28.3,-1.35,-1,2892677,1627,83723126
2014-11-07,28.7,28.85,29.15,28.3,0.35,1,1699077,1002,48973983
2014-11-10,29.2,28.6,29.3,28.55,-0.25,-1,1354838,801,39105051
2014-11-11,28.9,29.7,30.25,28.8,1.1,1,3588200,2180,106796650
2014-11-12,29.7,29.55,30.15,28.95,-0.15,-1,2065529,1228,60872497
2014-11-13,29.0,28.85,29.6,28.85,-0.7,-1,1587791,912,46241309
2014-11-14,29.0,29.1,29.65,28.9,0.25,1,1736909,1027,50764991
2014-11-17,29.1,28.5,29.2,28.3,-0.6,-1,1433097,828,41062224
2014-11-18,28.7,27.3,28.8,26.7,-1.2,-1,2610099,1381,71608850
2014-11-19,27.3,27.45,27.7,27.05,0.15,1,1409295,785,38689462
2014-11-20,27.75,28.4,29.05,27.75,0.95,1,3012100,1662,86079085
2014-11-21,28.4,28.3,28.9,28.2,-0.1,-1,1325711,775,37647605
2014-11-24,28.45,29.15,29.7,28.35,0.85,1,3004549,1600,87194580
2014-11-25,29.3,29.05,29.55,28.8,-0.1,-1,2379900,1271,69463250
2014-11-26,29.2,29.95,30.2,29.05,0.9,1,3931356,1992,117391158
2014-11-27,30.0,29.7,30.2,29.4,-0.25,-1,2439044,1295,72614732
2014-11-28,29.95,29.2,30.3,29.2,-0.5,-1,2577454,1436,76989666
2014-12-01,28.3,29.5,29.5,28.1,0.3,1,1817300,1027,52968249
2014-12-02,29.5,31.55,31.55,29.25,2.05,1,6249536,2995,192821357
2014-12-03,32.85,33.75,33.75,32.45,2.2,1,6425796,2427,212866011
2014-12-04,35.75,36.1,36.1,35.2,2.35,1,5209905,1688,187240168
2014-12-05,36.2,36.4,36.95,34.95,0.3,1,21581978,9475,776378196
2014-12-08,36.5,36.25,37.5,36.05,-0.15,-1,11503731,5652,423236095
2014-12-09,36.0,35.1,36.45,35.1,-1.15,-1,5204588,2858,185167984
2014-12-10,35.1,35.55,36.1,35.0,0.45,1,6924987,3667,246684485
2014-12-11,35.55,35.65,36.3,35.4,0.1,1,4238536,2303,151783807
2014-12-12,36.3,38.1,38.1,36.0,2.45,1,22550012,7753,851925255
2014-12-15,37.95,38.7,39.95,37.8,0.6,1,29023475,12548,1131168649
2014-12-16,38.7,37.45,39.25,37.2,-1.25,-1,13026168,6252,497445248
2014-12-17,37.5,38.0,38.35,37.1,0.55,1,9169152,4703,346876208
2014-12-18,38.7,37.1,38.8,37.1,-0.9,-1,7904533,3975,298456777
2014-12-19,37.95,35.5,38.0,34.7,-1.6,-1,8581064,4417,310726240
2014-12-22,35.6,37.95,37.95,35.1,2.45,1,9898631,4922,364496494
2014-12-23,38.1,37.15,38.2,37.0,-0.8,-1,6120479,3206,229469542
2014-12-24,37.0,37.3,38.35,36.9,0.15,1,6355406,3567,239419140
2014-12-25,37.35,37.25,37.75,36.8,-0.05,-1,3088533,1670,115035279
2014-12-26,37.6,38.35,38.7,37.35,1.1,1,8997496,4601,343132195
2014-12-27,38.5,38.05,38.7,37.95,-0.3,-1,5560411,2851,213067037
2014-12-29,38.1,37.5,38.7,37.5,-0.55,-1,4600431,2327,174992727
2014-12-30,37.7,37.55,38.1,37.3,0.05,1,2612192,1512,98354106
2014-12-31,37.7,37.8,38.2,37.5,0.25,1,2653750,1527,100525449
2015-01-05,37.9,38.1,38.65,37.6,0.3,1,5323220,2669,204056780
2015-01-06,37.6,37.4,38.05,36.8,-0.7,-1,4113282,2186,153743375
2015-01-07,37.4,36.75,37.8,36.55,-0.65,-1,3250501,1811,120384636
2015-01-08,36.75,36.3,37.0,35.7,-0.45,-1,7312844,3558,265073370
2015-01-09,36.75,36.6,37.1,36.4,0.3,1,2986089,1582,109697492
2015-01-12,35.5,36.7,37.3,35.5,0.1,1,4092602,2206,150361522
2015-01-13,36.5,36.4,36.9,36.3,-0.3,-1,1875514,1054,68652806
2015-01-14,36.4,36.25,36.8,36.05,-0.15,-1,1729855,944,62829785
2015-01-15,36.5,36.1,36.65,35.9,-0.15,-1,1546100,819,55935270
2015-01-16,36.0,34.5,36.15,34.2,-1.6,-1,4245400,2360,148125590
2015-01-19,35.0,34.35,35.15,33.85,-0.15,-1,2221180,1094,76626192
2015-01-20,34.35,35.3,35.6,34.1,0.95,1,2749192,1629,96675538
2015-01-21,35.5,35.0,35.65,34.7,-0.3,-1,1410288,853,49349021
2015-01-22,35.4,34.8,35.6,34.8,-0.2,-1,1480399,959,51901005
2015-01-23,35.2,35.0,35.55,35.0,0.2,1,1510646,858,53214330
2015-01-26,35.0,34.8,35.25,34.55,-0.2,-1,1009354,611,35174675
2015-01-27,35.9,37.2,37.2,35.55,2.4,1,5368780,1893,197850062
2015-01-28,37.5,36.8,38.3,36.6,-0.4,-1,16857068,7273,635040625
2015-01-29,36.8,36.9,37.1,36.1,0.1,1,3931290,2159,144214030
2015-01-30,37.1,36.8,37.8,36.8,-0.1,-1,3618023,1893,134737686
2015-02-02,37.0,36.3,37.15,36.0,-0.5,-1,1954502,1063,71286722
2015-02-03,36.5,36.65,37.2,36.15,0.35,1,2230553,1216,81708954
2015-02-04,36.8,36.2,37.15,36.2,-0.45,-1,2057253,1139,75209308
2015-02-05,36.2,36.2,36.5,35.6,0.0,0,1990000,1145,71510250
2015-02-06,36.3,36.05,36.9,36.0,-0.15,-1,2311930,1334,84144891
2015-02-09,36.05,35.85,36.35,35.7,-0.2,-1,1056736,672,38017634
2015-02-10,35.8,35.7,36.5,35.65,-0.15,-1,1606729,959,58030424
2015-02-11,36.2,35.85,36.35,35.8,0.15,1,1049002,613,37729472
2015-02-12,36.15,35.2,36.15,35.1,-0.65,-1,1556374,772,55153693
2015-02-13,35.3,36.4,37.3,35.3,1.2,1,4605805,2574,168282140
2015-02-24,36.9,36.35,37.1,36.35,-0.05,-1,1825000,997,67025797
2015-02-25,36.5,36.85,37.15,36.0,0.5,1,2125063,1185,77997255
2015-02-26,36.9,36.85,37.45,36.75,0.0,0,2776010,1530,102874216
2015-03-02,37.2,36.45,37.2,36.35,-0.4,-1,1130000,697,41332349
2015-03-03,36.5,36.25,36.85,36.1,-0.2,-1,1121962,685,40753171
2015-03-04,36.2,36.3,37.15,36.2,0.05,1,2163755,1353,79433793
2015-03-05,36.5,36.3,36.7,36.2,0.0,0,1085372,692,39483652
2015-03-06,36.4,36.3,36.85,36.3,0.0,0,1470429,906,53690485
2015-03-09,36.3,35.65,36.45,35.5,-0.65,-1,1841613,1089,66013933
2015-03-10,35.85,35.25,36.1,35.2,-0.4,-1,1430059,853,50783089
2015-03-11,35.0,35.2,35.75,35.0,-0.05,-1,1354121,833,47921905
2015-03-12,35.3,36.0,36.85,35.3,0.8,1,4242765,2313,153954590
2015-03-13,36.3,35.95,36.65,35.8,-0.05,-1,1965080,1182,71148204
2015-03-16,36.0,35.7,36.35,35.7,-0.25,-1,994530,590,35663945
2015-03-17,36.1,35.9,36.45,35.8,0.2,1,2007407,1116,72582508
2015-03-18,36.3,35.8,36.55,35.8,-0.1,-1,1475668,852,53279212
2015-03-19,36.3,36.45,36.45,35.8,0.65,1,2172292,1124,78616635
2015-03-20,36.9,39.0,39.0,36.75,2.55,1,11215114,4341,432208146
2015-03-23,40.3,37.7,40.75,37.7,-1.3,-1,18217617,8184,722095976
2015-03-24,38.1,38.95,39.2,38.1,1.25,1,9366193,4469,362597611
2015-03-25,39.6,38.25,39.7,38.1,-0.7,-1,5233454,2590,202053277
2015-03-26,37.3,37.5,38.1,37.1,-0.75,-1,3702000,1815,138672396
2015-03-27,37.8,36.85,38.05,36.4,-0.65,-1,2680623,1527,100078304
2015-03-30,36.85,34.3,37.0,34.3,-2.55,-1,6060652,3180,210541542
2015-03-31,34.3,33.8,34.7,31.9,-0.5,-1,4283333,2485,141101705
2015-04-01,33.1,32.55,33.4,32.35,-1.25,-1,2704532,1652,88817093
2015-04-02,32.8,33.6,34.15,32.6,1.05,1,3363887,1953,112833990
2015-04-07,33.6,33.2,34.0,32.8,-0.4,-1,2623651,1578,87423275
2015-04-08,33.25,33.0,33.7,32.65,-0.2,-1,1967503,1235,65166498
2015-04-09,33.2,32.95,33.5,32.7,-0.05,-1,1831000,1026,60560800
2015-04-10,33.0,33.15,33.85,33.0,0.2,1,3784641,1661,126669730
2015-04-13,33.2,32.85,33.4,32.55,-0.3,-1,1901245,1068,62385660
2015-04-14,32.65,32.75,33.3,32.65,-0.1,-1,1470429,918,48490621
2015-04-15,32.95,33.7,35.0,32.75,0.95,1,8773066,3536,301570514
2015-04-16,33.5,33.4,33.95,32.9,-0.3,-1,2882763,1643,95999828
2015-04-17,33.5,31.7,33.5,31.3,-1.7,-1,4237101,2291,135371800
2015-04-20,31.2,30.7,31.5,30.3,-1.0,-1,2789528,1599,85915858
2015-04-21,30.9,30.75,31.55,30.15,0.05,1,2284982,1315,70431599
2015-04-22,31.2,31.05,31.35,30.75,0.3,1,1377141,852,42756721
2015-04-23,31.2,31.15,31.5,31.15,0.1,1,1321236,792,41379500
2015-04-24,31.3,31.2,32.25,31.15,0.05,1,1586312,1022,50096172
2015-04-27,31.5,33.35,33.35,31.5,2.15,1,4985661,2309,163443886
2015-04-28,33.45,32.3,33.65,32.2,-1.05,-1,5620876,2590,185599752
2015-04-29,32.3,32.2,32.75,32.0,-0.1,-1,2993450,1357,97181038
2015-04-30,32.5,32.6,33.2,32.25,0.4,1,2669559,1506,87538059
2015-05-04,33.5,32.7,33.55,32.4,0.1,1,2286541,1145,75237531
2015-05-05,32.6,31.9,33.2,31.75,-0.8,-1,1955986,1021,63026755
2015-05-06,31.75,31.9,32.3,31.6,0.0,0,1577688,948,50480644
2015-05-07,31.9,31.15,32.05,31.05,-0.75,-1,1444200,823,45356040
2015-05-08,31.25,30.65,31.5,30.5,-0.5,-1,1609260,950,49480444
2015-05-11,30.65,28.55,31.05,28.55,-2.1,-1,3378785,1684,98038761
2015-05-12,28.55,28.05,28.75,26.6,-0.5,-1,4840616,2151,133821482
2015-05-13,27.2,27.5,28.15,27.2,-0.55,-1,2604699,1487,71891910
2015-05-14,27.5,27.6,28.0,27.2,0.1,1,1646402,928,45655004
2015-05-15,27.6,26.85,28.45,26.85,-0.75,-1,3034862,1583,82946042
2015-05-18,26.8,25.0,26.9,25.0,-1.85,-1,3924002,1757,99711400
2015-05-19,24.0,25.9,25.95,24.0,0.9,1,3291256,1818,82986538
2015-05-20,25.8,25.75,26.3,25.45,-0.15,-1,1695050,1002,44046955
2015-05-21,25.2,25.95,26.35,25.2,0.2,1,1752444,1009,45483653
2015-05-22,26.3,26.4,27.2,26.2,0.45,1,2357393,1405,62924215
2015-05-25,26.25,26.0,26.85,26.0,-0.4,-1,1332999,776,35030573
2015-05-26,26.2,25.7,26.6,25.55,-0.3,-1,1088597,668,28056372
2015-05-27,25.2,25.75,26.15,25.2,0.05,1,1247665,726,32237973
2015-05-28,26.0,26.35,26.6,25.9,0.6,1,1984385,1182,52148892
2015-05-29,26.6,26.65,27.2,26.35,0.3,1,2339584,1325,62916526
2015-06-01,26.65,25.9,26.85,25.85,-0.75,-1,1439601,768,37659044
2015-06-02,26.0,25.75,26.35,25.75,-0.15,-1,1420614,818,37032878
2015-06-03,26.0,23.5,26.25,23.5,-2.25,-1,4209200,1954,103171839
2015-06-04,23.4,21.35,23.45,21.15,-2.15,-1,7576399,3463,165678914
2015-06-05,21.35,20.85,22.1,20.25,-0.5,-1,4906200,2532,103750109
2015-06-08,21.2,19.6,21.5,19.5,-1.25,-1,5073500,2264,102577325
2015-06-09,19.1,17.65,19.3,17.65,-1.95,-1,5649730,2341,102424783
2015-06-10,17.65,19.4,19.4,17.65,1.75,1,6814322,2813,128086546
2015-06-11,20.1,21.3,21.3,19.9,1.9,1,7226142,3280,149961171
2015-06-12,21.5,23.4,23.4,21.5,2.1,1,9269413,3523,211306763
2015-06-15,23.95,24.0,25.5,23.7,0.6,1,19476818,7901,474019311
2015-06-16,24.1,23.05,24.1,22.5,-0.95,-1,7077324,3284,162496664
2015-06-17,23.35,24.7,25.15,23.1,1.65,1,7219140,3816,176540094
2015-06-18,24.8,24.25,24.8,23.7,-0.45,-1,4279520,2276,103472512
2015-06-22,24.8,24.2,25.35,24.2,-0.05,-1,3374110,1841,83175228
2015-06-23,24.4,23.65,24.8,23.5,-0.55,-1,3423579,1809,81771646
2015-06-24,24.0,24.1,24.8,24.0,0.45,1,5110800,2554,124693000
2015-06-25,24.1,24.8,25.3,24.0,0.7,1,7489436,3735,186035550
2015-06-26,25.1,24.2,25.15,24.15,-0.6,-1,2727550,1500,67121486
2015-06-29,23.5,22.8,23.85,22.8,-1.4,-1,3201386,1618,74103189
2015-06-30,22.8,23.4,24.2,22.75,0.6,1,3014174,1745,70726620
2015-07-01,23.4,25.7,25.7,23.4,2.3,1,7147154,2852,180487957
2015-07-02,26.8,26.6,27.6,26.6,0.9,1,13818447,5956,374198539
2015-07-03,26.8,27.2,27.85,26.65,0.6,1,7062522,3697,192288524
2015-07-06,27.1,27.0,28.7,26.95,-0.2,-1,7019262,3685,194426003
2015-07-07,28.0,26.95,28.0,26.05,-0.05,-1,4826322,2400,130305926
2015-07-08,27.1,25.75,27.2,24.6,-1.2,-1,5099120,2509,131271138
2015-07-09,24.75,24.8,25.75,23.8,-0.95,-1,4967031,2473,122883925
2015-07-13,25.7,25.15,25.95,25.1,0.35,1,2285577,1252,58033925
2015-07-14,25.5,24.4,26.1,24.4,-0.75,-1,3285139,1860,82887825
2015-07-15,24.6,24.55,25.0,24.15,0.15,1,2018110,1193,49593478
2015-07-16,24.9,27.0,27.0,24.45,2.45,1,10778224,5116,283515898
2015-07-17,27.05,26.4,27.45,26.4,-0.6,-1,6175000,3093,165697650
2015-07-20,26.8,26.15,27.35,26.1,-0.25,-1,4773176,2607,127614354
2015-07-21,26.45,26.0,26.7,25.6,-0.15,-1,2536589,1480,66243980
2015-07-22,25.8,26.2,27.3,25.75,0.2,1,5487258,3047,146544209
2015-07-23,26.5,25.2,27.1,24.0,-1.0,-1,6668242,3628,171291896
2015-07-24,25.4,24.85,25.6,24.25,-0.35,-1,3808890,2226,94422683
2015-07-27,24.7,22.55,25.3,22.4,-2.3,-1,4635200,2539,109215199
2015-07-28,22.55,23.0,23.5,22.0,0.45,1,3455685,2126,78738850
2015-07-29,23.75,24.2,25.15,23.6,1.2,1,6628054,3783,161008350
2015-07-30,24.2,23.8,24.5,23.5,-0.4,-1,3273520,1858,78604330
2015-07-31,23.8,23.75,24.3,23.5,-0.05,-1,2383500,1414,56913900
2015-08-03,23.75,23.4,23.75,22.85,-0.35,-1,2155000,1161,50131550
2015-08-04,23.7,21.75,23.95,21.75,-1.65,-1,3505107,1951,79438861
2015-08-05,20.25,22.35,22.35,20.25,0.6,1,3857000,1917,83606050
2015-08-06,22.55,20.6,22.75,20.4,-1.75,-1,4022386,2166,85555413
2015-08-07,20.1,20.7,20.95,19.6,0.1,1,2927572,1582,59719446
2015-08-10,20.75,22.75,22.75,20.75,2.05,1,3762322,1792,83482275
2015-08-11,23.45,22.0,23.65,22.0,-0.75,-1,7298329,3243,167826638
2015-08-12,22.3,22.45,22.5,21.75,0.45,1,2870000,1578,63644650
2015-08-13,22.8,22.65,23.3,22.5,0.2,1,3286770,1607,75189575
2015-08-14,22.75,22.45,22.9,22.35,-0.2,-1,1426631,756,32131619
2015-08-17,22.65,22.1,22.75,22.0,-0.35,-1,1140300,672,25474050
2015-08-18,22.3,22.15,22.65,21.85,0.05,1,2090300,1059,46489930
2015-08-19,22.2,20.75,22.3,20.5,-1.4,-1,2962100,1728,62273120
2015-08-20,20.2,21.7,22.25,20.2,0.95,1,3961320,2335,85368312
2015-08-21,21.1,20.95,21.45,20.8,-0.75,-1,1933409,1169,40710800
2015-08-24,20.3,19.0,20.5,18.9,-1.95,-1,3504175,1773,67618156
2015-08-25,17.6,19.8,20.1,17.6,0.8,1,3134980,1732,60263354
2015-08-26,19.6,19.9,20.25,19.0,0.1,1,1953095,1184,38565589
2015-08-27,20.25,20.0,20.55,19.85,0.1,1,2291000,1216,46413150
2015-08-28,20.55,20.5,21.4,20.3,0.5,1,2857245,1603,59428622
2015-08-31,20.5,20.6,21.0,20.35,0.1,1,1297270,827,26799025
2015-09-01,20.6,20.75,21.15,20.5,0.15,1,1311000,814,27167250
2015-09-02,20.5,21.7,22.1,20.4,0.95,1,4669310,2595,100026646
2015-09-03,21.7,21.7,22.0,21.4,0.0,0,2503527,1297,54377312
2015-09-04,21.95,21.2,22.6,21.2,-0.5,-1,3036000,1590,66756800
2015-09-07,21.35,21.5,21.95,21.35,0.3,1,1709574,971,36954590
2015-09-08,21.8,21.7,22.25,21.5,0.2,1,2453670,1212,53697988
2015-09-09,22.2,21.95,22.3,21.9,0.25,1,2840219,1442,62828835
2015-09-10,21.9,24.1,24.1,21.9,2.15,1,9093875,3736,214150986
2015-09-11,24.45,23.7,24.5,23.55,-0.4,-1,5296579,2414,126788836
2015-09-14,23.9,24.15,24.95,23.75,0.45,1,10876109,4783,265292438
2015-09-15,24.3,24.2,24.65,23.85,0.05,1,3868140,2055,93617923
2015-09-16,24.5,24.55,25.3,24.4,0.35,1,7073600,3334,176207550
2015-09-17,24.8,24.25,24.85,24.25,-0.3,-1,3644000,1769,89210900
2015-09-18,24.6,24.75,25.5,24.5,0.5,1,6118437,2923,152932500
2015-09-21,24.65,24.1,24.65,24.0,-0.65,-1,2694500,1488,65283549
2015-09-22,24.0,24.0,24.4,23.6,-0.1,-1,2534500,1289,60540849
2015-09-23,23.8,23.75,25.1,23.75,-0.25,-1,5817912,3059,142300839
2015-09-24,24.2,22.45,24.25,21.8,-1.3,-1,3845500,2085,87944250
2015-09-25,22.75,22.95,23.05,22.3,0.5,1,2106322,1235,47956856
2015-09-30,22.4,22.65,23.1,22.4,-0.3,-1,1176481,718,26699570
2015-10-01,23.2,22.95,23.2,22.8,0.3,1,1528000,876,35106600
2015-10-02,23.1,23.2,23.95,23.0,0.25,1,3265015,1749,76755146
2015-10-05,23.55,23.45,23.9,23.3,0.25,1,1610050,895,37909965
2015-10-06,23.8,22.85,24.0,22.8,-0.6,-1,2197957,1240,51369914
2015-10-07,22.85,23.3,23.3,22.85,0.45,1,1291603,778,29844008
2015-10-08,23.5,22.6,23.55,22.6,-0.7,-1,1569749,930,35850526
2015-10-12,22.7,22.9,23.05,22.5,0.3,1,819600,550,18645699
2015-10-13,23.1,23.2,23.5,23.0,0.3,1,1749100,1048,40750875
2015-10-14,23.2,23.0,23.35,23.0,-0.2,-1,1016000,604,23536550
2015-10-15,23.1,22.95,23.3,22.9,-0.05,-1,1026030,550,23664690
2015-10-16,23.25,23.1,23.55,23.05,0.15,1,1741783,822,40633436
2015-10-19,23.2,22.95,23.3,22.8,-0.15,-1,990100,622,22734100
2015-10-20,22.95,23.35,24.2,22.95,0.4,1,4423090,2321,104670238
2015-10-21,23.45,23.05,23.5,23.0,-0.3,-1,1222090,646,28309488
2015-10-22,23.25,23.0,23.4,23.0,-0.05,-1,939000,520,21739500
2015-10-23,23.5,23.65,23.9,23.15,0.65,1,4574600,2246,108118690
2015-10-26,23.95,23.45,24.05,23.45,-0.2,-1,2498822,1207,59352367
2015-10-27,23.55,23.3,23.8,23.2,-0.15,-1,1481714,733,34686813
2015-10-28,23.55,23.7,24.6,23.55,0.4,1,5613310,3037,135218459
2015-10-29,23.85,23.2,23.95,23.15,-0.5,-1,1751438,1017,40969616
2015-10-30,23.3,23.1,23.5,22.8,-0.1,-1,1325322,767,30696556
2015-11-02,23.1,23.1,23.35,22.9,0.0,0,1007500,586,23328950
2015-11-03,23.55,23.25,23.6,23.1,0.15,1,1407429,845,32817909
2015-11-04,23.45,23.15,23.5,23.1,-0.1,-1,1341960,751,31162675
2015-11-05,23.4,23.35,23.85,23.2,0.2,1,2777968,1329,65507555
2015-11-06,23.5,23.0,23.55,22.9,-0.35,-1,1400302,742,32356906
2015-11-09,22.95,21.6,23.2,21.25,-1.4,-1,2861210,1552,62923428
2015-11-10,21.3,21.6,21.9,21.25,0.0,0,1432100,779,30980030
2015-11-11,21.8,20.8,22.05,20.5,-0.8,-1,2027510,1078,43147456
2015-11-12,20.85,20.9,21.2,20.35,0.1,1,1615050,818,33613254
2015-11-13,20.55,21.1,21.75,20.55,0.2,1,1928752,1140,41148792
2015-11-16,20.65,21.5,21.6,20.65,0.4,1,1778340,1027,37884058
2015-11-17,21.9,21.55,22.05,21.5,0.05,1,1300407,815,28321159
2015-11-18,21.7,22.2,22.9,21.7,0.65,1,3981428,2080,89259558
2015-11-19,22.45,22.4,22.95,22.25,0.2,1,2178965,1134,49120869
2015-11-20,22.7,22.4,23.2,22.35,0.0,0,2778315,1334,63109674
2015-11-23,22.8,22.1,22.8,22.1,-0.3,-1,1411000,794,31373950
2015-11-24,22.1,21.9,22.6,21.9,-0.2,-1,1737615,942,38539407
2015-11-25,22.1,21.6,22.2,21.6,-0.3,-1,1339200,759,29228810
2015-11-26,22.4,23.75,23.75,22.2,2.15,1,5041440,1697,118622799
2015-11-27,24.55,24.1,24.85,23.75,0.35,1,18560704,7556,452866686
2015-11-30,24.2,23.4,24.2,23.3,-0.7,-1,4135749,2065,98266974
2015-12-01,23.85,24.0,24.35,23.3,0.6,1,4569344,2325,109171123
2015-12-02,24.25,23.75,24.6,23.6,-0.25,-1,7037000,2939,169740900
2015-12-03,23.65,24.1,25.3,23.65,0.35,1,12097751,5124,297562935
2015-12-04,24.0,24.05,24.4,23.8,-0.05,-1,2968563,1526,71266789
2015-12-07,24.75,23.9,24.75,23.8,-0.15,-1,3042030,1412,73515968
2015-12-08,24.25,23.0,24.25,22.95,-0.9,-1,3568646,1735,83188258
2015-12-09,23.2,21.65,23.3,21.5,-1.35,-1,3529004,1780,78318437
2015-12-10,21.3,22.05,22.2,21.2,0.4,1,1990000,1169,43314600
2015-12-11,22.1,20.95,22.35,20.85,-1.1,-1,1971704,1015,42516097
2015-12-14,20.6,21.3,21.9,20.2,0.35,1,2084600,1228,44498870
2015-12-15,21.6,21.55,21.8,21.3,0.25,1,1104367,632,23810807
2015-12-16,21.8,21.6,21.95,21.5,0.05,1,1169423,651,25341385
2015-12-17,21.8,21.75,22.25,21.6,0.15,1,1429154,737,31252649
2015-12-18,21.9,21.75,21.9,21.55,0.0,0,843000,464,18310950
2015-12-21,21.4,21.55,21.75,21.4,-0.2,-1,1024800,562,22103929
2015-12-22,21.7,21.6,22.0,21.55,0.05,1,991543,564,21600524
2015-12-23,21.85,21.65,22.3,21.6,0.05,1,2039639,999,44711138
2015-12-24,21.8,21.4,21.9,21.15,-0.25,-1,1192073,640,25509791
2015-12-25,21.75,21.7,22.1,21.55,0.3,1,2164540,1166,47351363
2015-12-28,22.05,21.65,22.1,21.55,-0.05,-1,805137,464,17536267
2015-12-29,21.65,21.3,21.7,21.3,-0.35,-1,749020,428,16030784
2015-12-30,21.45,21.4,21.7,21.4,0.1,1,756105,364,16233141
2015-12-31,21.45,21.15,21.55,21.1,-0.25,-1,813216,466,17286175
2016-01-04,21.15,20.35,21.35,20.3,-0.8,-1,1501959,795,31006909
2016-01-05,20.15,20.15,20.5,19.9,-0.2,-1,1148000,616,23142500
2016-01-06,20.1,19.5,20.35,19.3,-0.65,-1,2083000,1008,41155850
2016-01-07,19.5,18.6,19.7,18.3,-0.9,-1,1911542,973,36102987
2016-01-08,18.55,19.5,19.5,18.5,0.9,1,1763000,896,33666800
2016-01-11,19.6,19.1,19.6,18.9,-0.4,-1,842000,463,16175300
2016-01-12,19.2,18.75,20.0,18.7,-0.35,-1,2386486,1263,46252036
2016-01-13,19.5,19.0,19.6,19.0,0.25,1,1089841,627,20944047
2016-01-14,18.55,19.0,19.45,18.5,0.0,0,1559000,789,29646200
2016-01-15,19.5,19.35,19.75,19.2,0.35,1,1879756,943,36600100
2016-01-18,18.8,19.85,19.9,18.8,0.5,1,2033072,1014,39844230
2016-01-19,19.9,19.75,20.15,19.55,-0.1,-1,1075000,580,21271500
2016-01-20,19.8,18.95,19.95,18.95,-0.8,-1,1041126,587,20220534
2016-01-21,19.0,18.8,19.3,18.8,-0.15,-1,575000,345,10901700
2016-01-22,19.1,18.85,19.3,18.6,0.05,1,728198,403,13793030
2016-01-25,19.15,19.0,19.2,19.0,0.15,1,583000,289,11109450
2016-01-26,18.9,18.85,19.1,18.85,-0.15,-1,315107,196,5966916
2016-01-27,19.0,18.65,19.05,18.65,-0.2,-1,376000,223,7079600
2016-01-28,18.65,18.6,18.85,18.4,-0.05,-1,636622,375,11886330
2016-01-29,18.7,19.0,19.15,18.7,0.4,1,899492,508,17076422
2016-01-30,19.65,20.9,20.9,19.5,1.9,1,2729558,1164,56166111
2016-02-01,21.55,20.9,21.75,20.9,0.0,0,7333867,3022,156567889
2016-02-02,20.8,20.75,21.05,20.5,-0.15,-1,1883217,845,39060802
2016-02-03,20.7,20.85,21.6,20.7,0.1,1,3721057,1838,78708935
2016-02-15,20.6,20.3,20.9,20.3,-0.55,-1,1074004,574,22062931
2016-02-16,20.45,20.55,20.8,20.45,0.25,1,778030,449,16052213
2016-02-17,20.75,20.5,21.15,20.45,-0.05,-1,1311530,802,27292671
2016-02-18,20.85,21.05,21.35,20.65,0.55,1,2077711,1085,43730494
2016-02-19,21.3,20.65,21.35,20.55,-0.4,-1,1306098,747,27204826
2016-02-22,20.0,20.05,20.3,19.8,-0.6,-1,1850872,856,37042750
2016-02-23,20.25,20.3,20.5,20.2,0.25,1,879206,473,17878741
2016-02-24,20.5,20.0,20.65,20.0,-0.3,-1,884200,516,17874790
2016-02-25,20.2,20.0,20.35,20.0,0.0,0,529401,301,10653629
2016-02-26,20.3,20.2,20.3,20.05,0.2,1,700005,355,14118849
2016-03-01,20.3,20.15,20.3,20.1,-0.05,-1,634055,338,12800908
2016-03-02,20.3,20.25,20.45,20.25,0.1,1,838001,415,17035370
2016-03-03,20.25,20.8,20.8,20.25,0.55,1,1986690,1262,40962150
2016-03-04,21.15,22.2,22.85,21.0,1.4,1,11320899,4895,251086105
2016-03-07,22.4,21.55,22.45,21.5,-0.65,-1,3093297,1656,67715601
2016-03-08,21.4,21.35,21.65,21.2,-0.2,-1,1592000,820,34081400
2016-03-09,21.45,21.65,22.35,21.45,0.3,1,3421000,1814,75235450
2016-03-10,21.9,21.95,22.1,21.75,0.3,1,2115187,753,46366275
2016-03-11,22.6,21.85,22.9,21.85,-0.1,-1,4256108,1766,94717147
2016-03-14,22.15,22.3,22.3,21.9,0.45,1,1949214,838,43098950
2016-03-15,22.55,21.65,22.75,21.65,-0.65,-1,3377570,1580,75539333
2016-03-16,22.2,22.0,22.25,21.85,0.35,1,1125510,592,24775794
2016-03-17,22.8,21.85,22.8,21.8,-0.15,-1,1508233,646,33365213
2016-03-18,22.0,21.85,22.2,21.7,0.0,0,1075166,415,23543050
2016-03-21,22.15,22.1,22.5,21.95,0.25,1,1789300,845,39741480
2016-03-22,22.3,21.9,22.3,21.8,-0.2,-1,810000,378,17792050
2016-03-23,22.1,21.75,22.1,21.75,-0.15,-1,512000,304,11196448
2016-03-24,21.5,21.3,21.55,21.1,-0.45,-1,737329,430,15694856
2016-03-25,21.6,21.3,21.6,21.25,0.0,0,996000,230,21232350
2016-03-28,21.45,20.95,21.45,20.95,-0.35,-1,697167,369,14741073
2016-03-29,21.3,20.05,21.3,20.0,-0.9,-1,1143060,583,23376308
2016-03-30,20.15,20.5,20.7,20.15,0.45,1,1038163,517,21177465
2016-03-31,20.55,20.85,20.85,20.5,0.35,1,704337,414,14571924
2016-04-01,20.75,20.6,20.9,20.55,-0.25,-1,546020,248,11291460
2016-04-06,20.6,20.4,20.6,20.3,-0.2,-1,379025,198,7732907
2016-04-07,20.7,21.25,21.85,20.55,0.85,1,2472000,1399,52684398
2016-04-08,21.3,21.4,22.0,21.3,0.15,1,1878728,993,40677718
2016-04-11,21.5,21.15,21.55,21.1,-0.25,-1,857258,522,18245518
2016-04-12,21.15,20.4,21.3,20.4,-0.75,-1,868734,553,18062326
2016-04-13,20.7,20.85,20.9,20.5,0.45,1,678000,457,14066300
2016-04-14,21.05,20.8,21.2,20.75,-0.05,-1,611342,356,12775529
2016-04-15,20.85,21.0,21.05,20.65,0.2,1,620322,261,12956029
2016-04-18,20.9,20.9,21.35,20.7,-0.1,-1,636218,386,13374329
2016-04-19,21.3,20.75,21.3,20.7,-0.15,-1,425448,231,8893593
2016-04-20,21.05,20.4,21.05,20.4,-0.35,-1,277001,167,5702420
2016-04-21,20.45,20.3,20.55,20.3,-0.1,-1,393000,184,7996500
2016-04-22,20.3,19.15,20.4,18.5,-1.15,-1,1670980,837,32257020
2016-04-25,19.1,19.55,19.75,18.9,0.4,1,966646,475,18797214
2016-04-26,19.75,19.65,19.95,19.5,0.1,1,450248,287,8869746
2016-04-27,19.65,19.3,20.0,19.3,-0.35,-1,427940,264,8415782
2016-04-28,19.45,19.15,19.55,19.15,-0.15,-1,406000,239,7819400
2016-04-29,19.05,19.15,19.4,19.05,0.0,0,347170,205,6654180
2016-05-03,19.25,18.95,19.3,18.7,-0.2,-1,539979,268,10228153
2016-05-04,19.0,18.2,19.1,18.2,-0.75,-1,831457,463,15452542
2016-05-05,18.5,18.2,18.6,18.05,0.0,0,562000,324,10268600
2016-05-06,18.4,18.2,18.4,18.2,0.0,0,282353,155,5160559
2016-05-09,18.3,18.1,18.5,18.05,-0.1,-1,661214,186,12003852
2016-05-10,18.2,18.3,18.4,18.1,0.2,1,342239,220,6269410
2016-05-11,18.35,18.1,18.45,18.1,-0.2,-1,331004,170,6042322
2016-05-12,18.1,18.05,18.45,17.6,-0.05,-1,690488,218,12454084
2016-05-13,17.85,16.9,18.05,16.35,-1.15,-1,1177043,580,20038982
2016-05-16,16.75,17.45,17.5,16.5,0.55,1,734471,373,12539192
2016-05-17,17.9,19.0,19.15,17.3,1.55,1,2615536,1313,49067429
2016-05-18,18.8,18.8,19.7,18.7,-0.2,-1,2747567,1561,52902508
2016-05-19,18.85,18.25,19.15,18.25,-0.55,-1,1021002,579,19169936
2016-05-20,18.25,18.4,18.55,18.15,0.15,1,692000,398,12711700
2016-05-23,19.0,20.2,20.2,18.9,1.8,1,3058113,1379,60674632
2016-05-24,20.85,21.5,22.15,20.85,1.3,1,9697394,4236,209954508
2016-05-25,21.65,20.7,21.95,20.7,-0.8,-1,8459451,3516,181096889
2016-05-26,20.75,20.45,20.75,20.2,-0.25,-1,2471600,1193,50483807
2016-05-27,20.7,20.75,21.25,20.6,0.3,1,1755527,990,36727510
2016-05-30,21.2,22.3,22.8,21.2,1.55,1,7166326,3535,159448651
2016-05-31,22.3,21.95,22.5,21.55,-0.35,-1,4516599,2267,99268196
2016-06-01,21.95,21.65,22.5,21.65,-0.3,-1,2975433,1525,65450423
2016-06-02,21.8,21.35,22.0,21.3,-0.3,-1,1911431,1016,41256973
2016-06-03,21.65,21.5,22.55,21.5,0.15,1,4514285,2363,99490049
2016-06-04,21.35,21.45,21.55,21.1,-0.05,-1,1021769,613,21767879
2016-06-06,21.1,20.65,21.25,20.4,-0.8,-1,2396000,1187,49581450
2016-06-07,20.95,20.8,21.15,20.7,0.15,1,1059500,559,22106499
2016-06-08,21.0,20.75,21.15,20.75,-0.05,-1,1110237,407,23160267
2016-06-13,20.6,20.2,20.75,20.1,-0.55,-1,1240000,529,25165250
2016-06-14,20.2,20.4,20.6,20.2,0.2,1,1452000,406,29648300
2016-06-15,20.65,20.5,20.8,20.35,0.1,1,541214,313,11124715
2016-06-16,20.4,20.35,20.7,20.3,-0.15,-1,538467,305,10974330
2016-06-17,20.6,20.7,21.4,20.6,0.35,1,2483215,1287,52146804
2016-06-20,21.0,20.7,21.15,20.55,0.0,0,964353,506,20044980
2016-06-21,20.8,20.6,20.85,20.6,-0.1,-1,511371,310,10579704
2016-06-22,20.7,20.7,21.0,20.55,0.1,1,605123,313,12564838
2016-06-23,20.85,20.6,21.15,20.6,-0.1,-1,1294000,627,26992100
2016-06-24,20.65,19.4,20.8,19.4,-1.2,-1,1560634,850,31151835
2016-06-27,19.5,19.6,19.9,19.45,0.2,1,814000,403,16019850
2016-06-28,19.6,19.75,19.85,19.4,0.15,1,715030,350,14091594
2016-06-29,19.9,19.75,20.05,19.7,0.0,0,598399,308,11886809
2016-06-30,19.95,20.2,20.6,19.85,0.45,1,1700429,940,34502665
2016-07-01,20.3,20.15,20.5,20.15,-0.05,-1,703027,349,14257442
2016-07-04,20.2,20.05,20.4,20.05,-0.1,-1,408000,230,8229850
2016-07-05,20.2,20.3,20.6,20.2,0.25,1,1048646,550,21422199
2016-07-06,20.3,20.1,20.4,20.05,-0.2,-1,525000,296,10592150
2016-07-07,20.2,20.1,20.4,20.1,0.0,0,570322,308,11546406
2016-07-11,20.25,20.05,20.4,20.05,-0.05,-1,501386,232,10138939
2016-07-12,20.2,20.1,20.4,20.05,0.05,1,424864,230,8586180
2016-07-13,20.2,20.1,20.35,20.0,0.0,0,436322,263,8775372
2016-07-14,20.1,20.3,20.6,20.05,0.2,1,1269377,535,25904764
2016-07-15,20.55,20.55,20.7,20.4,0.25,1,939717,519,19292462
2016-07-18,20.75,20.8,21.4,20.75,0.25,1,2732364,1331,57680034
2016-07-19,21.0,20.7,21.1,20.7,-0.1,-1,859214,400,17855268
2016-07-20,20.7,20.45,20.95,20.45,-0.25,-1,908561,397,18695200
2016-07-21,20.7,20.45,20.85,20.4,0.0,0,657999,357,13529779
2016-07-22,20.8,20.8,21.55,20.8,0.35,1,4790300,2298,101412700
2016-07-25,20.8,20.4,20.95,20.4,-0.4,-1,992830,511,20407589
2016-07-26,20.55,20.5,20.65,20.4,0.1,1,376159,222,7711490
2016-07-27,20.6,20.3,20.65,20.25,-0.2,-1,646006,318,13171120
2016-07-28,20.3,20.15,20.6,20.15,-0.15,-1,519482,324,10559530
2016-07-29,20.15,20.1,20.3,20.1,-0.05,-1,367000,224,7392050
2016-08-01,20.2,20.15,20.3,20.0,0.05,1,556993,263,11200558
2016-08-02,20.25,20.0,20.25,19.95,-0.15,-1,770039,327,15444439
2016-08-03,20.0,19.9,20.1,19.75,-0.1,-1,383646,248,7625605
2016-08-04,20.0,19.9,20.1,19.8,0.0,0,334000,191,6665250
2016-08-05,20.0,20.0,20.3,19.95,0.1,1,483609,278,9712568
2016-08-08,20.15,19.9,20.2,19.9,-0.1,-1,407708,190,8150888
2016-08-09,19.9,19.75,20.15,19.7,-0.15,-1,422554,205,8394911
2016-08-10,19.75,19.75,20.0,19.75,0.0,0,264144,161,5235477
2016-08-11,19.85,19.6,19.95,19.5,-0.15,-1,410432,209,8051895
2016-08-12,19.7,19.6,20.15,19.6,0.0,0,538357,271,10660126
2016-08-15,19.7,19.45,19.8,19.3,-0.15,-1,283107,141,5516886
2016-08-16,19.65,19.5,19.7,19.45,0.05,1,239659,111,4679100
2016-08-17,19.6,19.3,19.6,19.25,-0.2,-1,247349,162,4788916
2016-08-18,19.3,19.6,19.9,19.3,0.3,1,1218536,493,23960002
2016-08-19,19.7,19.55,19.8,19.55,-0.05,-1,291959,172,5736704
2016-08-22,19.6,19.2,19.6,19.2,-0.35,-1,285000,164,5500550
2016-08-23,19.3,19.25,19.35,19.2,0.05,1,224214,133,4316647
2016-08-24,19.35,19.4,19.65,19.25,0.15,1,272399,164,5277150
2016-08-25,19.4,19.25,19.45,19.2,-0.15,-1,330660,192,6375969
2016-08-26,19.25,19.2,19.4,19.2,-0.05,-1,252000,147,4856950
2016-08-29,19.2,18.85,19.35,18.8,-0.35,-1,710404,332,13439211
2016-08-30,18.95,18.7,18.95,18.65,0.0,0,323708,202,6084750
2016-08-31,18.85,18.6,18.9,18.5,-0.1,-1,272300,160,5076124
2016-09-01,18.85,18.7,18.85,18.6,0.1,1,320600,185,5998099
2016-09-02,18.8,18.3,18.8,18.2,-0.4,-1,511592,275,9391372
2016-09-05,18.3,18.35,18.6,18.3,0.05,1,303503,166,5581978
2016-09-06,18.4,18.5,18.65,18.3,0.15,1,279465,162,5150379
2016-09-07,18.5,19.05,19.1,18.5,0.55,1,850275,429,16011445
2016-09-08,19.0,18.85,19.05,18.85,-0.2,-1,457809,196,8660658
2016-09-09,18.7,18.85,19.25,18.7,0.0,0,648155,372,12345717
2016-09-10,18.6,18.55,18.7,18.55,-0.3,-1,163620,114,3043301
2016-09-12,18.55,18.5,18.75,18.5,-0.05,-1,213187,146,3957447
2016-09-13,18.6,18.35,18.75,18.35,-0.15,-1,237207,137,4383037
2016-09-14,18.4,18.2,18.5,18.15,-0.15,-1,252000,150,4605800
2016-09-19,18.5,18.35,18.5,18.3,0.15,1,1115276,158,20472422
2016-09-20,18.35,18.2,18.4,18.2,-0.15,-1,294476,193,5385037
2016-09-21,18.3,18.3,18.4,18.2,0.1,1,862613,206,15792566
2016-09-22,18.4,18.15,18.45,18.15,-0.15,-1,267159,157,4882727
2016-09-23,18.45,18.4,18.8,18.3,0.25,1,1104503,550,20473579
2016-09-26,18.4,18.15,18.5,18.15,-0.25,-1,320665,194,5861485
2016-09-29,18.2,18.2,18.3,18.2,0.05,1,215826,125,3934491
2016-09-30,18.2,18.05,18.3,18.05,-0.15,-1,183292,117,3322533
2016-10-03,18.2,18.0,18.3,18.0,-0.05,-1,230017,157,4157503
2016-10-04,18.1,17.85,18.2,17.8,-0.15,-1,391875,234,7030150
2016-10-05,18.2,18.1,18.35,18.05,0.25,1,617322,267,11226062
2016-10-06,18.2,18.05,18.2,17.9,-0.05,-1,293968,181,5290124
2016-10-07,17.9,17.85,18.1,17.75,-0.2,-1,351191,192,6271395
2016-10-11,17.85,17.05,17.9,16.6,-0.8,-1,666403,380,11435309
2016-10-12,17.4,17.1,17.4,16.95,0.05,1,404876,210,6898792
2016-10-13,17.1,16.75,17.2,16.6,-0.35,-1,643124,315,10806703
2016-10-14,16.9,16.1,16.9,16.05,-0.65,-1,1170362,526,19033510
2016-10-17,16.25,16.35,16.5,16.25,0.25,1,463386,306,7579788
2016-10-18,16.35,16.05,16.35,16.05,-0.3,-1,448464,240,7233278
2016-10-19,16.4,16.1,16.4,16.1,0.05,1,446861,250,7232766
2016-10-20,16.2,16.2,16.25,16.05,0.1,1,337744,195,5457225
2016-10-21,16.25,16.15,16.25,16.05,-0.05,-1,342200,169,5519267
2016-10-24,16.15,16.5,16.5,16.15,0.35,1,709553,423,11636595
2016-10-25,16.5,16.25,16.5,16.15,-0.25,-1,468073,243,7608482
2016-10-26,16.25,16.2,16.25,16.05,-0.05,-1,382607,207,6176371
2016-10-27,16.4,16.8,17.1,16.35,0.6,1,2110585,1223,35458827
2016-10-28,17.1,16.5,17.2,16.5,-0.3,-1,1000506,575,16882972
2016-10-31,16.55,16.35,16.7,16.3,-0.15,-1,298334,175,4903508
2016-11-01,16.45,16.05,16.45,16.0,-0.3,-1,567523,299,9147118
2016-11-02,16.0,15.45,16.0,15.35,-0.6,-1,838522,462,13125037
2016-11-03,15.45,14.95,15.6,14.9,-0.5,-1,822000,368,12427250
2016-11-04,15.05,15.0,15.3,15.0,0.05,1,454864,259,6871218
2016-11-07,15.25,15.0,15.3,15.0,0.0,0,449322,224,6776280
2016-11-08,15.2,15.1,15.3,14.8,0.1,1,373586,184,5622569
2016-11-09,15.1,13.95,15.3,13.8,-1.15,-1,1326888,550,19131261
2016-11-10,14.4,14.8,14.9,14.4,0.85,1,744122,422,10949792
2016-11-11,14.75,14.25,14.75,14.25,-0.55,-1,704205,346,10135769
2016-11-14,14.25,14.05,14.3,14.05,-0.2,-1,408736,222,5775240
2016-11-15,14.05,14.05,14.2,14.0,0.0,0,272000,142,3836700
2016-11-16,14.2,14.0,14.25,14.0,-0.05,-1,307006,167,4322134
2016-11-17,14.05,13.55,14.05,13.5,-0.45,-1,893871,371,12209597
2016-11-18,14.2,14.9,14.9,14.2,1.35,1,3575088,1606,52655259
2016-11-21,15.4,15.5,15.65,15.15,0.6,1,3463430,1636,53332214
2016-11-22,15.6,15.3,15.7,15.25,-0.2,-1,1113010,586,17168654
2016-11-23,15.3,15.85,16.0,15.25,0.55,1,1789013,890,28040853
2016-11-24,15.7,16.1,16.3,15.7,0.25,1,1496059,773,24128049
2016-11-25,16.0,16.1,16.55,16.0,0.0,0,1053102,551,17075236
2016-11-28,16.1,15.7,16.25,15.7,-0.4,-1,635844,332,10086750
2016-11-29,15.65,15.95,16.2,15.65,0.25,1,691132,353,10980175
2016-11-30,16.15,16.1,16.45,16.05,0.15,1,682665,373,11071472
2016-12-01,17.7,17.7,17.7,17.7,1.6,1,3489241,1021,61759563
2016-12-02,17.7,17.8,18.3,17.7,0.1,1,11403238,4577,204914021
2016-12-05,17.85,18.2,18.25,17.45,0.4,1,4024099,1636,72194390
2016-12-06,18.2,17.45,18.75,17.45,-0.75,-1,3521553,1598,63224298
2016-12-07,17.6,17.25,17.7,17.15,-0.2,-1,1611538,768,28053603
2016-12-08,17.35,17.25,17.5,16.9,0.0,0,3967410,1272,68708631
2016-12-09,17.15,17.2,17.65,17.1,-0.05,-1,2313030,991,40209469
2016-12-12,17.25,16.9,17.4,16.9,-0.3,-1,711820,396,12175815
2016-12-13,16.85,16.75,17.05,16.65,-0.15,-1,753386,425,12688565
2016-12-14,16.9,16.7,17.0,16.7,-0.05,-1,431105,261,7258347
2016-12-15,16.8,16.7,16.8,16.6,0.0,0,378919,247,6325449
2016-12-16,16.85,17.3,17.6,16.85,0.6,1,2548480,1227,44108404
2016-12-19,17.3,16.7,17.3,16.7,-0.6,-1,1066635,612,18057921
2016-12-20,16.7,16.7,16.9,16.5,0.0,0,627001,344,10425266
2016-12-21,16.8,17.05,17.2,16.65,0.35,1,1193262,722,20249189
2016-12-22,17.25,16.7,17.35,16.7,-0.35,-1,1374000,741,23468600
2016-12-23,16.85,16.75,17.05,16.75,0.05,1,552712,355,9344090
2016-12-26,16.8,16.7,16.9,16.6,-0.05,-1,223098,159,3730875
2016-12-27,17.0,17.15,17.5,16.95,0.45,1,2615122,1268,45181885
2016-12-28,17.3,17.0,17.3,17.0,-0.15,-1,597374,335,10202388
2016-12-29,17.1,17.05,17.4,17.0,0.05,1,655372,343,11265948
2016-12-30,17.2,17.1,17.45,17.0,0.05,1,1243034,588,21414230
2017-01-03,17.25,16.95,17.25,16.95,-0.15,-1,464322,221,7900757
2017-01-04,17.0,16.85,17.2,16.85,-0.1,-1,645906,311,10983019
2017-01-05,17.0,16.9,17.1,16.85,0.05,1,847200,391,14365458
2017-01-06,17.0,17.0,17.05,16.85,0.1,1,473208,217,8021424
2017-01-09,17.1,16.75,17.1,16.7,-0.25,-1,499170,193,8393629
2017-01-10,16.75,16.7,16.95,16.7,-0.05,-1,310000,127,5192350
2017-01-11,16.75,16.6,16.8,16.5,-0.1,-1,489534,206,8141713
2017-01-12,16.5,16.6,16.7,16.5,0.0,0,249282,155,4130416
2017-01-13,16.5,16.35,16.6,16.35,-0.25,-1,468000,241,7678650
2017-01-16,16.35,16.25,16.5,16.25,-0.1,-1,362292,122,5908395
2017-01-17,16.25,16.4,16.6,16.1,0.15,1,924968,346,15132126
2017-01-18,16.45,16.4,16.6,16.3,0.0,0,357957,208,5902996
2017-01-19,16.5,16.35,16.55,16.3,-0.05,-1,258009,146,4230947
2017-01-20,16.35,16.45,16.6,16.35,0.1,1,289482,151,4776504
2017-01-23,16.5,16.5,16.65,16.5,0.05,1,365500,187,6058900
2017-01-24,16.75,16.35,16.75,16.35,-0.15,-1,343523,161,5657851
2017-02-02,16.5,16.3,16.5,16.2,-0.05,-1,327600,171,5352530
2017-02-03,16.6,17.2,17.25,16.5,0.9,1,2425890,1093,41253717
2017-02-06,17.25,17.05,17.25,16.95,-0.15,-1,701000,359,11972698
2017-02-07,17.0,16.95,17.2,16.95,-0.1,-1,367769,215,6265682
2017-02-08,17.1,17.05,17.4,17.0,0.1,1,855292,497,14716641
2017-02-09,17.05,16.9,17.1,16.9,-0.15,-1,392004,218,6651067
2017-02-10,17.2,16.8,17.2,16.8,-0.1,-1,401571,223,6807912
2017-02-13,16.9,16.95,17.3,16.9,0.15,1,945727,485,16235983
2017-02-14,17.1,16.95,17.2,16.9,0.0,0,494373,263,8414203
2017-02-15,17.05,17.4,17.65,17.05,0.45,1,2703694,1104,47073521
2017-02-16,17.6,17.35,17.6,17.25,-0.05,-1,894430,432,15560864
2017-02-17,17.5,17.65,17.85,17.35,0.3,1,2097312,993,36968853
2017-02-18,17.65,17.4,17.7,17.4,-0.25,-1,953150,465,16719831
2017-02-20,17.75,17.6,18.45,17.6,0.2,1,2993036,1442,53946981
2017-02-21,17.7,17.35,17.7,17.2,-0.25,-1,660231,370,11479606
2017-02-22,17.4,17.2,17.6,17.2,-0.15,-1,464638,242,8063921
2017-02-23,17.45,17.15,17.45,17.15,-0.05,-1,361158,216,6230000
2017-02-24,17.3,17.1,17.35,17.1,-0.05,-1,381826,225,6548033
2017-03-01,16.1,15.5,16.15,15.45,-1.6,-1,2677063,1279,42124935
2017-03-02,15.9,15.8,15.95,15.65,0.3,1,814154,469,12881333
2017-03-03,15.85,16.0,16.15,15.8,0.2,1,620194,342,9912442
2017-03-06,16.1,16.15,16.3,16.0,0.15,1,348345,195,5610952
2017-03-07,16.2,16.25,16.6,16.15,0.1,1,1046322,513,17171615
2017-03-08,16.25,16.15,16.4,16.15,-0.1,-1,317050,167,5137115
2017-03-09,16.2,16.15,16.35,16.0,0.0,0,273669,175,4413068
2017-03-10,16.15,16.05,16.25,16.0,-0.1,-1,273002,130,4386282
2017-03-13,16.2,15.95,16.2,15.95,-0.1,-1,257183,129,4119316
2017-03-14,16.0,16.1,16.15,15.95,0.15,1,345698,158,5545037
2017-03-15,16.2,15.95,16.2,15.95,-0.15,-1,382460,144,6134337
2017-03-16,16.0,15.9,16.1,15.9,-0.05,-1,191030,113,3052377
2017-03-17,15.9,15.85,16.0,15.85,-0.05,-1,371185,192,5910971
2017-03-20,15.9,16.0,16.05,15.85,0.15,1,270000,141,4308400
2017-03-21,15.95,15.8,16.05,15.8,-0.2,-1,447540,148,7092180
2017-03-22,15.8,15.8,15.9,15.65,0.0,0,218678,134,3453963
2017-03-23,15.9,15.85,15.95,15.8,0.05,1,222517,105,3527418
2017-03-24,15.85,16.0,16.35,15.85,0.15,1,1221659,435,19741627
2017-03-27,16.0,15.6,16.05,15.6,-0.4,-1,244768,151,3878479
2017-03-28,15.6,15.6,15.85,15.4,0.0,0,513451,248,7996236
2017-03-29,15.8,15.6,15.8,15.45,0.0,0,225451,160,3511060
2017-03-30,15.6,15.9,15.95,15.6,0.3,1,470816,233,7437384
2017-03-31,15.85,15.7,16.0,15.7,-0.2,-1,219421,155,3472934
2017-04-05,15.75,15.8,16.0,15.65,0.1,1,209950,141,3314502
2017-04-06,15.7,15.55,15.8,15.55,-0.25,-1,275774,168,4315397
2017-04-07,15.55,15.55,15.8,15.55,0.0,0,264635,141,4132251
2017-04-10,15.7,15.5,15.7,15.45,-0.05,-1,178788,100,2779271
2017-04-11,15.5,15.0,15.5,15.0,-0.5,-1,457513,243,6976618
2017-04-12,15.0,14.9,15.15,14.8,-0.1,-1,349136,172,5207862
2017-04-13,14.8,15.1,15.45,14.8,0.2,1,568859,357,8659627
2017-04-14,15.25,14.8,15.25,14.8,-0.3,-1,328706,172,4892048
2017-04-17,14.8,14.1,14.8,13.8,-0.7,-1,698100,342,9908870
2017-04-18,14.35,14.0,14.35,14.0,-0.1,-1,673200,286,9490150
2017-04-19,13.9,13.65,14.0,13.65,-0.35,-1,485101,243,6695636
2017-04-20,13.8,13.9,13.95,13.75,0.25,1,343715,220,4765766
2017-04-21,14.1,13.8,14.25,13.8,-0.1,-1,446009,246,6219023
2017-04-24,13.85,13.6,13.85,13.55,-0.2,-1,289055,148,3943400
2017-04-25,13.65,13.65,13.75,13.6,0.05,1,293814,139,4011569
2017-04-26,13.75,13.7,14.05,13.7,0.05,1,477459,252,6635082
2017-04-27,13.95,13.95,14.0,13.8,0.25,1,368212,162,5134695
2017-04-28,14.1,13.95,14.1,13.9,0.0,0,233965,147,3279710
2017-05-02,13.8,13.8,14.1,13.8,-0.15,-1,226316,146,3138758
2017-05-03,13.85,13.7,13.95,13.7,-0.1,-1,168000,97,2316650
2017-05-04,13.85,14.0,14.0,13.8,0.3,1,193154,126,2692440
2017-05-05,14.0,13.9,14.2,13.8,-0.1,-1,234993,157,3285399
2017-05-08,14.0,13.75,14.05,13.75,-0.15,-1,125308,81,1736067
2017-05-09,13.95,13.35,13.95,13.1,-0.4,-1,440045,265,5872897
2017-05-10,13.6,13.4,13.6,13.35,0.05,1,259132,132,3476649
2017-05-11,13.45,13.45,13.55,13.35,0.05,1,312386,138,4198870
2017-05-12,13.45,13.7,13.8,13.45,0.25,1,327492,165,4464539
2017-05-15,13.7,14.05,14.25,13.7,0.35,1,489050,274,6893107
2017-05-16,14.1,13.9,14.2,13.8,-0.15,-1,260018,144,3628500
2017-05-17,13.8,13.65,13.95,13.55,-0.25,-1,270322,150,3694045
2017-05-18,13.55,13.6,13.6,13.45,-0.05,-1,171077,102,2315693
2017-05-19,13.6,13.65,13.75,13.6,0.05,1,127003,79,1736740
2017-05-22,13.6,13.55,13.75,13.55,-0.1,-1,87192,70,1184841
2017-05-23,13.7,13.85,13.85,13.7,0.3,1,321275,162,4426393
2017-05-24,13.9,14.0,14.0,13.75,0.15,1,219718,123,3058127
2017-05-25,14.05,13.9,14.15,13.85,-0.1,-1,289935,153,4055140
2017-05-26,13.85,13.9,14.05,13.85,0.0,0,223800,110,3119769
2017-05-31,13.95,13.7,14.0,13.7,-0.2,-1,207032,109,2853133
2017-06-01,13.75,13.6,13.8,13.4,-0.1,-1,377465,193,5119450
2017-06-02,13.7,13.85,13.9,13.6,0.25,1,581500,289,8041825
2017-06-03,13.85,13.85,13.9,13.65,0.0,0,326214,139,4490452
2017-06-05,13.9,13.95,13.95,13.8,0.1,1,326500,166,4530973
